name,cuisine,DietaryRestrictions,latitude,longitude,phone,rating
"Absolute Barbecues - Marathahalli, Bengaluru",Indian Barbecue Asian      ,Vegetarian Friendly Vegan Options Halal Gluten Free Options,12.949864,77.69931,+91 73373 36712,4.5
Cuppa Redefined - HSR,American Cafe       ,Vegetarian Friendly Vegan Options  ,13.007294,77.570076,+91 91081 64894,5
Bharjari Oota,Indian        ,Vegetarian Friendly Vegan Options  ,12.94486,77.57205,+91 98801 41967,4
The Big Barbeque,Italian Chinese Indian Mediterranean Barbecue Asian   ,Vegetarian Friendly   ,12.948556,77.69852,+91 98214 58233,4.5
Savoury Restaurant,Indian Asian Middle Eastern Arabic     ,Vegetarian Friendly Halal  ,12.999533,77.61585,+91 94494 42222,4
"Rajdhani Thali Restaurant, Bannerghatta Road, Bangalore",Indian        ,Vegetarian Friendly Vegan Options  ,12.85898,77.56951,+91 80670 80088,4
The Black Rabbit,Bar European Pub      ,Vegetarian Friendly Vegan Options  ,12.89501,77.58188,+91 80 4241 5575,4
Blr Brewing Co. - Electronic City,Italian Indian Brew Pub Bar Barbecue Asian Pub  ,Vegan Options   ,12.840307,77.65356,+91 63669 60335,4.5
Chinita Real Mexican Food,Mexican        ,Vegetarian Friendly Vegan Options Gluten Free Options ,12.980944,77.637215,+91 96865 51896,4.5
Bheema's,Indian        ,Vegetarian Friendly Vegan Options  ,12.975288,77.60364,+91 80 4112 2535,4
Iron Hill Bengaluru,Brew Pub Pub Dining bars      ,   ,12.952731,77.69819,,4.5
Cafe Noir,French Cafe European      ,Vegetarian Friendly Vegan Options Gluten Free Options ,12.971997,77.59595,+91 80 4098 2050,4
Melange,Indian Asian       ,Vegetarian Friendly Vegan Options Gluten Free Options ,12.950342,77.69829,+91 80670 76909,4.5
The Merak Brewhouse,        ,   ,12.97118,77.59769,+91 88846 75454,5
Social Whitefield,Bar Asian Pub      ,   ,12.997407,77.696335,+91 80 4962 6661,3.5
Food Street / Thindi Bheedi,Indian Fast Food Healthy      ,Vegetarian Friendly Vegan Options  ,12.951469,77.57745,+91 74111 22233,4
Ebony Restaurant,Indian Asian       ,Vegetarian Friendly Vegan Options Gluten Free Options ,12.975222,77.60513,+91 80 4178 3344,4
Vanamo,Cafe International Mediterranean European Healthy    ,   ,12.969271,77.64158,090082 66669,5
The Lantern,Chinese Asian Cantonese Szechuan Shanghai Hong Kong   ,Vegetarian Friendly Vegan Options Gluten Free Options ,12.968014,77.60145,+91 80 4914 8000,4.5
Arbor Brewing Company - Brewpub & Eatery,American Bar Pub Gastropub     ,Vegetarian Friendly Vegan Options Gluten Free Options ,12.970209,77.610825,80-67921222-0,4
Bistro Claytopia,American Cafe       ,Vegetarian Friendly   ,12.925585,77.63349,+91 95387 06203,4
Wabi Sabi,Chinese Japanese Sushi Asian Shanghai    ,Vegetarian Friendly Vegan Options  ,12.973068,77.61802,+91 80 2558 5858,5
7rivers Brewing Co,Italian Chinese Indian Brew Pub Bar Contemporary   ,Vegetarian Friendly   ,12.97326,77.61967,+91 80666 04333,5
"Oia, Hennur Main Road, Airport road",Italian Indian Pub Gastropub     ,   ,13.073504,77.651085,+91 96060 31145,3.5
Mamagoto,Chinese Asian Thai Szechuan Singaporean Shanghai Hong Kong  ,Vegetarian Friendly Vegan Options  ,12.970122,77.63923,+91 80 4093 7237,4
Kapoor's Cafe,Indian Asian       ,Vegetarian Friendly Vegan Options  ,12.956111,77.72001,+91 97392 67702,4
Rajdhani Thali,Indian        ,Vegetarian Friendly Vegan Options  ,13.011042,77.55502,+91 80 2268 2092,4
Eden Park Bar And Restaurant,Indian        ,Vegetarian Friendly Vegan Options  ,12.983494,77.59871,+91 80 2286 1100,4
Shao,Chinese Asian Thai Cantonese Szechuan Shanghai Hong Kong  ,Vegetarian Friendly Vegan Options Gluten Free Options ,12.950286,77.69859,+91 80670 76909,4.5
The Grill House,American Steakhouse Bar International Barbecue Pub   ,Vegetarian Friendly   ,12.975105,77.62,+91 80 4097 7011,4
Eshanya,Indian Asian       ,Vegetarian Friendly Vegan Options Gluten Free Options ,12.923056,77.59321,+91 80 2653 1155,4
Toscano,Italian Pizza European      ,Vegetarian Friendly Vegan Options Gluten Free Options ,12.971995,77.59605,+91 80 4173 8800,4
1947 Restaurant,Indian Asian       ,Vegetarian Friendly Vegan Options  ,12.922704,77.556435,+91 97399 89446,4
China Pearl,Chinese Asian Cantonese Szechuan Shanghai Hong Kong   ,Vegetarian Friendly   ,12.936072,77.6214,+91 80 4110 5060,4
Yauatcha,Chinese Asian Cantonese Shanghai Hong Kong    ,Vegetarian Friendly Vegan Options Gluten Free Options ,12.973019,77.62044,+91 97314 96901,4.5
Sattvam,Indian Asian       ,Vegetarian Friendly Vegan Options  ,12.906231,77.58687,+91 80 2659 5000,4
Udupi Sri Krishna Bhavan,Indian        ,Vegetarian Friendly Vegan Options  ,12.946071,77.5704,+91 80 2667 6565,4
Mynt,Italian Indian International Mediterranean Asian    ,Vegetarian Friendly Vegan Options Gluten Free Options ,12.98679,77.737434,+91 80673 43058,4
Zaitoon,Indian Barbecue Middle Eastern      ,Vegetarian Friendly Halal  ,12.959722,77.64699,+91 80 4148 2777,4
Zen,Chinese Japanese Sushi Asian Thai Cantonese Szechuan Shanghai Hong Kong,Vegetarian Friendly Vegan Options Halal Gluten Free Options,12.961097,77.64892,+91 80 3057 1520,4.5
1522 - The Pub,Indian Bar Pub      ,Vegetarian Friendly Vegan Options  ,13.032792,77.569305,+91 80 4965 2895,4
Europa 360,Steakhouse        ,   ,12.950527,77.6984,+91 80670 76909,4.5
Herbs & Spices,Indian Diner       ,Vegetarian Friendly Vegan Options  ,12.968172,77.75077,+91 80 2845 2803,4
Sarjapur Social,Indian Bar International Asian Pub    ,   ,12.909862,77.68558,+91 91520 17988,4
JW Kitchen,Indian International Asian      ,Vegetarian Friendly Vegan Options Gluten Free Options ,12.972428,77.5947,+91 88844 94037,4.5
Nagarjuna Restaurant,Indian Asian       ,Vegetarian Friendly Vegan Options  ,12.91565,77.59999,+91 80 4280 0900,4
Edo - Japanese Restaurant and Bar,Seafood Sushi Asian      ,Vegetarian Friendly Vegan Options Gluten Free Options ,12.967054,77.596115,+91 80 2211 9898,4.5
9th Mile Dhaba,Indian        ,Vegetarian Friendly Vegan Options  ,13.086517,77.5912,+91 80 2856 0668,4
1947,Indian Asian       ,Vegetarian Friendly Vegan Options  ,13.00573,77.569084,+91 80 4131 4321,3.5
Dum Pukht,Indian        ,Vegetarian Friendly Vegan Options Halal Gluten Free Options,12.993986,77.586426,+91 80 6140 2610,5
Big Pitcher,Brew Pub Bar International Barbecue European    ,Vegetarian Friendly Vegan Options Gluten Free Options ,12.96015,77.64693,+91 95909 05000,4
The White Room,Cafe European British      ,Vegetarian Friendly Vegan Options  ,12.975217,77.60323,+91 80 4965 3525,4
The London Curry House,Chinese Indian       ,Vegetarian Friendly Vegan Options  ,12.985436,77.5792,+91 77097 55188,4
Taiki,Japanese Sushi Asian Thai Korean    ,Vegetarian Friendly Vegan Options  ,12.976917,77.640755,+91 80 4370 3820,4.5
The Punjabi Rasoi,Indian Asian       ,Vegetarian Friendly Vegan Options  ,12.90836,77.63803,+91 80 2572 0999,4
Gramin,Indian Asian       ,Vegetarian Friendly Vegan Options  ,12.934721,77.61324,+91 80 4110 4104,4
URU Brewpark,Indian Brew Pub Bar Asian     ,Vegetarian Friendly Vegan Options  ,12.88998,77.59776,+91 63663 85623,3.5
Sattvam,Indian Asian       ,Vegetarian Friendly Vegan Options Gluten Free Options ,13.005726,77.58063,+91 80 2360 8000,4
Mainland China,Chinese Asian Cantonese Szechuan Shanghai Hong Kong   ,Vegetarian Friendly Vegan Options  ,12.975238,77.60349,+91 80 2559 7722,4
Jalpaan Restaurant,Indian International Asian      ,Vegetarian Friendly Vegan Options  ,12.925232,77.57712,+91 80 2676 1992,4
Church Street Social,Indian Bar International      ,Vegetarian Friendly Vegan Options  ,12.975693,77.60273,+91 80 4051 5253,4
Nagarjuna,Indian Asian       ,Vegetarian Friendly Vegan Options Halal ,12.973171,77.60925,+91 80 4280 0900,4
Phobidden Fruit,Vietnamese        ,Vegetarian Friendly Vegan Options  ,12.970047,77.63961,+91 80 4125 5175,4
Bene,Italian Pizza Mediterranean European     ,Vegetarian Friendly Vegan Options Gluten Free Options ,13.012473,77.55547,+91 80 4252 0166,4.5
Rajdhani,Indian Asian       ,Vegetarian Friendly Vegan Options Gluten Free Options ,12.97116,77.59769,+91 80 2266 7345,4
Millers 46,American Steakhouse       ,Vegetarian Friendly   ,12.991574,77.59416,+91 80 4113 1746,4
Kamat Lokaruchi,Indian Asian       ,Vegetarian Friendly Vegan Options Gluten Free Options ,12.700336,77.25161,+91 90085 55933,4
The Druid Garden,Indian Brew Pub Bar International     ,Vegetarian Friendly Vegan Options Gluten Free Options ,13.063616,77.59127,+91 80 4677 7777,4.5
Dakshin,Indian        ,Vegetarian Friendly Vegan Options Gluten Free Options ,12.994166,77.58559,+91 80 6140 1223,5
Caraway Kitchen,American Indian Seafood European Asian    ,Vegetarian Friendly Vegan Options Gluten Free Options ,12.975461,77.620766,+91 80 2214 4444,5
The Hebbal Cafe,Indian Cafe Asian      ,Vegetarian Friendly Vegan Options  ,13.04204,77.61334,+91 80 6122 6777,4.5
Feast,Indian Bar International Asian     ,Vegetarian Friendly Vegan Options Gluten Free Options ,13.012422,77.55477,+91 80 4252 0133,4.5
Kappa Chakka Kandhari,Indian Asian       ,Vegetarian Friendly Vegan Options  ,12.940622,77.62348,+(91)6364671010,4.5
Caprese,Italian European       ,Vegetarian Friendly Vegan Options Gluten Free Options ,12.992222,77.588394,+91 80 4512 6460,5
Citrus at the Leela Palace Bangalore,Indian International       ,Vegetarian Friendly Vegan Options Halal Gluten Free Options,12.960232,77.64854,+91 80 3757 1340,4.5
M Cafe,Indian International Asian      ,Vegetarian Friendly Vegan Options Halal Gluten Free Options,12.979564,77.72826,+91 80 4943 5000,4.5
Yataii,Japanese Sushi Asian      ,Vegetarian Friendly Vegan Options Gluten Free Options ,12.991961,77.588104,+91 80 4512 6450,5
The Creek,Indian Bar International Grill     ,Vegetarian Friendly Vegan Options Halal Gluten Free Options,12.987164,77.73316,+91 8071 117 272,5
Sultans of Spice,Indian Asian Afghan      ,Vegetarian Friendly Vegan Options Halal ,12.933427,77.61513,+91 80 4343 1800,4
Tamarind,Indian        ,Vegetarian Friendly Vegan Options Gluten Free Options ,13.197349,77.711105,+91 80660 03300,5
Mahesh Lunch Home,Indian Seafood Asian      ,Vegetarian Friendly   ,12.96575,77.641785,+91 80 4131 1102,3.5
Kesariya,Indian Asian       ,Vegetarian Friendly Vegan Options Gluten Free Options ,12.906417,77.58967,+91 80 2659 0800,4
The Permit Room,Indian Bar Pub      ,Vegetarian Friendly Vegan Options Gluten Free Options ,12.9703,77.61039,+91 90191 13388,4.5
Machan,        ,Vegetarian Friendly   ,12.984181,77.5845,+91 80666 05660,5
Le Cirque Signature,Italian French European      ,Vegetarian Friendly Vegan Options Gluten Free Options ,12.960796,77.648476,+91 80 3057 1540,5
Mangalore Pearl,Indian Seafood Asian      ,Vegetarian Friendly   ,12.993555,77.61831,+91 80 4370 8770,4
Rajdhani Thali,Indian Asian       ,Vegetarian Friendly Vegan Options Gluten Free Options ,12.963801,77.641624,+91 80 4757 1910,4
Ironhill Brewery,Indian Bar Pub      ,Vegetarian Friendly Vegan Options  ,13.041738,77.54668,+91 96060 44623,4
Shri Sagar (C.T.R),Indian Healthy       ,Vegetarian Friendly Vegan Options  ,12.998065,77.56961,+91 80 2331 7531,4.5
Chianti Indiranagar,Italian Pizza European Wine Bar     ,Vegetarian Friendly Vegan Options  ,12.970125,77.64032,+91 80 4126 5000,4.5
The Kabab Studio,Indian Barbecue Asian      ,Vegetarian Friendly Halal  ,12.985362,77.57953,+91 80 4129 1300,4
Hoot,Indian Brew Pub Bar Asian Pub Fusion   ,Vegetarian Friendly   ,12.914151,77.678604,+91 80 3047 4545,4
Shivaji Military Hotel,Indian Asian       ,Halal   ,12.917907,77.57396,+91 98451 49217,4
The Only Place,American Steakhouse European      ,Vegetarian Friendly   ,12.973319,77.60353,+91 99860 11112,4
Memories Of China,Chinese Asian Cantonese Szechuan Shanghai Hong Kong   ,Vegetarian Friendly Vegan Options Gluten Free Options ,12.973274,77.61973,+91 80666 04444,4.5
One Atria Cafe,Indian International       ,Vegetarian Friendly Vegan Options Gluten Free Options ,12.979885,77.5863,+91 80 2220 5205,5
Hakuna Matata,Indian Bar Asian      ,Vegetarian Friendly Vegan Options  ,12.894083,77.586624,+91 90086 82926,4
Koshy's Bar & Restaurant,Indian Bar International      ,Vegetarian Friendly   ,12.975746,77.601494,+91 80 4149 6575,4
Ssaffron,Indian        ,Vegetarian Friendly Vegan Options Halal Gluten Free Options,12.991831,77.588005,+91 80 6916 6100,5
Spice Terrace,Indian Asian       ,Vegetarian Friendly Vegan Options Halal Gluten Free Options,12.972126,77.595024,+91 88846 75454,5
High Ultra Lounge,Bar Pub       ,Vegetarian Friendly Vegan Options Gluten Free Options ,13.012285,77.55617,+91 80-9686943311,4
The Persian Terrace,Lebanese Mediterranean Middle Eastern Persian     ,Vegetarian Friendly Vegan Options Halal Gluten Free Options,13.012322,77.555275,+91 80 4252 1000,4.5
Subz,Indian Asian       ,Vegetarian Friendly Vegan Options  ,12.93274,77.58712,+91 80 2244 3006,4
The Rogue Elephant,Mediterranean        ,Vegetarian Friendly Vegan Options  ,12.941575,77.5772,+91 98456 64681,4.5
Lotus Pavilion,Bar International Healthy      ,Vegetarian Friendly Vegan Options Gluten Free Options ,12.966944,77.59611,+91 80 2211 9898,5
Truffles,American Cafe Fast Food      ,Vegetarian Friendly Vegan Options Gluten Free Options ,12.933545,77.61432,+91 80 4146 6565,4.5
"Barbeque Nation - Indiranagar, Bangalore",Indian Barbecue Asian      ,Vegetarian Friendly Vegan Options Halal Gluten Free Options,12.962763,77.64131,+91 80 6902 8722,4.5
13th Floor Lounge Bar,Indian Bar Asian Thai     ,Vegetarian Friendly Vegan Options  ,12.975408,77.605125,+91 80 4178 3333,4
Imli Cafe and restaurant,Chinese Indian Asian      ,Vegetarian Friendly Vegan Options  ,12.979832,77.63963,+91 80 4094 9464,4
Communiti,Bar Pub       ,Vegetarian Friendly Gluten Free Options  ,12.972427,77.608246,+91 93421 58585,4.5
Champaca Cafe,African Cafe European Asian Contemporary Ethiopian   ,   ,12.98926,77.59912,+91 93536 08989,4.5
Maiyas Restaurants Pivate Limited,Indian Asian       ,Vegetarian Friendly Vegan Options Gluten Free Options ,12.92872,77.58136,+91 80 4341 4400,4
Echo Lounge Bar,Indian Bar Pizza International Wine Bar    ,   ,12.936511,77.6933,+91 97391 63630,5
Gufha,Indian        ,Vegetarian Friendly Vegan Options  ,12.92742,77.58047,+91 99809 09053,4
Bombay Brasserie,Indian Bar Grill Pub Dining bars    ,Vegetarian Friendly Vegan Options  ,12.970281,77.64583,+91 80 4147 1004,4
Vidyarthi Bhavan,Indian Asian Healthy      ,Vegetarian Friendly Vegan Options  ,12.945134,77.57142,+91 80 2667 7588,4
MTR - Mavalli Tiffin Rooms,Indian        ,Vegetarian Friendly Vegan Options Gluten Free Options ,12.830622,77.513275,+91 80 2223 0471,4
Cubbon Pavilion,International European Healthy      ,Vegetarian Friendly Vegan Options Halal Gluten Free Options,12.967024,77.59581,+91 80 2211 9898,5
Shang Palace,Chinese Asian Cantonese Szechuan Shanghai Hong Kong   ,Vegetarian Friendly Vegan Options Halal Gluten Free Options,12.991676,77.588264,+91 80 4512 6440,4.5
The Raj Pavilion,Indian International Asian Healthy     ,Vegetarian Friendly Vegan Options Halal Gluten Free Options,12.994106,77.58553,+91 80 6140 1224,5
Byg Brewski Brewing Company,Brew Pub        ,Vegetarian Friendly Vegan Options Gluten Free Options ,12.913129,77.683205,+91 70224 17971,4.5
Long Boat Brewing Co,American Indian Barbecue Asian Beer restaurants    ,   ,12.951855,77.70041,+91 80 4736 0054,4.5
The Black Pearl,Indian Barbecue Asian      ,Vegetarian Friendly Vegan Options Halal Gluten Free Options,12.93928,77.69478,+91 80 2552 0808,4
Shiro Bengaluru,Japanese Sushi Asian Shanghai     ,Vegetarian Friendly Vegan Options Gluten Free Options ,12.97166,77.59598,+91 98332 52772,4.5
Cinnamon,Cafe Deli       ,Vegetarian Friendly Vegan Options  ,12.98422,77.57657,+91 80 4163 4220,5
Lush,American Indian International Asian Afghan    ,Vegetarian Friendly Vegan Options Gluten Free Options ,12.984373,77.57647,+91 95139 44520,5
Kebabs & Kurries,Indian        ,Vegetarian Friendly Vegan Options Halal Gluten Free Options,12.967345,77.59569,+91 80 2211 9898,5
Tiamo,Italian Bar Pizza Mediterranean     ,Vegetarian Friendly Vegan Options Gluten Free Options ,12.975491,77.62057,+91 80 2214 4444,5
Byg Brewski Brewing Company,Mexican American Indian Brew Pub Bar International Asian Pub ,Vegetarian Friendly Vegan Options Gluten Free Options ,13.07083,77.65186,+91 97402 25600,5
Loya,Indian        ,Vegetarian Friendly Vegan Options Gluten Free Options ,12.984524,77.58458,+91 80666 05660,5
Dyu Art Cafe,Cafe        ,Vegetarian Friendly Vegan Options  ,12.937332,77.61756,+91 98956 74244,4
Nook,Indian Asian       ,Vegetarian Friendly Vegan Options Gluten Free Options ,12.937097,77.69514,+91 88844 52271,5
Time Traveller,Indian International Asian      ,Vegetarian Friendly Vegan Options Gluten Free Options ,12.824636,77.68114,+91 80 4040 0400,5
Little Italy,Italian Pizza       ,Vegetarian Friendly Vegan Options  ,12.966362,77.641556,+91 80 2520 7171,4
Hotel Nalapaka,Indian        ,Vegetarian Friendly Vegan Options  ,12.998421,77.55229,+91 99801 46601,4
Buff Buffet Buff,Indian International Asian      ,Vegetarian Friendly Vegan Options  ,12.933363,77.61518,+91 80 4343 1888,4
Airlines Hotel Restaurant,Indian        ,Vegetarian Friendly Vegan Options  ,12.972922,77.59982,+91 80 2227 3783,3.5
Skyye Lounge,American Bar Contemporary Pub     ,Vegetarian Friendly   ,12.971442,77.596504,+91 77608 88899,4
A2B - Adyar Ananda Bhavan,Indian Fast Food Asian      ,Vegetarian Friendly Vegan Options  ,12.954451,77.59311,+91 73388 15533,3.5
Library Bar,Bar Wine Bar       ,Vegetarian Friendly   ,12.961325,77.648544,+91 80 2521 1234,4.5
1947,Indian Asian       ,Vegetarian Friendly   ,12.927526,77.586266,+91 90191 37294,4
Hae Kum Gang,Korean        ,Vegetarian Friendly   ,12.967877,77.607346,+91 98802 16262,4
Kari Theory,Indian Street Food       ,Vegetarian Friendly   ,12.976218,77.61949,+91 80 2558 8550,5
Highland Nectar,Bar Pub Gastropub      ,   ,12.966944,77.59583,+91 80 2211 9898,5
Village,        ,   ,12.916479,77.59223,+91 80 4210 0524,4
Limelight,Indian International       ,Vegetarian Friendly Vegan Options  ,12.957147,77.64398,+91 99029 54007,4.5
The Fat Chef,European        ,Vegetarian Friendly Vegan Options  ,12.957647,77.74087,+91 97390 08585,4
Green Theory,Italian International       ,Vegetarian Friendly Vegan Options Gluten Free Options ,12.968166,77.60272,+91 88614 35956,4
Soi & Sake,Chinese Japanese Sushi Asian     ,Vegetarian Friendly Vegan Options Gluten Free Options ,13.197151,77.71078,+91 80660 03300,4.5
Sanman,Indian        ,Vegetarian Friendly Vegan Options  ,12.98918,77.57383,+91 80 2356 2731,4.5
Dice N Dine,Pizza Cafe       ,Vegetarian Friendly   ,12.9326,77.6142,+91 80 4130 2255,4
Inchara Multi Cuisine Family Garden Bar and Restaurant,Chinese Indian International Asian     ,Vegetarian Friendly   ,12.902308,77.583916,+91 80 2244 9961,3.5
MoMo Cafe,Indian Asian       ,Vegetarian Friendly Vegan Options Gluten Free Options ,12.92798,77.68245,+91 8071 203 040,4.5
Murphy's Brewhouse,Irish Brew Pub Bar International Pub    ,Vegetarian Friendly   ,12.95361,77.63942,+91 80 4047 7777,4
Shebestan,Lebanese Middle Eastern       ,Vegetarian Friendly Vegan Options Halal Gluten Free Options,12.959572,77.64877,+91 80 4249 4949,4.5
NH7Refuel,Indian Asian       ,Vegetarian Friendly Vegan Options  ,13.261157,77.71563,+91 99452 43000,4.5
Rasta Cafe,Italian International European      ,   ,12.974352,77.60679,+91 78990 63636,4.5
La Utsav,Italian Chinese Indian Cafe Mediterranean Asian   ,Vegetarian Friendly   ,12.9928,77.66104,+91 80 6843 0000,5
Central Jail Resturent,Indian        ,   ,12.929983,77.58503,+91 73378 86666,4
Asia Alive,Indian Asian       ,Vegetarian Friendly Vegan Options  ,12.919354,77.665276,+91 80676 56565,4
Aqua,Bar Seafood Mediterranean European Pub    ,   ,12.97449,77.61102,+91 80 2559 4666,4.5
Rashtrakutas,Indian Asian       ,Vegetarian Friendly Vegan Options  ,12.91257,77.6446,+91 88844 95599,4.5
Shiv Sagar,Indian Asian       ,Vegetarian Friendly Vegan Options  ,13.00412,77.57126,+91 80 2266 7356,4.5
Connie's Steakhouse & Wine Bar,American Steakhouse European Grill Wine Bar    ,Vegetarian Friendly   ,13.015,77.63306,+91 87928 15159,4
Copper Chimney - Indiranagar,Indian        ,Vegetarian Friendly Vegan Options Halal ,12.997246,77.696266,+91 86574 10221,3.5
Arirang Korean,Asian Korean       ,   ,13.01546,77.63596,+91 80 4173 2581,4.5
Truffles,        ,Vegetarian Friendly Vegan Options  ,13.02809,77.57309,23410222,4
Zaitoon Multi Cuisine Restaurant,Chinese Indian Mediterranean Asian Middle Eastern    ,Vegetarian Friendly Vegan Options Halal ,12.902878,77.58583,+91 80 4147 7977,4
Chavadi,Indian Bar International      ,Vegetarian Friendly Vegan Options  ,12.892224,77.60253,+91 80 4965 3031,4
Olive Garden,Italian Chinese Greek      ,   ,13.02584,77.63819,+91 80 2542 9055,4
The Yogisthaan Cafe,Italian Mediterranean       ,Vegetarian Friendly Vegan Options Gluten Free Options ,12.925285,77.626076,+91 80 4091 4888,4
Street Storyss,Indian Pizza Cafe Asian Thai Street Food   ,Vegetarian Friendly Vegan Options  ,12.970239,77.63594,+91 98109 46339,4.5
Brahma Brews,American Indian Brew Pub Bar Asian    ,Vegetarian Friendly Vegan Options  ,12.893372,77.58668,+91 74831 97213,4.5
The Eatery,Indian International Asian      ,Vegetarian Friendly Vegan Options Halal Gluten Free Options,12.979388,77.75164,+91 80 4030 1212,4.5
Ji Hazoor Restaurant,Indian Asian       ,Vegetarian Friendly Halal  ,12.97608,77.726776,+91 99646 51107,3.5
Tipsy Bull - The Bar Exchange,Bar Pub       ,Vegetarian Friendly   ,12.92091,77.66485,+91 88844 42009,4
Toast and Tonic,Bar European Fusion      ,Vegetarian Friendly Vegan Options Gluten Free Options ,12.96668,77.608734,+91 80 4111 6879,4.5
Woodlands,Indian        ,   ,12.965438,77.59499,+91 80 4041 1111,3.5
Pecos Pub,Pub Gastropub       ,   ,12.973733,77.60725,+91 96868 77666,4
The Biere Club,Brew Pub International European Pub     ,Vegetarian Friendly Vegan Options  ,12.971064,77.597595,+91 99867 69776,4
"Republic of Noodles, Lemon Tree, Electronic City",Chinese Asian Thai Vietnamese Singaporean Shanghai   ,Vegetarian Friendly Vegan Options Gluten Free Options ,12.840694,77.65967,+91 96864 53394,4.5
The Hole In The Wall Cafe,American Cafe       ,Vegetarian Friendly Vegan Options Gluten Free Options ,12.934545,77.62555,+91 80 4094 9490,4.5
SOKA Cocktail Bar,Fusion        ,   ,12.988316,77.53252,+91 93530 45053,5
Misu,Chinese Japanese Sushi Thai Shanghai    ,Vegetarian Friendly Vegan Options  ,12.970628,77.60064,+91 89711 15511,4
WelcomCafe Jacaranda,Indian International       ,Vegetarian Friendly Vegan Options Gluten Free Options ,12.968701,77.61444,+91 80 2500 1700,5
Dhaba Estd 1986,Indian        ,Vegetarian Friendly Vegan Options  ,12.9706,77.64637,+91 88844 98123,4
Hotel Navayuga,Indian Asian       ,Vegetarian Friendly Halal  ,12.97738,77.57556,+91 80 2291 4918,4.5
Kamat Bugle Rock,Indian        ,Vegetarian Friendly Vegan Options Gluten Free Options ,12.940037,77.56685,+91 80 2660 5734,4
Sante Spa Cuisine,Asian Healthy       ,Vegetarian Friendly Vegan Options  ,12.964058,77.63864,+91 80 4965 2670,4.5
Delhi Highway,Indian Asian       ,Vegetarian Friendly Vegan Options  ,12.970158,77.639565,+91 80 4512 8750,4
Harima,Japanese Sushi Asian      ,Vegetarian Friendly Vegan Options Gluten Free Options ,12.967781,77.60012,+91 80 4132 5757,4
The Square - Food Outside the Box,Indian International       ,Vegetarian Friendly Vegan Options Gluten Free Options ,12.929796,77.68323,+91 80667 05000,4.5
Rasovara - The Royal Kitchen,Indian Asian       ,Vegetarian Friendly Vegan Options Gluten Free Options ,12.972,77.59621,+91 80 4173 8968,4
LONO - The Tropical Lounge,Indian Bar Pub Fusion Gastropub    ,   ,12.97102,77.64733,+91 99808 38486,4
Little Italy,Italian Pizza European      ,Vegetarian Friendly Vegan Options Gluten Free Options ,12.93426,77.60942,+91 80 4853 9052,4
Cur8,Indian Mediterranean Grill      ,Vegetarian Friendly Vegan Options  ,13.019406,77.58529,+91 80 4522 2269,4.5
Hotel Dwaraka,Indian Asian       ,Vegetarian Friendly   ,12.93941,77.57926,+91 80 2590 5217,4
Kaze,Japanese Asian Thai      ,Vegetarian Friendly Vegan Options  ,12.965546,77.596504,+91 80 4965 2640,4
Bengaluru Cafe,Cafe Fast Food       ,   ,12.9395,77.58404,+91 80123 45679,4.5
Uno Izakaya,Japanese Bar Seafood Wine Bar     ,Vegetarian Friendly   ,12.971746,77.59507,+91 88884539600,5
1Q1,Chinese Japanese Asian Thai Vietnamese Malaysian   ,Vegetarian Friendly Vegan Options  ,12.983717,77.596985,+91 80 4805 0101,4
ALBA,Mediterranean European Soups      ,Vegetarian Friendly Vegan Options Gluten Free Options ,12.971713,77.5951,+91 88844 94038,4.5
Amoeba,Bar Pub       ,   ,12.98473,77.73365,+91 80 2802 6561,4
Smoke House Deli Lavelle Road,Cafe International European Deli     ,Vegetarian Friendly Vegan Options Gluten Free Options ,12.971637,77.59841,+91 91520 17972,4
Sodabottleopenerwala,Indian Persian       ,Vegetarian Friendly   ,12.970781,77.597626,+91 70222 55299,4
Bangalore Club,Indian Bar Asian Pub     ,Vegetarian Friendly   ,12.967373,77.59763,,4
Hotel Janatha Restaurant,Indian        ,Vegetarian Friendly Vegan Options  ,12.999128,77.57096,+91 80 2334 5609,4
Sigree Global Grill,Indian Barbecue Asian Grill     ,Vegetarian Friendly Vegan Options  ,13.025401,77.6395,+91 80 2545 1318,4
F5,Indian Asian Healthy      ,Vegetarian Friendly   ,13.027779,77.63245,+91 80 6901 2345,5
Jalsa,Indian Asian       ,Vegetarian Friendly Vegan Options Halal ,12.977613,77.6954,+91 98866 57788,4
The Whiskey Bar,Indian Bar       ,   ,12.9802,77.5861,+91 80 2220 5205,5
Echoes,Indian Pizza Cafe Fast Food Fusion    ,Vegetarian Friendly Vegan Options  ,12.934103,77.61564,+91 95908 09809,4
Rajathadri Palace,Indian Asian       ,Vegetarian Friendly Vegan Options  ,12.90368,77.49082,+91 93228 00100,4
The Market,Italian Indian Asian      ,Vegetarian Friendly Vegan Options Gluten Free Options ,12.967485,77.60208,+91 80 4914 8000,4.5
Mainland China,Chinese Asian Cantonese Szechuan Shanghai Hong Kong   ,Vegetarian Friendly Vegan Options  ,12.955864,77.72519,+91 80 2847 5486,4
Samrat Restaurant,Indian        ,Vegetarian Friendly Vegan Options  ,12.984654,77.58778,+91 80 2226 6866,3.5
Muro,Chinese Bar Thai Pub Wine Bar Dining bars   ,   ,12.974585,77.6031,+91 80 6945 6060,4.5
"Salt- Indian Restaurant, Bar & Grill",Indian Asian Diner      ,Vegetarian Friendly Vegan Options  ,12.996155,77.695724,+91 91637 11718,4
KOKO Bengaluru,Chinese Japanese Bar Sushi Asian    ,   ,12.960377,77.64792,+91 98443 04747,4.5
The Glass House - Deli Bistro Bar,International European       ,Vegetarian Friendly Gluten Free Options  ,12.970136,77.597404,+91 80 6541 9999,4
Tandoori Taal,Indian Asian Diner      ,Vegetarian Friendly Vegan Options  ,12.969953,77.63812,+91 80 4369 2670,4
Nagarjuna Indiranagar,Indian        ,Vegetarian Friendly Vegan Options Halal ,12.977395,77.636566,+91 80 4280 0900,4
Collage By Toscano,Italian Indian Pizza European Asian    ,Vegetarian Friendly Vegan Options Gluten Free Options ,12.956326,77.731766,+91 81979 96330,4
By The Blue,Indian        ,Vegetarian Friendly Vegan Options  ,12.929167,77.62816,+91 80 4512 1212,4.5
Gold Rush Brews,American Brew Pub Bar Cafe Pub Beer restaurants   ,Vegetarian Friendly Vegan Options  ,13.021325,77.711,+91 98459 20832,5
Sly Granny,Bar Pub       ,Vegetarian Friendly   ,12.970569,77.64641,+91 88844 98120,4
Sri Guru Kottureshwara Davangere Benne Dosa,Indian        ,   ,12.97735,77.62651,+91 96861 39956,4
La Casa,Italian Indian Bar International Spanish Asian Pub  ,Vegetarian Friendly Vegan Options  ,12.904213,77.67579,64535930,4
Hotel Fanoos Restaurant,Indian Fast Food Asian      ,Halal   ,12.9644,77.60665,+91 80 6583 8266,4
Stone Street by BHIVE,Bar Cafe International Asian Pub Eastern European   ,   ,12.916019,77.61591,+91 96324 52266,5
Hi Seoul,Asian Korean       ,Vegetarian Friendly   ,13.02384,77.65248,+91 80 4093 4000,4.5
Baluchi,Indian Asian       ,Vegetarian Friendly Vegan Options Halal Gluten Free Options,13.00457,77.58664,+91 80 3052 7777,4.5
Ente Keralam,Indian Asian       ,Vegetarian Friendly Vegan Options  ,12.975565,77.61694,+91 80 3242 1002,4
Mango Trees,Indian Asian       ,Vegetarian Friendly Vegan Options  ,12.97415,77.62963,+91 80882 29500,4
Konark Vegetarian Restaurant,Indian Asian       ,Vegetarian Friendly Vegan Options  ,12.98247,77.60751,+91 80 4146 4564,4
The Pizza Bakery,Italian Pizza European Neapolitan Beer restaurants    ,Vegetarian Friendly Vegan Options  ,12.970265,77.64469,+91 80 2520 2225,4.5
InAzia,Thai        ,Vegetarian Friendly Vegan Options Gluten Free Options ,12.989223,77.729996,+91 8071 008 223,5
The Trinity Square,Italian Indian Cafe Barbecue Asian    ,Vegetarian Friendly   ,12.973308,77.61967,+91 80666 04266,5
Ministry of Food,Indian Asian       ,Vegetarian Friendly Vegan Options Gluten Free Options ,12.94847,77.64555,+91 80667 99999,4.5
24x7 in Lalit Ashok,Indian International European Asian     ,Vegetarian Friendly Vegan Options Halal Gluten Free Options,12.991908,77.58191,+91 80 3052 7777,4.5
Coconut Grove,Brew Pub Contemporary Pub      ,Vegetarian Friendly Vegan Options  ,12.975219,77.604416,+91 80 2559 6262,4
"Barbeque Nation - Jp Nagar, Bangalore",Indian Barbecue       ,Vegetarian Friendly Vegan Options  ,12.906417,77.5968,+91 80671 83539,4.5
Village - The Soul Of India,Indian Asian       ,Vegetarian Friendly Vegan Options  ,12.98745,77.60284,+91 80 4328 3012,3.5
Hyderabadi Biryani,Indian Asian       ,Halal   ,12.966143,77.614365,+91 80 6597 9203,4
Portland Grill & Cafe,Steakhouse International European      ,Vegetarian Friendly   ,12.970278,77.6148,+91 80 2559 3405,4
Feast,Indian European Asian      ,Vegetarian Friendly Vegan Options Gluten Free Options ,12.9891,77.7298,+91 80 4965 3214,5
Meghana Foods,Indian Asian       ,Vegetarian Friendly Halal  ,12.973072,77.60913,+91 80 4130 8080,4
Monkey Bar,Bar Pub       ,Vegetarian Friendly   ,12.97037,77.64531,+91 80 4411 4455,4
District 6,Brew Pub        ,Vegetarian Friendly Vegan Options Gluten Free Options ,13.01227,77.55459,+91 96864 33666,4
Blue Ginger,Asian Vietnamese       ,Vegetarian Friendly Vegan Options Gluten Free Options ,12.984807,77.58398,+91 80666 05660,4.5
Iyer Mess,Indian Asian       ,Vegetarian Friendly Vegan Options  ,12.99923,77.57287,+91 80 2334 3418,4
Sanadige Bengaluru,Indian Seafood       ,Vegetarian Friendly Vegan Options  ,12.97452,77.60409,+91 80 4129 1300,4.5
BLR Brewing Co. - Whitefield,Italian Japanese Indian Sushi Asian    ,   ,12.969214,77.700386,+91 8071 174 545,5
Hotel Kadamba Veg,Indian Asian       ,Vegetarian Friendly Vegan Options  ,12.96109,77.55797,,4
Brewsky,Indian Bar International Pub     ,Vegetarian Friendly   ,12.906599,77.58961,+91 96633 00869,4
Pasta Street,Italian Pizza European Wine Bar     ,Vegetarian Friendly Vegan Options  ,12.967121,77.641624,+91 80 4850 1500,4.5
The Krishna Grand,Indian Asian       ,Vegetarian Friendly Vegan Options  ,12.921422,77.57117,+91 80 2671 1192,4
Karama,Indian Middle Eastern       ,Vegetarian Friendly Vegan Options Halal ,12.999722,77.61612,+91 80 4114 4148,3.5
"South Ruchis Square, Organic Fine Dine Restaurant",Indian Asian       ,Vegetarian Friendly Vegan Options  ,12.98402,77.58618,+91 70221 41080,4.5
The Polo Club (The Oberoi),Bar European       ,Vegetarian Friendly Vegan Options Gluten Free Options ,12.9736,77.618355,+91 80 2558 5858,4.5
FARMLORE,        ,Vegetarian Friendly   ,13.127347,77.639465,+91 98845 79214,4.5
GYLT,Italian American European Asian Grill Healthy   ,   ,13.05822,77.67198,+91 96866 16930,4.5
Malgudi Tiffin Centre,Indian Asian       ,Vegetarian Friendly Vegan Options  ,13.200833,77.70864,+91 92430 94171,3.5
Vembanad,Indian Seafood       ,Vegetarian Friendly Vegan Options  ,12.953633,77.639244,+91 80 4047 7777,4.5
Roxie,Italian Indian European Asian     ,   ,12.915209,77.66582,+91 80 4736 0000,3.5
Mavalli Tiffin Room (MTR),Indian Asian       ,Vegetarian Friendly Vegan Options Gluten Free Options ,12.980563,77.64064,+91 80 4169 0688,4
Red Rhino Craft Brewery and Inspired Kitchen,Brew Pub Asian       ,Vegetarian Friendly Vegan Options  ,13.024822,77.76136,+91 80 4716 3315,4.5
One8 Commune,Indian Japanese Fusion       ,   ,12.9761,77.59897,+91 79 4742 3044,5
Cafe Palmyra,Indian Bar International Asian     ,Vegan Options   ,12.964165,77.739586,+91 87928 19630,5
The Higher Taste,Indian International Asian Fusion Healthy    ,Vegetarian Friendly Vegan Options Gluten Free Options ,13.009345,77.55132,+91 80 2357 5333,4.5
Glen's Bakehouse,Italian Cafe Fast Food Asian     ,Vegetarian Friendly Vegan Options  ,12.969899,77.5975,+91 80 4112 4894,4
Mikusu,Chinese Japanese Sushi Asian Thai    ,Vegetarian Friendly Vegan Options Gluten Free Options ,12.975367,77.62038,+91 96115 28755,5
Angeethi,Indian Asian       ,Vegetarian Friendly Vegan Options  ,12.975288,77.60276,+91 80 4111 3340,4
NH 8,Indian        ,Vegetarian Friendly Vegan Options  ,12.973267,77.64683,+91 80886 00600,4
Olive Beach,Italian Mediterranean European      ,Vegetarian Friendly Vegan Options Gluten Free Options ,12.966893,77.60811,+91 80 4112 8400,4
Jamavar,Indian Asian       ,Vegetarian Friendly Vegan Options Halal Gluten Free Options,12.960224,77.64851,+91 80 2521 1234,4.5
The Bangalore Cafe,Indian Healthy       ,Vegetarian Friendly Vegan Options  ,12.95218,77.59066,+91 95915 41023,4.5
The Royal Afghan,Indian Afghan       ,Vegetarian Friendly Vegan Options Halal Gluten Free Options,12.994152,77.58611,+91 80 2226 9898,5
Hard Rock Cafe,American Bar Cafe Pub     ,   ,12.976119,77.60156,+91 80-4124-2222,4
46 Ounces Brewgarden,Italian Indian Brew Pub International Asian    ,Vegetarian Friendly Vegan Options Gluten Free Options ,12.849965,77.65787,+91 74063 54646,5
MTR - Mavalli Tiffin Rooms,Indian        ,Vegetarian Friendly Vegan Options  ,12.911779,77.59906,+91 80 2658 6633,4
Ballal Residency Resturant,Indian Asian       ,Vegetarian Friendly Vegan Options Gluten Free Options ,12.9682,77.60067,+91 80 2559 7277,4
Windmills Craftworks,American Indian Bar      ,Vegetarian Friendly Vegan Options  ,12.982444,77.721855,+91 80 4521 7761,4.5
The Fisherman's Wharf,Indian Bar Seafood International Asian    ,Vegetarian Friendly Vegan Options Halal Gluten Free Options,12.914457,77.66628,+91 98440 80000,4
The Reservoire,Italian Chinese American Indian Bar Pizza Pub  ,Vegetarian Friendly   ,12.93343,77.62226,+91 91489 09148,4.5
Fenny's,Italian Bar Pizza International European Pub   ,Vegetarian Friendly Vegan Options Gluten Free Options ,12.935082,77.61356,+91 80 4128 2428,4
Layla,Lebanese Bar Mediterranean Healthy Middle Eastern Israeli   ,Vegetarian Friendly Vegan Options Gluten Free Options ,12.987573,77.73349,+91 8071 117 234,5
GoNative,Indian        ,Vegetarian Friendly Vegan Options Gluten Free Options ,12.922494,77.58476,+91 80 2664 2552,4.5
The Hole in The Wall Cafe,American Cafe Fast Food International British    ,Vegetarian Friendly Vegan Options Gluten Free Options ,12.934696,77.62547,+91 80 4094 9490,4
b Cafe,Chinese Indian Cafe Asian     ,Vegetarian Friendly Vegan Options Halal Gluten Free Options,12.991673,77.588264,+91 80 4512 6420,5
Smoke House Deli Indiranagar,Italian International European Deli Gastropub    ,Vegetarian Friendly Vegan Options Gluten Free Options ,12.965558,77.6413,+91 92230 99349,4
Biergarten Brewery & Kitchen,Indian Bar Pub      ,Vegetarian Friendly Vegan Options  ,12.982443,77.708626,+91 80 4965 2776,4
Alto Vino,Italian European       ,Vegetarian Friendly Vegan Options Gluten Free Options ,12.979718,77.72838,+91 80 4943 5000,5
Terracotta,Indian        ,Vegetarian Friendly Vegan Options Halal Gluten Free Options,12.987096,77.73743,+91 89044 89150,4.5
Karavalli @ Taj,Indian Seafood       ,Vegetarian Friendly Vegan Options Gluten Free Options ,12.972159,77.60883,+91 80666 04519,5
"Thyme & Whisk, Electronic City",Italian Mexican Chinese Indian Asian    ,   ,12.840199,77.653404,+91 80886 99722,5
Nasi and Mee,Chinese Asian Thai Indonesian Singaporean Malaysian   ,Vegetarian Friendly Vegan Options  ,12.935003,77.62918,+91 80 4151 3456,4
ShakesBierre - Brewpub & Kitchen,Indian Brew Pub Bar International Pub    ,Vegetarian Friendly Vegan Options  ,12.970855,77.60756,+91 97401 70534,4.5
The Pump House,Indian Brew Pub Bar Pub     ,Vegetarian Friendly Vegan Options  ,12.906667,77.58222,+91 96061 27666,4.5
Tim Tai,Chinese Asian Thai Burmese Shanghai Central Asian   ,Vegetarian Friendly Vegan Options Gluten Free Options ,12.933714,77.622475,+91 72041 98888,4
The Rasoiya Street,Indian Asian       ,Vegetarian Friendly Vegan Options  ,12.912308,77.64305,+91 80 4965 3003,4
Onesta,Italian Pizza       ,Vegetarian Friendly Vegan Options  ,12.92339,77.5197,+91 80 6900 0302,4
Courtyard Cafe,Italian Mexican American      ,   ,12.958756,77.59311,+91 80 4012 4484,4.5
Nasi and Mee,Japanese Asian Thai Singaporean Malaysian Shanghai   ,Vegetarian Friendly Vegan Options  ,12.9833,77.5833,,4
BAREBONES-THE BALCONY BAR,Chinese Pizza Pub      ,Vegetarian Friendly Vegan Options  ,12.980075,77.64061,+91 91649 91199,4
Rajdhani Thali,Indian Asian       ,Vegetarian Friendly Vegan Options  ,13.03229,77.65009,+91 80 3291 9222,4
Salvadores,Italian Mediterranean European Wine Bar     ,   ,12.973298,77.61132,+91 80 2558 4945,4.5
Paranda,Indian        ,Vegetarian Friendly Vegan Options Gluten Free Options ,13.029356,77.54064,+91 80669 00111,4.5
Nagarjuna,Indian Asian       ,Vegetarian Friendly Vegan Options  ,12.933619,77.62123,+91 80 4099 6000,4
Foo Brigade Road,Chinese Bar Sushi Asian     ,   ,12.972448,77.60686,+91 93217 07545,4.5
Flechazo,Indian Mediterranean Asian      ,Vegetarian Friendly Vegan Options Gluten Free Options ,12.974346,77.69732,+91 99010 26561,4
Ramana's,Indian Asian       ,Vegetarian Friendly Vegan Options Gluten Free Options ,12.99039,77.58905,+91 80 2226 3200,4
Habibi Falafel,Lebanese Mediterranean Middle Eastern Israeli Arabic    ,   ,12.929568,77.63426,+91 96325 08844,4.5
Anjappar,Indian Asian       ,Vegetarian Friendly Vegan Options Halal ,12.932116,77.62297,+91 80 2553 4477,4
Samskruthi Restaurant,Chinese Indian Cafe      ,   ,12.94369,77.58539,+91 96636 84499,3.5
Brahmins Thatte Idly,Indian        ,Vegetarian Friendly Vegan Options  ,13.03695,77.57334,+91 99006 44777,4
Taawoon Restaurant,Italian Mexican Chinese Indian Seafood Arabic   ,   ,13.064565,77.64827,+91 85999 97711,4.5
"3Bs - Buddies, Bar & Barbecues",Indian Bar Barbecue Asian     ,Vegetarian Friendly   ,12.949861,77.69905,+91 88804 22301,4
Bakasur,Indian Asian       ,Vegetarian Friendly Vegan Options Halal ,12.923171,77.66975,+91 1800 200 4525,3.5
Pebble,Chinese Indian Pizza Seafood Contemporary    ,   ,13.004661,77.58464,+91 74069 66415,4
Alchemy,        ,   ,12.96583,77.60936,+91 80 4141 4000,4
Barbeque Nation,Chinese Indian Barbecue Grill Soups    ,Vegetarian Friendly   ,13.00885,77.55446,+91 80 6902 8722,3.5
Woodstock Restaurant,Steakhouse        ,Vegetarian Friendly   ,12.98583,77.64501,66389035,4
Kava,American Indian European Asian     ,Vegetarian Friendly Vegan Options  ,12.926655,77.68159,+91 8071 203 040,4
Sutra,Indian Bar Pub      ,Vegetarian Friendly   ,12.99192,77.58224,+91 96869 48500,4.5
Peepai Kitchen & Brewery,Chinese Indian Pizza Fast Food Barbecue    ,   ,13.053069,77.593475,+91 96327 06699,3.5
Boteco,Brazilian International South American      ,   ,12.970496,77.6105,+91 87920 45444,4.5
Broadway - The Gourmet Theatre,Japanese Indian Sushi Asian     ,Vegetarian Friendly   ,12.923797,77.65152,+91 98458 56677,4
Urban Solace,International        ,Vegetarian Friendly Vegan Options  ,12.984953,77.61833,+91 80 2555 3656,4
3 Monkeys,Bar Pub       ,Vegetarian Friendly   ,12.992885,77.66123,+91 80669 09999,4
Indigo Live Music Bar,Indian Bar International Pub     ,Vegetarian Friendly   ,12.932889,77.61411,+91 80 2553 5330,4
Bamey's Restro Cafe,Chinese Asian Thai Nepali     ,Vegetarian Friendly   ,12.935849,77.61609,+91 80 4110 2071,4
Daily Sushi,Japanese Sushi Asian Korean     ,   ,12.906436,77.58724,+91 81471 23581,4.5
Here and Now,American Cafe       ,Vegetarian Friendly   ,12.913549,77.63827,1.08E+11,4.5
Quattro,Italian Mexican       ,   ,12.96878,77.602646,+91 98863 92000,5
Patios,Indian Asian Vietnamese      ,Vegetarian Friendly Vegan Options  ,12.924491,77.583885,+91 88849 99805,4
Go Native,Cafe Contemporary Fusion Soups     ,   ,13.004494,77.5817,,4
Upahara Darshini,Indian Fast Food Asian      ,Vegetarian Friendly Vegan Options  ,12.93288,77.58374,41210637,4
"Tasting Room, Bengaluru Oota Company",Indian Asian       ,Vegetarian Friendly Vegan Options  ,12.972258,77.625946,+91 94483 02628,5
Sukh Sagar,Indian        ,Vegetarian Friendly Vegan Options  ,12.97625,77.57846,+91 80 2220 2555,4
Mani's Dum Biryani Indiranagar,Indian        ,Halal   ,12.96809,77.6517,+91 96064 41693,4.5
KA01 Rooftop Bar and Eats,Indian Bar Fast Food Pub Fusion    ,   ,12.967328,77.59391,+91 77609 11711,4.5
Taste Of Tibet,Chinese Indian Asian Tibetan     ,Vegetarian Friendly   ,12.973424,77.60698,+91 80 4147 8237,4.5
Lime Light,Chinese Indian International      ,Vegetarian Friendly Vegan Options  ,12.96027,77.64439,+91 96866 11406,4
Mani's Dum Biryani,Indian        ,Vegetarian Friendly Halal  ,13.00528,77.70836,+91 80 4300 6111,4
Tease,Indian Bar Fast Food International Pub    ,   ,12.98404,77.73724,+91 80669 33333,4.5
Thyme & Whisk,        ,   ,12.91842,77.58361,+91 80 4097 7577,4
Samaroh,Indian        ,Vegetarian Friendly Vegan Options  ,12.970631,77.59972,+91 98867 33600,4.5
Peacock,Indian Asian       ,Vegetarian Friendly   ,12.9832,77.6406,+91 96863 77667,3.5
Kaapi Katte,Indian Cafe       ,Vegetarian Friendly Vegan Options  ,12.9164,77.52061,+91 97390 93222,4.5
Cafe Noir,French Cafe European      ,Vegetarian Friendly Vegan Options  ,12.97768,77.74289,+91 80672 66099,3.5
Via Milano,Italian Pizza International European     ,Vegetarian Friendly Vegan Options  ,12.925526,77.635796,+91 80 4130 9997,4
Andhra Kafe,Indian Asian       ,Vegetarian Friendly Vegan Options  ,12.988889,77.726524,+91 80 2841 0222,3.5
Green Park Restaurant,Asian        ,   ,13.10887,77.60355,28566539,4.5
Chichabas Taj,Indian        ,Vegetarian Friendly Halal  ,13.000374,77.61738,+91 80 4161 8888,4
IDC Kitchen,Indian        ,   ,12.99624,77.57635,+91 70226 49471,5
Jalsa Gold Restaurant,Indian Asian       ,Vegetarian Friendly Vegan Options  ,12.938723,77.69515,+91 80 4965 3456,4
MARRIOT BONVOI,International Asian       ,Vegetarian Friendly Vegan Options Halal ,13.00508,77.74009,+91 80667 07777,4.5
Konark,Indian Asian       ,Vegetarian Friendly Vegan Options  ,12.968902,77.60194,+91 80 4124 8812,4
Khandani Rajdhani,Indian        ,Vegetarian Friendly Vegan Options  ,12.96843,77.59477,+91 80 2213 3400,4.5
The Punjabi Rasoi,Indian Asian       ,Vegetarian Friendly Vegan Options  ,12.981223,77.640495,+91 80 4128 5353,4
Tipsy Bull - The Bar Exchange,Bar Pub       ,   ,12.9649,77.64167,+91 98869 84357,3.5
Big Barrel Microbrewery,Brew Pub Pub       ,   ,12.904083,77.50798,063664 66444,5
Nagarjuna Chimney,Indian        ,Vegetarian Friendly Vegan Options  ,12.93273,77.58777,+91 80 2664 9944,4
Cafe Mozaic,Indian Cafe International Asian     ,Vegetarian Friendly Vegan Options Gluten Free Options ,12.973839,77.61964,+91 80666 04444,4
La Tapenade Mediterranean Cafe,Mediterranean        ,Vegetarian Friendly Vegan Options  ,13.20095,77.71034,,4
Galito's,African Arabic       ,   ,12.9077,77.601166,+91 80 3351 2981,4.5
Oia,Indian International Pub Gastropub     ,   ,13.022439,77.63055,+91 96060 31145,3
Meghana Foods,Indian Asian       ,Vegetarian Friendly Halal  ,12.926242,77.584564,+91 80 2244 8080,4
Earth Kitchen,Indian Mediterranean Middle Eastern      ,   ,13.1618,77.46827,+91 99166 68738,4.5
Imperial Restaurant,Indian Asian       ,Vegetarian Friendly Halal  ,12.97303,77.60931,+91 80 2591 3738,4
Galito's Flame Grilled Chicken,African Portuguese       ,Vegetarian Friendly   ,12.976843,77.72563,+91 80 4641 1411,4.5
Sri Saravana Bhavan,        ,   ,12.98351,77.60667,+91 80 2559 1665,4.5
Golden Oak,Italian Chinese Indian Asian     ,Vegetarian Friendly   ,12.93744,77.58293,+91 80 4333 5333,4
Saga,Indian International Asian      ,Vegan Options   ,13.04244,77.58865,,4
Ithaca,Indian        ,Vegetarian Friendly Vegan Options  ,12.96839,77.60097,+91 80 4141 4212,4.5
Hotel Aditya,        ,   ,13.0132,77.54494,+91 97310 15011,4.5
Au Bon Pain,Cafe        ,   ,12.94169,77.55018,+91 80 6547 5313,3.5
Pasta Street,Italian Pizza European Wine Bar     ,Vegetarian Friendly Vegan Options  ,12.988341,77.593956,+91 80 4097 6578,4.5
Banjara Melting Pot,Indian Asian Healthy      ,Vegetarian Friendly Vegan Options Gluten Free Options ,12.99045,77.59163,+91 80 4123 1772,4.5
Spice It Restaurant,Indian International Asian      ,Vegetarian Friendly Vegan Options  ,12.930018,77.6836,+91 80667 00600,4
Biergarten,        ,   ,12.93296,77.61348,+91 80 4965 3208,4.5
Kobe Sizzlers,International        ,Vegetarian Friendly   ,12.970171,77.60999,+91 80 6560 0872,3.5
Bangalore Brew Works,Bar Pub       ,Vegetarian Friendly   ,12.968348,77.601685,+91 97407 04422,4
Chulha Chowki Da Dhaba,Chinese Indian Asian      ,Vegetarian Friendly Vegan Options  ,12.964537,77.71584,+91 80 3232 7799,4
Restaurant Chef Pillai,Indian Asian       ,   ,12.995019,77.69742,+91 89431 50000,3
Art Blend Cafe,Italian American Indian Cafe     ,Vegetarian Friendly   ,13.01196,77.53051,+91 98867 82062,3.5
The Tao Terraces,Chinese Asian Thai Shanghai Hong Kong    ,Vegetarian Friendly Vegan Options  ,12.973513,77.62019,+91 98866 40445,3.5
Vaathsalya Millet Cafe,Indian Cafe Healthy      ,Vegetarian Friendly Vegan Options  ,12.906218,77.58767,+91 94490 64494,4
Lakshmi Natraja Refreshments,Indian Fast Food       ,Vegetarian Friendly Vegan Options  ,12.96906,77.57346,+91 80 2597 0312,4.5
Nevermind Bar & Social,Indian Bar Mediterranean Asian Contemporary    ,   ,12.970525,77.646,+91 91108 41695,5
Bombay Curry House,Italian Indian European Asian     ,   ,13.041946,77.620186,+91 91139 82902,5
Hunan,Chinese Asian Thai Szechuan Shanghai Hong Kong   ,Vegetarian Friendly   ,12.934722,77.61625,+91 80 2341 3337,4
Boho,Bar Pub       ,   ,12.934519,77.616035,+91 80 4965 3033,3.5
Nandi Grand Restaurant,Indian Asian       ,Vegetarian Friendly Vegan Options  ,13.29363,77.78894,,4
Shangrila,Chinese Thai       ,   ,12.97465,77.60788,+91 80 2558 8994,4.5
House of Commons,Indian Bar Pub      ,Vegetarian Friendly   ,12.934838,77.61611,+91 80 4512 8604,4
Hangover Lounge,Indian Bar Asian Pub     ,Vegetarian Friendly   ,12.970107,77.638374,+91 98862 00070,4
Spiceklub,Indian Fusion Street Food      ,Vegetarian Friendly Vegan Options  ,12.96865,77.60273,+91 98863 91000,5
Panchavati Gaurav,Indian Asian       ,Vegetarian Friendly Vegan Options  ,12.96984,77.60653,+91 80 4141 0033,4
Aioli BBQ & Grill,Bar Mediterranean Barbecue European Pub Fusion   ,Vegetarian Friendly Vegan Options  ,13.126849,77.56651,+91 96064 53929,4
Sunny's Restaurant,Italian European       ,Vegetarian Friendly Vegan Options  ,12.972012,77.598465,+91 80 2224 3642,4
Bowring Institute,Chinese Indian Bar Asian Pub    ,Vegetarian Friendly   ,12.97035,77.60079,22273728,3.5
"Cafe Capriccio,Old Madras Road",Italian Steakhouse Bar Pizza Seafood Pub   ,   ,12.993908,77.66071,+91 96202 78894,5
Mtr 1924,Indian Asian       ,Vegetarian Friendly Vegan Options  ,12.980622,77.64063,+91 80 4169 0688,4
Tunday Kababi,Indian Asian       ,Vegetarian Friendly Halal  ,12.96294,77.64171,+91 80 4965 3318,4
Hotel Annapoorna Restaurant,        ,   ,12.97912,77.57678,+91 80 2291 2755,4.5
Cable Car,Indian        ,Vegetarian Friendly Vegan Options  ,12.916697,77.5854,,3.5
Hotel Fish Land Restaurant,Seafood        ,   ,12.96792,77.57881,+91 80 2291 2173,4.5
Nandhana Palace Koramangala,Indian        ,Vegetarian Friendly Vegan Options  ,12.93768,77.62806,+91 80 4613 1111,4
Masala Mandi,Indian Fast Food Barbecue Asian     ,   ,12.910815,77.68548,+91 96063 04222,4
Sharief Bhai,Indian        ,Halal   ,12.93327,77.61509,+91 80957 52222,3.5
Guilt Free,Italian Mexican Indian European Fusion Central European   ,Vegetarian Friendly   ,12.98385,77.60096,+91 95133 34061,5
Citrus Cafe,Indian        ,Vegetarian Friendly Vegan Options Gluten Free Options ,12.840763,77.65973,+91 98104 62329,4.5
Deck of Brews,Italian Indian Brew Pub Barbecue Asian    ,   ,12.933819,77.69676,+91 88848 77773,5
BG's Poolside Bar & Grill,American Bar Barbecue Asian Pub    ,Vegetarian Friendly   ,12.928114,77.68275,+91 95135 84681,4.5
Prost,Bar International Pub      ,Vegetarian Friendly   ,12.933233,77.63076,+91 80 2553 4989,4
The Beer Cafe,Italian Chinese Indian Bar Pizza Pub   ,Vegetarian Friendly   ,12.996285,77.695305,+91 80 4652 4025,3.5
The Boozy Griffin,Bar Seafood Pub      ,Vegetarian Friendly   ,12.934555,77.61601,+91 90353 08000,4
By The Peepal,Indian Brew Pub Bar Pizza Seafood Asian Pub  ,   ,12.906646,77.58598,+91 99025 79792,4.5
Watson's,Bar Pub       ,   ,12.994283,77.59464,+91 80 3033 7000,4
5th Avenue Cafe,Italian American Pizza Cafe Seafood    ,   ,12.934064,77.61566,+91 99009 98427,5
Falak,Indian        ,   ,13.070806,77.633606,+91 88848 18539,5
Barbeque Nation,Chinese Indian Barbecue      ,Vegetarian Friendly Vegan Options Halal ,12.92963,77.57241,+91 80 6902 8722,4
"Absolute Barbecues - BTM, Bengaluru",Indian Seafood Barbecue Asian     ,Vegetarian Friendly Vegan Options Halal ,12.916471,77.604836,+91 73373 83765,4
Riwaz,Indian        ,Vegetarian Friendly Vegan Options Gluten Free Options ,12.967696,77.60181,+91 80 4914 8000,4.5
Shiv Sagar,Chinese Indian Fast Food Asian     ,Vegetarian Friendly Vegan Options  ,12.98351,77.60862,+91 80 2532 3767,4
Alibaba Cafe and Restaurant,Lebanese Mediterranean Middle Eastern Persian Arabic    ,Vegetarian Friendly Halal  ,13.000528,77.614655,,4.5
Paris Panini - Gourmet Sandwiches and Wraps,French Cafe Fast Food European Street Food    ,   ,12.9702,77.644554,+91 99014 28604,4.5
Carrots Restaurant,Indian Cafe International Contemporary Fusion Healthy   ,Vegetarian Friendly Vegan Options Gluten Free Options ,12.938599,77.62584,+91 80 4513 3586,4.5
The Konkan,Indian Seafood Asian Healthy Wine Bar    ,Vegetarian Friendly   ,12.975861,77.60177,+91 99725 47475,4.5
1947,Chinese Indian Asian      ,Vegetarian Friendly Vegan Options  ,12.983344,77.5487,+91 80 4132 1947,4
Carnival De Goa,Indian Seafood       ,   ,12.974933,77.620056,+91 76767 67620,4
Palette,Indian Asian Fusion      ,Vegetarian Friendly Vegan Options  ,13.04437,77.51,+91 80669 00111,4.5
Rooftop Cafe,Cafe Fast Food       ,Vegetarian Friendly   ,12.93029,77.58611,+91 80 2654 4411,4
Dialogues Cafe Koramangala,Italian Chinese Indian Cafe     ,Vegetarian Friendly Vegan Options  ,12.932475,77.63187,+91 63635 56436,4.5
Deja Vu Restaurant and Bar,Italian Indian Asian      ,Vegetarian Friendly Vegan Options  ,12.914167,77.599556,+91 96324 99855,4
WBG - Whitefield Bar and Grill,Steakhouse Bar Barbecue Grill Wine Bar    ,Vegetarian Friendly Vegan Options Gluten Free Options ,12.979014,77.72833,+91 80 4943 5000,5
Tandoor,Indian        ,Vegetarian Friendly Vegan Options  ,12.973651,77.6132,+91 80 2558 4620,4
Oota Bangalore,Indian Asian       ,Vegetarian Friendly Vegan Options Gluten Free Options ,12.98179,77.721855,+91 88802 33322,4.5
Sky Lounge Bar,Indian Bar International Pub     ,Vegetarian Friendly   ,12.84239,77.65313,+91 80 4965 2539,4
The Biere Club,Bar Pub       ,Vegetarian Friendly   ,12.971019,77.59747,+91 99867 69776,4
Anupam's Coast II Coast,Indian Seafood       ,Vegetarian Friendly   ,12.9762,77.60124,+91 80 4865 5588,4
R Bar,Indian Bar Wine Bar      ,   ,12.983972,77.57649,+91 95139 44520,5
The Ants Cafe,Cafe        ,Vegetarian Friendly Vegan Options  ,12.967169,77.64226,+91 80 4171 5639,4
Indian Kitchen,Indian        ,Vegetarian Friendly Vegan Options  ,12.975737,77.60488,+91 80 2559 8995,4
Three Dots and a Dash,Bar Pub       ,Vegetarian Friendly   ,12.980714,77.640854,+91 80 4163 0303,4
Salt Restaurant,Indian Asian       ,Vegetarian Friendly Vegan Options  ,12.934497,77.61123,+91 80 3354 5152,4
Kitchen On Table,Japanese American Sushi Asian     ,Vegetarian Friendly Vegan Options  ,12.923439,77.64259,+91 93430 44750,4
The Filter Coffee,Indian        ,Vegetarian Friendly Vegan Options  ,13.017731,77.64305,+91 99004 55577,4
Empire Restaurant,Indian Asian       ,Vegetarian Friendly Vegan Options Halal ,12.95515,77.55292,+91 80 4041 4041,3.5
Loft 38,American Thai Grill Pub     ,Vegetarian Friendly   ,12.971135,77.64107,+91 80 4933 7555,4
Stories,Indian Bar Asian Contemporary Pub    ,Vegetarian Friendly Vegan Options  ,12.89919,77.58588,+91 80 4125 2319,4
Hanoi Vietnamese Cuisine,Asian Vietnamese       ,Vegan Options   ,12.95584,77.7155,+91 80 4140 5599,3.5
The Rice Bowl,Chinese Asian Szechuan      ,Vegetarian Friendly Vegan Options  ,12.97505,77.59981,+91 91489 66235,4
Hotel Janardhan Restaurant,Indian        ,Vegetarian Friendly Vegan Options  ,12.98409,77.58632,+91 80 2225 4444,4
Gilly's Restobar,Indian Bar International Asian Pub    ,Vegetarian Friendly Vegan Options  ,12.93358,77.61575,+91 99014 10088,4
Raghavendra Stores,Indian        ,Vegetarian Friendly Vegan Options  ,13.000796,77.564026,+91 80 2334 8477,4.5
Tiger Trail,Indian        ,Vegetarian Friendly Vegan Options  ,12.957023,77.64411,+91 78991 27879,5
Bakasur,Indian Asian       ,Vegetarian Friendly Vegan Options  ,12.98392,77.72893,+91 1800 200 4525,3.5
Kailash Parbat,Indian        ,   ,12.93406,77.58278,+91 91489 64264,3.5
Hyderabad Biryani House,Indian        ,Halal   ,12.96432,77.61501,65979203,4
Chutney Chang,Chinese Indian Asian      ,Vegetarian Friendly Vegan Options  ,12.93274,77.58712,+91 80 2244 3007,4
Hotel Empire Restaurant,Indian Asian       ,Vegetarian Friendly Halal  ,12.97978,77.60265,+91 95953 33333,3.5
"Barbeque Nation - Mg Road, Bangalore",Indian Barbecue Asian      ,Vegetarian Friendly Vegan Options Halal Gluten Free Options,12.973116,77.62126,+91 80 6902 8722,4.5
Kamat Yatrinivas Hotel,Indian Asian       ,Vegetarian Friendly Vegan Options  ,12.99737,77.57712,+91 80 2226 0088,3.5
Chianti Koramangala,Italian Pizza European      ,Vegetarian Friendly Vegan Options Gluten Free Options ,12.972496,77.61889,+91 80 4113 2021,4.5
Shiv Sagar,Indian Asian       ,Vegetarian Friendly Vegan Options  ,12.97571,77.60506,25593841,4
Saffron,Indian        ,Vegetarian Friendly Vegan Options Halal Gluten Free Options,12.950431,77.698746,+91 88844 00136,5
The GreenPath Organic State,Indian Asian       ,Vegetarian Friendly Vegan Options Gluten Free Options ,12.990426,77.57168,+91 80 2356 9777,4.5
Farzi Cafe,Indian Bar       ,Vegetarian Friendly Vegan Options Gluten Free Options ,12.972117,77.59575,+91 90660 34647,4
Chulha Chauki Da Dhaba,Indian Asian       ,Vegetarian Friendly Vegan Options  ,12.96593,77.71658,+91 80 3295 9977,4
Sanchez,Mexican        ,Vegetarian Friendly Vegan Options  ,12.971998,77.59601,+91 70224 22473,4
Hard Rock Cafe Whitefield,American Bar Cafe Barbecue Pub    ,   ,12.986944,77.736115,+91 80 6122 4722,4.5
Toit Bangalore,Brew Pub International Mediterranean Pub Middle Eastern    ,Vegetarian Friendly Vegan Options Gluten Free Options ,12.979224,77.64054,+91 90197 13388,4.5
Kudla,Indian Seafood Asian      ,Vegetarian Friendly   ,13.05904,77.58413,+91 80 4334 6600,4
Marigold Fine Dine Restaurant,Indian Asian Fusion      ,Vegetarian Friendly Vegan Options  ,12.969528,77.735535,+91 78998 27277,4.5
BLR Brewing Co - Kanakapura Road,        ,Vegetarian Friendly Vegan Options  ,12.86624,77.54379,+91 80 4716 2222,4.5
Paakashala,Chinese Indian       ,   ,13.005582,77.57124,+91 93809 09959,4
Hotel Sanman Restaurant,        ,Vegetarian Friendly   ,12.98178,77.57273,+91 80 2238 4416,4.5
Skylit,Indian Asian       ,Vegetarian Friendly Halal  ,12.92091,77.66485,+91 80 4902 0201,4
Sarangi Express,Indian Asian       ,   ,12.930685,77.58534,+91 91080 15118,3.5
Soo Ra Sang,Asian Korean       ,   ,12.93021,77.58769,+91 98801 49611,4.5
Bangalore Box,Mexican Chinese Indian International European Central European   ,   ,12.893135,77.61198,+91 99014 02636,4
Umesh Refreshments UDP,Indian        ,   ,12.93902,77.57442,+91 98440 06244,4.5
Rajathadri,Indian Asian       ,Vegetarian Friendly Vegan Options  ,12.96605,77.71701,+91 80 2653 9798,4
The Nest,French Bar International Asian     ,   ,12.987654,77.73342,+91 8071 117 272,5
California Pizza Kitchen,Pizza        ,Vegetarian Friendly   ,12.973,77.64106,+91 80 6404 8888,3.5
Float,American Indian Fusion      ,Vegetarian Friendly   ,12.938713,77.69518,+91 90668 87086,4
Wanley,Chinese Asian Cantonese Szechuan Shanghai    ,Vegetarian Friendly   ,12.97943,77.64126,+91 80 2525 3463,4
A2B - Adyar Ananda Bhavan,Chinese Indian Asian      ,   ,12.94384,77.52655,+91 80 4965 3052,3.5
Pyare Punjabi Dhaba,Indian        ,   ,13.04964,77.49497,,4.5
What the Ale?!,Chinese Indian International      ,   ,12.8586,77.64619,+91 96065 46661,4
Bar Bar,Indian European       ,   ,12.997571,77.696594,+91 73386 30404,4
Mallika Biriyani,Indian        ,   ,13.055298,77.663864,+91 97418 49680,3
Aurum Brew Works,Italian American Indian Brew Pub Bar International Pub  ,   ,12.914817,77.676506,+91 80 4719 2418,4
Pista House,        ,   ,12.99935,77.61589,,3.5
Kund,Indian Asian       ,Vegetarian Friendly Vegan Options  ,12.9832,77.6406,+91 99809 34242,4
No Limmits,Bar Pub       ,Vegetarian Friendly   ,12.970398,77.61101,+91 80 4933 3000,3
Brahmins Thatte Idli,Indian        ,   ,12.97051,77.654,,3.5
Sangam Sweets,Indian Fast Food       ,   ,13.066424,77.651665,+91 97429 00187,3.5
Aagaman Veg,Indian Asian       ,Vegetarian Friendly   ,12.97393,77.64168,+91 80 4095 6662,4
Pool Bar - Sheraton Bangalore Hotel at Brigade Gateway,Indian Bar International Pub     ,Vegetarian Friendly Vegan Options  ,13.00885,77.55446,+(91)91-080-42521000,4.5
Purnabramha Maharashtrian Restaurant,Indian        ,Vegetarian Friendly   ,12.91269,77.64473,+91 80 6888 8911,3
Happy Brew,Indian Bar Cafe Pub Gastropub    ,   ,12.933897,77.61538,+91 89717 03666,3.5
Oakleaf,Indian Asian       ,Vegetarian Friendly Vegan Options  ,12.98392,77.72893,(+91) 80 6670888,4
Shezan,Indian        ,Vegetarian Friendly Halal  ,12.987249,77.59477,+91 80 2228 7895,4.5
Little Italy Restaurant,Italian Pizza European      ,Vegetarian Friendly Vegan Options  ,12.92728,77.60968,+91 80 2545 7078,4
Adyar Ananda Bhavan Sweets and Snacks,Fast Food        ,   ,13.02482,77.59191,+91 80 4151 5454,4
Three Quarter Chinese,Chinese Indian Asian      ,   ,12.93377,77.58468,,4
Shark Food Court,Indian        ,   ,13.070204,77.184975,+91 99807 38350,4
Sangam Mess,        ,Vegetarian Friendly   ,13.00627,77.63559,+91 80 6565 1651,4.5
Bangalore Mandarin,Chinese Asian Cantonese Szechuan Shanghai Hong Kong   ,Vegetarian Friendly Vegan Options  ,12.91858,77.62933,+91 80 4116 1732,4
UNO Chicago Bar & Grill,Bar Pizza Fast Food Pub     ,   ,12.989215,77.727905,+91 96675 40036,4
Punjabi Raswada,Indian Asian       ,Vegetarian Friendly Vegan Options  ,12.92286,77.58658,+91 80 4170 7478,3.5
Burnout Cafe,Italian Chinese American International     ,   ,12.88919,77.56041,+91 96868 62233,4
Unicorn Restaurant,Chinese Indian Seafood      ,Vegetarian Friendly   ,12.981,77.60215,+91 80 2559 1670,4.5
Madurai Idly Shop,Indian Fast Food       ,Vegetarian Friendly Vegan Options  ,12.971667,77.64716,+91 80 2520 2255,3.5
Maayaa,Indian        ,   ,12.985822,77.5881,+91 89711 97098,4
Onesta,Italian Pizza       ,Vegetarian Friendly Vegan Options  ,13.029298,77.57088,+91 80 4965 3237,4
Elements Eatery,Steakhouse International Contemporary Fusion     ,Vegetarian Friendly   ,13.001439,77.5995,+91 80 2333 3330,4
The Local,Italian American Bar Pub     ,Vegetarian Friendly   ,12.93513,77.61405,+91 98860 78879,4
The Whitefield Arms Pub,Bar Pub       ,Vegetarian Friendly Vegan Options  ,12.99371,77.70238,+91 95912 20066,4.5
Mooch Marod,Indian Asian       ,   ,12.982324,77.76743,+91 88844 88690,4.5
Fia's Lounge,Indian Contemporary Middle Eastern Persian     ,   ,12.962484,77.588455,,5
Nandhini Deluxe,Indian Asian       ,Vegetarian Friendly   ,12.95498,77.58038,26624444,4
Kamat Upachar,Indian Cafe Asian Healthy Soups    ,Vegetarian Friendly Vegan Options  ,12.89905,77.48563,+91 95137 78223,3
Time Pass Dinner,Indian Asian       ,Vegetarian Friendly Vegan Options  ,12.98893,77.61087,+91 99800 63005,4
Silbatti,Indian Asian       ,Vegetarian Friendly Vegan Options  ,12.916203,77.644615,+91 81053 74003,4
Mangalore Pearl,Indian Seafood       ,   ,12.991036,77.6193,+91 73381 15492,4.5
Rural Blues - Restro Bar,Chinese Indian Bar Barbecue Asian Contemporary   ,Vegetarian Friendly Vegan Options  ,12.89754,77.71703,+91 76766 10620,4
Kentacky Chicken Corner,Indian        ,   ,12.96488,77.59653,+91 80 2222 0469,4
"Burma Burma Restaurant & Tea Room - Mall Of Asia, Bangalore",Asian Burmese       ,   ,13.064856,77.59263,+91 99202 40764,5
YouMee - Forum Shantiniketan,Japanese Sushi Asian      ,   ,12.989307,77.72806,+91 84484 83953,4
Lakeview Milkbar,        ,   ,12.97459,77.61004,+91 80 2558 2161,4
Dishkeyaun,Indian        ,   ,12.972469,77.60704,+91 63644 67375,5
Tunday Kababi,Indian        ,Halal   ,12.933756,77.61922,+91 97315 53030,3.5
Fox In The Field,Indian Brew Pub Pizza Pub Beer restaurants    ,Vegan Options   ,12.989334,77.72836,+91 99721 31903,4
MTR - St. Mark's Road,Indian        ,Vegetarian Friendly Vegan Options  ,12.972172,77.60102,+91 98866 58096,4
Khandani Rajdhani,Indian        ,Vegetarian Friendly   ,12.97419,77.62372,+91 80 2593 9309,3.5
Thalassery Restaurant,Indian Barbecue Asian      ,Vegetarian Friendly   ,13.0149,77.63285,+91 80 3255 2485,4
Smoke - The Sizzler House,Italian International Barbecue      ,   ,12.93629,77.61502,+91 80 2570 6525,4
Hotel Nandhini St Marks Rd. Restaurant,Indian International Asian      ,Vegetarian Friendly Vegan Options  ,12.97214,77.60111,41266666,3.5
Onesta,Italian Pizza European      ,Vegetarian Friendly Vegan Options  ,12.93288,77.62759,+91 73378 44620,4
Pinxx,Indian Asian       ,Vegetarian Friendly Vegan Options Halal ,12.97449,77.61102,+91 99020 00031,4
Srinathji's Fine Dining Restaurant  Indira Nagar,Indian        ,Vegetarian Friendly Vegan Options  ,12.978,77.63958,+91 80 3041 2940,3.5
The Hub,Indian Bar Asian Pub     ,   ,12.91838,77.48294,+91 80667 00600,4.5
Caesars Restaurant,Chinese Indian International Asian Grill    ,Vegetarian Friendly   ,12.97571,77.60506,+91 80 2558 4144,4
California Pizza Kitchen,Italian Pizza       ,Vegetarian Friendly Vegan Options  ,12.997495,77.69623,+91 80 6546 8888,3.5
Levitate Brewery & Kitchen,Chinese Indian Brew Pub Bar Pub    ,   ,12.907745,77.59961,+91 96062 49999,4.5
Priyadarshini Restaurant,Indian        ,Vegetarian Friendly Vegan Options  ,12.97756,77.57555,+91 97437 94363,4.5
China Bistro,Chinese Seafood Sushi Asian Szechuan    ,   ,12.970383,77.64485,+91 22 4942 2323,4
Hotel Mysore Mylari Restaurant,        ,   ,12.94369,77.5706,+91 98865 06536,4
Tamarind,Indian Bar Pub      ,Vegetarian Friendly Vegan Options  ,13.012717,77.64786,+91 80 4352 9999,4
Saffron Vegetarian Cuisine,Indian Asian       ,Vegetarian Friendly Vegan Options  ,13.01358,77.64788,+91 80 4096 7077,4.5
Shiv Sagar,        ,   ,12.94566,77.57094,+91 80 2660 4686,3.5
Havelli,Indian        ,Vegetarian Friendly   ,13.0587,77.58253,+91 80 4070 3703,4
Misu Indiranagar,Chinese Japanese Sushi Asian Korean Singaporean   ,   ,12.966663,77.637,+91 80 2535 1055,4
Davanagere Benne Dosa,Indian        ,Vegetarian Friendly   ,12.98446,77.55312,+91 93417 07114,4
Casa Fresco by Tea Brew: All Day Dining & Cafe,Italian American Cafe      ,Vegetarian Friendly   ,12.964462,77.638626,+91 95386 12243,4
The Falcon Greens,Italian Japanese Indian Asian Arabic    ,   ,13.311344,77.69224,+91 99000 75898,4
Potful,Indian Asian       ,Halal   ,12.936716,77.62635,+91 80 3951 1411,4
Utse Kitchen,Chinese Asian Tibetan Nepali     ,Vegetarian Friendly Vegan Options  ,12.984888,77.6117,+91 80 4890 6688,5
Cafe at NGMA,Indian Cafe       ,   ,12.98643,77.58879,+91 80 2334 2338,4
Naachiyar's,Indian        ,Vegetarian Friendly   ,12.97719,77.61867,+91 80 4173 8588,4
The Esplanade,Indian        ,Vegetarian Friendly Vegan Options  ,12.97885,77.63677,+91 80 4092 7878,4
Kabab Magic,Indian Fast Food Asian Middle Eastern     ,Halal   ,12.95565,77.56748,+91 90352 44930,4
Majlis Restaurant,Mediterranean Middle Eastern       ,Halal   ,13.02233,77.6384,+91 80 4123 1221,4
Kobe Sizzlers,International Asian       ,Vegetarian Friendly   ,12.93291,77.61535,+91 80 4170 5607,4
The Sidewalk Cafe,Indian Brew Pub Pizza International European    ,Vegetarian Friendly Vegan Options  ,12.95691,77.64148,+91 80 4047 7725,4.5
Ambrosia,Italian Mexican Pizza      ,Vegetarian Friendly Vegan Options  ,,,40940101,4.5
Little Italy,Italian Pizza       ,Vegetarian Friendly Vegan Options  ,12.920014,77.66695,+91 98800 11033,4
Foxtrot Gastropub,Indian Bar Gastropub      ,Vegetarian Friendly   ,12.949693,77.69928,+91 91081 36001,4
Shivalli Restaurant,Indian Asian       ,   ,12.96736,77.53095,22265544,3.5
Shangri La Bar & Restaurant,Chinese Asian       ,Vegetarian Friendly   ,12.991896,77.58797,+91 80 4112 1621,4
Barbeque Factory,Indian Barbecue Asian      ,Vegetarian Friendly   ,12.93435,77.62977,+91 96863 61819,4
Mangrove,Mexican American European      ,   ,12.93024,77.58553,+91 98860 28118,4.5
Mainland China,Chinese Asian Szechuan Shanghai     ,   ,12.9833,77.5833,+91 80 2545 1218,4
Shree Venkateshwara North Karnataka Hotel,        ,Vegetarian Friendly   ,12.94211,77.57241,+91 90087 94580,4.5
Copitas At Four Seasons Hotel Bengaluru,Japanese Bar Contemporary Dining bars     ,   ,13.019646,77.58537,+91 96064 87958,5
The Saaga Restaurant,Chinese Indian International Asian NorthWestern Chinese    ,Vegetarian Friendly Vegan Options Gluten Free Options ,13.036545,77.58954,+91 97313 06289,4
Ice,Bar Pub       ,   ,12.97571,77.60506,(91-80) 6660 444,4
Smally's Resto Cafe,Italian American Cafe      ,   ,12.990961,77.61939,+91 80 4965 2948,4
Zodiac Restaurant,French Indian Bar Sushi Asian Pub   ,Vegetarian Friendly Vegan Options  ,12.989514,77.595055,+91 90191 46115,4.5
Suryawanshi,Indian Asian       ,Vegetarian Friendly Vegan Options  ,12.977283,77.72493,+91 97380 19048,4
Sri Udupi Park,Indian Asian       ,Vegetarian Friendly Vegan Options  ,12.973728,77.641075,+91 99459 77774,4
Sea Route,Indian Seafood Asian Soups     ,Vegetarian Friendly Vegan Options  ,12.997254,77.547264,+91 99001 66088,4.5
The Lotus Oriental,Chinese Asian       ,   ,13.070806,77.633606,+91 89519 29859,4.5
Tijouri,Indian        ,Vegetarian Friendly Vegan Options  ,12.980152,77.586205,+91 80 2220 5205,5
Karnatic,Indian        ,   ,12.975237,77.60386,+91 82967 03777,4.5
Easy Tiger,Bar Pub       ,Vegetarian Friendly   ,12.9169,77.59682,+91 80 4965 2681,4
Platform65 - The Train Theme Restaurant,Chinese Indian       ,   ,12.879256,77.59534,+91 96064 88859,2.5
Andhra Ruchulu,Indian Bar Asian Pub     ,   ,12.932988,77.58372,+91 99809 09192,4
Fort Kochi,Indian Seafood Asian      ,Vegetarian Friendly Vegan Options  ,12.973333,77.62028,+91 80 2208 6666,4
TGI Friday's Bangalore,American Pub       ,   ,12.93322,77.56911,+91 88925 03063,3.5
Uppu Munchi,Indian Asian       ,Vegetarian Friendly Vegan Options  ,13.027891,77.541176,+91 80673 03030,4
1522,Bar Pub       ,   ,13.032636,77.56943,+91 80 4853 7559,4
Mahalakshmi Tiffin Room,Indian        ,Vegetarian Friendly   ,12.946986,77.57158,+91 80 2290 6305,4
Dublin,Irish Bar Pub      ,Vegetarian Friendly Vegan Options Gluten Free Options ,12.99424,77.585625,+91 80 6140 1482,5
Bhojohori Manna,Indian        ,Vegetarian Friendly   ,12.96235,77.61418,+91 80 2659 3666,3.5
Nandhana Palace Rajajinagar,Chinese Indian Asian      ,Vegan Options Halal  ,12.98814,77.5492,+91 80 4613 1111,4
XOOX Brewmill,Indian Brew Pub Bar Cafe European Asian Pub  ,Vegetarian Friendly   ,12.935445,77.615036,+91 82960 08571,4.5
Oven Story,Pizza        ,Vegetarian Friendly Vegan Options  ,12.9833,77.5833,+91 1800 270 0913,4
Maravanthe,Seafood Asian       ,   ,12.9833,77.5833,+91 80 4866 0406,4.5
Cable Car,Italian Indian       ,Vegetarian Friendly Vegan Options  ,12.916958,77.58546,+91 80 4297 7777,3.5
Biryani Zone,Indian Asian       ,Vegetarian Friendly Halal  ,12.952417,77.70022,+91 80 4965 2960,4
Infinitea,Cafe        ,Vegetarian Friendly Vegan Options  ,12.987178,77.59493,+91 80 4114 8810,4
Chulha Chowki Da Dhaba,Indian Asian       ,Vegetarian Friendly Vegan Options  ,13.024899,77.63171,,4
Kudla,Seafood        ,Vegetarian Friendly Vegan Options  ,12.966239,77.594955,+91 96861 98148,4.5
Mandi,Indian Asian       ,Vegan Options   ,12.914944,77.58605,+91 80 2658 1432,4.5
Just Blr,Bar Asian Pub Gastropub     ,Vegetarian Friendly   ,,,+91 98455 38858,5
46 Ounces Old Madras Road,Indian Brew Pub Bar Fast Food Asian Pub Beer restaurants  ,Vegetarian Friendly Vegan Options  ,12.993953,77.66148,+91 96325 26768,5
Kamat,Healthy        ,   ,12.94284,77.568,+91 99452 43538,3.5
24th Main,Indian Asian       ,Vegetarian Friendly Vegan Options Gluten Free Options ,12.908882,77.585754,+91 99000 92564,4
Maratha Darshan,        ,   ,12.99046,77.59529,+91 98805 51328,4
Tea and Wine Lounge,Bar Pizza Cafe Pub     ,Vegetarian Friendly Vegan Options  ,12.98279,77.58722,+91 80 2220 5205,5
Dialogues Cafe,Mexican Chinese American Indian     ,   ,12.906261,77.58255,9.16E+11,4.5
100 ft,Italian Mediterranean       ,   ,12.87945,77.55967,+91 98864 88439,4
"Republic Of Noodles, Lemon Tree, Ulsoor",Chinese Asian Thai Deli Indonesian Singaporean Shanghai Hong Kong ,Vegetarian Friendly Vegan Options Gluten Free Options ,12.987245,77.61673,+91 98104 62329,4.5
Taj Hotel Restaurant,        ,   ,12.98406,77.60682,+91 80 2559 2006,4
Kamat Restaurant,Indian        ,Vegetarian Friendly   ,12.96055,77.58363,+91 80 2222 4802,3.5
Hammered,Indian Bar Pub      ,Vegetarian Friendly   ,12.986341,77.59505,+91 95902 10210,4
Al Zara Mandi,Indian Grill Arabic      ,   ,12.96557,77.60625,,4
Anjappar Chettinad Restaurant,Indian Asian       ,   ,12.91399,77.63685,25721144,3.5
Ranch at Big Banyan Vineyard & Resort,Indian Bar Pizza European Healthy    ,Vegetarian Friendly Vegan Options Gluten Free Options ,12.908014,77.38185,+91 80 6911 1100,5
Record Room,Bar International Pub      ,   ,12.970496,77.6105,+91 87921 07222,5
Mainland China,Chinese Asian Szechuan Shanghai Hong Kong    ,Vegetarian Friendly Vegan Options  ,13.011082,77.55587,+91 80 2268 2015,4
Monsoon,Indian International Asian      ,Vegetarian Friendly Vegan Options  ,13.02707,77.66075,+91 80 2559 4666,4.5
Big Pitcher Sarjapur,American Indian Barbecue European Asian    ,   ,12.903347,77.70417,+91 95909 05000,4.5
Chakum Chukum Calcutta On A Roll,Indian Fast Food       ,Vegetarian Friendly   ,12.97857,77.63365,+91 80 4211 5536,4
The Chancery Pavilion,Indian        ,Vegetarian Friendly Vegan Options  ,12.96839,77.60097,+91 80 4141 4141,4.5
Shaap,Indian Asian       ,Vegetarian Friendly   ,12.91736,77.6061,,4
1131 Bar + Kitchen,Italian Indian Bar Mediterranean Asian Grill   ,Vegetarian Friendly   ,12.969852,77.641426,+91 80 2520 1112,4
Bhartiya Jalpan,Indian        ,Vegetarian Friendly Vegan Options  ,12.968721,77.64164,+91 80 4852 5797,4
Sukh Sagar Hotel,Indian        ,Vegetarian Friendly Vegan Options  ,12.9363,77.61732,+91 80 2553 8888,4
Cafe Thulp,American        ,   ,12.97114,77.65398,+91 80 4093 3344,4
Bologna,Italian Pizza European      ,Vegetarian Friendly   ,12.971738,77.641136,+91 80 4965 3255,4.5
Nagarjuna Marathahalli,Indian        ,Vegetarian Friendly Vegan Options  ,12.94845,77.69884,+91 80 6530 0900,4
Oko,Chinese Japanese Sushi Asian Thai Shanghai   ,Vegetarian Friendly Vegan Options Gluten Free Options ,12.991966,77.58223,+91 80 3052 7777,4.5
Noodle bar,Chinese Asian Thai Cantonese Szechuan Shanghai Hong Kong  ,Vegetarian Friendly   ,12.98261,77.74099,+91 88673 82354,4
Lucky Chan Dim Sum & Sushi Parlour,Chinese Japanese Sushi Asian     ,   ,12.970343,77.64413,+91 80 2520 0055,4
Royal Andhra Spice,Indian Asian       ,Vegetarian Friendly Vegan Options Halal ,12.93932,77.534,,4
Punjab Grill,Indian Asian       ,Vegetarian Friendly Vegan Options  ,13.011022,77.55516,+91 97424 78792,4
Asha Food Camp,Indian        ,Vegetarian Friendly Vegan Options  ,12.99387,77.5715,+91 80 2356 2357,4
Sana-di-ge,Indian Seafood Asian      ,Vegetarian Friendly   ,12.985458,77.579666,+91 80 4129 1300,4.5
Dhruvathare Pure Veg,Indian Asian Healthy      ,Vegetarian Friendly Vegan Options  ,12.978098,76.832954,+91 81053 24499,4.5
Once Upon A Flame,American Steakhouse       ,Vegetarian Friendly   ,12.911904,77.638016,+91 77605 33337,4
Pulimunchi,Indian Seafood Asian      ,Vegetarian Friendly   ,12.980795,77.64056,+91 80 2361 6678,4
Toscano,Italian Pizza Mediterranean European     ,Vegetarian Friendly Vegan Options Gluten Free Options ,13.011737,77.55589,+91 80 2268 2055,4.5
The Only Place,American Steakhouse International European     ,   ,12.97554,77.64104,+91 80 2528 0077,4
Grasshopper,French European       ,Vegetarian Friendly   ,12.86648,77.58549,+91 80 2659 3999,4
Graama Bhojanam,Indian        ,Vegetarian Friendly Vegan Options  ,12.926944,77.57803,+91 79751 01029,4.5
La Brasserie,French Indian Asian      ,Vegetarian Friendly Vegan Options Gluten Free Options ,12.99,77.58625,+91 80 2226 2233,4.5
Temple Meals,Indian        ,   ,13.00465,77.56928,+91 96322 03201,4
Uppercut,Barbecue Asian       ,Vegetarian Friendly Vegan Options Halal Gluten Free Options,12.989199,77.72979,+91 8071 008 222,5
The Great Indian Thali,Indian Asian       ,Vegetarian Friendly Vegan Options  ,12.93441,77.62984,+91 80 4123 8328,4
A Hole Lotta Love Cafe,American Cafe       ,Vegetarian Friendly Vegan Options  ,12.933494,77.615524,+91 99456 02562,4.5
Maharaja Bhog,Indian Asian       ,Vegetarian Friendly Vegan Options  ,12.97116,77.59769,+91 80 4942 0123,4
Far & East Asian Brasserie,Chinese Japanese Asian Thai Kaiseki    ,   ,13.019646,77.58537,+91 80 4522 2268,5
Bricklane Grill,Indian Fusion       ,Vegetarian Friendly Vegan Options  ,12.969965,77.6411,+91 80 4241 5555,4
Kebapci,Indian Lebanese Mediterranean Turkish Middle Eastern Arabic   ,Halal   ,12.936612,77.62336,,4
Upahara Darshini,Indian Fast Food       ,Vegetarian Friendly Vegan Options  ,12.936388,77.57679,+91 80 2661 1355,4
Roti Ghar,Indian Asian       ,Vegetarian Friendly Vegan Options  ,12.944679,77.571884,+91 80 2662 2760,4
Lapis,Indian Mediterranean       ,Vegetarian Friendly Vegan Options  ,12.973121,77.61826,+91 80 2558 5858,4.5
Kava,Indian Asian       ,Vegetarian Friendly Vegan Options Halal Gluten Free Options,12.983172,77.55975,+91 80 4947 0000,4.5
York St. Cafe,Italian Steakhouse Cafe European     ,   ,12.935274,77.615845,+91 76249 45998,5
Rim Naam,Asian Thai       ,Vegetarian Friendly Vegan Options Gluten Free Options ,12.973456,77.618706,+91 80 2558 5858,4.5
Plan B,American Bar International Pub     ,   ,12.96788,77.60726,+91 98860 92625,4
Sea Lions BBQ & Grills,Italian Indian Barbecue Asian Grill    ,   ,12.916861,77.58544,+91 93809 00067,4.5
Sri Muthahalli Veg,        ,   ,12.91554,77.64478,+91 80505 05021,4
Vapour Indiranagar - Pub and Brewery,Chinese Indian Bar Pub     ,Vegetarian Friendly Vegan Options  ,12.969167,77.64126,+91 99000 99721,3.5
ITALIA,Italian Pizza       ,Vegetarian Friendly   ,12.97851,77.64083,+91 80 2528 9126,4
Xian Chinese Restaurant,Chinese Asian Thai Shanghai     ,Vegetarian Friendly   ,12.97767,77.61905,+91 80 4165 6111,4
Public - The Rooftop Bar and Kitchen,        ,   ,12.84604,77.59116,+91 99641 86250,4.5
Nagarjuna,Indian Asian       ,Vegetarian Friendly   ,12.94984,77.61447,+91 80 2664 9944,4
Bohemians Bengaluru,Bar Pub       ,   ,12.969966,77.639435,+91 98804 35789,3.5
Toscano,Italian Pizza European      ,Vegetarian Friendly   ,12.92921,77.59,+91 80 4155 8423,4
Ayda Persian Kitchen,Indian Middle Eastern Persian      ,Halal   ,12.97443,77.60695,+91 80 4147 8209,4
Empire Restaurant,Indian Asian       ,Halal   ,13.02503,77.59187,+91 80 4369 2654,4
White Elefan Coffee and Snack Bar,American Cafe Fast Food European Healthy    ,   ,12.93887,77.62576,+91 90350 09941,4.5
Empire Restaurant,Indian        ,Halal   ,12.8817,77.62694,+91 80 4041 4141,3
Snoopy Paws Cafe,Italian Chinese American Fast Food     ,   ,13.091323,77.65857,+91 91481 23888,4
Taj Kuteeram,Indian        ,   ,,,+91 80 2846 6326,4.5
Smoked Out Barbecue,American Barbecue       ,   ,12.93511,77.62454,+91 90084 97485,4
S N Refreshments,Indian Fast Food       ,Vegetarian Friendly Vegan Options  ,12.908313,77.58697,,4.5
Hotel Empire International,Indian        ,Halal   ,12.97613,77.60127,+91 80 2559 3743,3.5
Lido,Italian Asian       ,Vegetarian Friendly   ,12.99378,77.67245,+91 80 4936 1234,4
Karibu,Indian Asian       ,Vegetarian Friendly Vegan Options Gluten Free Options ,12.990118,77.72323,+91 80666 57272,4
Imperial Restaurant,Indian Asian       ,Vegetarian Friendly   ,12.98378,77.60357,+91 80 2286 3638,4
Dilli Chaat Wallah,Indian Asian       ,   ,12.906431,77.58819,+91 80 2658 6575,3.5
East,Chinese Asian Thai      ,Vegetarian Friendly   ,12.850093,77.66014,+91 96208 00500,5
The Ritz-Carlton Bar,Bar Pub       ,   ,12.97303,77.60931,+91 73381 53529,4.5
The Fisherman's Wharf Jakkur,Bar Seafood Pub Beer restaurants     ,   ,13.078976,77.59268,+91 98808 01000,5
Curry With A ' K ',Indian Asian       ,Vegetarian Friendly Vegan Options  ,12.96857,77.60032,+91 80 4001 9000,4.5
Bflat Indiranagar,Chinese Asian       ,   ,12.968897,77.641205,+91 80 4173 9250,4
Rara Avis Restaurant,Indian        ,Vegetarian Friendly   ,13.062854,77.59263,+91 80 2362 6262,4.5
Imperio Restaurant,Chinese Indian       ,Vegetarian Friendly   ,12.98611,77.75333,+91 80 6050 5151,4.5
Blue Bar,Bar Pub       ,   ,12.98396,77.58636,+91 80666 05660,4.5
Farmhouse Kitchen And Bakery,Italian French German European Middle Eastern    ,   ,12.962484,77.588455,+91 96636 08436,2
Kapoor's Cafe,Indian        ,   ,12.93248,77.58521,+91 98867 52502,3.5
Hyderabad Biryani House,Indian Asian       ,   ,12.95374,77.66103,+91 80 3251 4612,3.5
The RIG,Bar Pub       ,   ,12.91083,77.685036,+91 73376 89999,5
Chung Wah,Chinese Asian Szechuan Shanghai     ,Vegetarian Friendly   ,12.973854,77.60918,+91 80 2558 0708,4
Shubh Sweets & Chats,Indian Fast Food       ,Vegetarian Friendly Vegan Options  ,12.91518,77.65174,+91 80 6583 0980,4
Thai Basil Bangalore ( Koramangala),Asian Thai       ,   ,12.962484,77.588455,+91 80 4989 1968,5
Bayleaf Restaurant,Indian Asian       ,   ,12.9363,77.61683,25535050,4
Hungry Hippie,Italian Chinese American Bar Pizza Asian Pub  ,Vegetarian Friendly   ,12.934649,77.61581,+91 99455 88006,4
Spice Kitchen,Indian        ,   ,13.023733,77.64316,+91 99457 25689,4
Srinidhi,        ,   ,13.039,77.60114,,4.5
Confident Amoon,International Asian       ,   ,12.99832,77.67238,+91 80884 41310,3.5
Empire Restaurant - Rajajinagar,        ,   ,13.00339,77.54908,+91 80 4041 4141,4
Tab,Italian Pizza Cafe Fast Food     ,Vegetarian Friendly Vegan Options  ,12.90235,77.63665,+91 94481 57110,4
Bareerah Multicuisine Restaurant,Indian Middle Eastern Afghan      ,   ,12.981715,77.60786,+91 91106 95958,4.5
Anand Sweets & Savouries,Indian Fast Food Asian      ,Vegetarian Friendly Vegan Options  ,12.937268,77.619576,+91 80 4110 4466,4
AntiGravity GastroPub,Bar Asian Contemporary Pub     ,   ,12.941421,77.69676,+91 80 4890 2668,4.5
You Mee,Chinese Japanese       ,   ,12.95962,77.74795,+91 86972 84187,3.5
Go Native,American Indian Asian      ,   ,12.913396,77.63828,+91 80 4140 0800,4.5
The Himalayan Korean Restaurant,Asian Korean       ,   ,13.03236,77.62028,+91 89716 55610,4
Nandini Sweets & Milk Parlour,        ,   ,12.97484,77.57565,+91 94483 15902,3.5
Halli Mane,        ,   ,12.98032,77.56681,,5
Ajanta Restaurant,Indian        ,Vegetarian Friendly Vegan Options  ,12.97571,77.60506,25584321,4
Kanti Sweets,Indian Cafe       ,Vegetarian Friendly   ,12.97456,77.57468,+91 80 2225 3060,4
Sriracha,Chinese Japanese Asian Burmese     ,Vegetarian Friendly Vegan Options  ,12.971944,77.59611,+91 80 4175 5366,4.5
Sidewalk Kitchen & Bar,Bar Pub Gastropub      ,   ,12.951136,77.69894,+91 88840 38825,3.5
Paratha Plaza,Indian Asian       ,Vegetarian Friendly   ,13.02759,77.57954,+91 80 2341 6927,4
Gold Finch Hotel Restaurant,        ,Vegetarian Friendly   ,13.04015,77.59959,43346600,4
Koshe Kosha - Bengali cuisine,Indian Asian       ,Vegetarian Friendly   ,12.93022,77.6331,+91 98309 49494,4
Beijing Bites,Chinese Indian Asian Shanghai     ,Vegetarian Friendly   ,12.96763,77.65505,+91 80 4126 8088,3.5
Nest,Indian International       ,   ,13.0415,77.62469,+91 80 4646 7008,3.5
Madurai Idly Shop,Indian        ,Vegetarian Friendly   ,12.905,77.70112,+91 91481 86353,3
South Parade,Indian Asian       ,Vegetarian Friendly Vegan Options  ,12.96646,77.59653,+91 99862 84209,4.5
Patels Inn,Chinese Indian       ,   ,13.021278,77.59796,+91 80 2333 7575,3.5
Ammi's Biryani,Indian        ,Halal   ,12.97062,77.654,+91 80 3945 7777,3.5
fat buddha,Chinese Asian Thai Szechuan Shanghai Hong Kong   ,Vegetarian Friendly   ,12.989879,77.59123,41235139,4
Le Arabia Restaurant,        ,   ,12.96472,77.53814,+91 98099 99974,4.5
Brahmin's Kitchen,Indian        ,   ,13.067568,77.58329,+91 6361 010 755,4
zaatar Bengaluru,Chinese Indian Asian Arabic     ,Halal   ,12.9833,77.5833,+91 80 4854 2124,3
Pavilion Restaurant,American Indian Asian      ,   ,13.028244,77.558945,+91 80 4646 8000,4.5
Barley and Grapes Cafe,Italian Pub       ,   ,13.19813,77.68568,+91 98805 91098,4
Monkey Bar,Bar Pub Gastropub      ,Vegetarian Friendly   ,12.9673,77.60757,+91 80 4111 6878,4
Matsuri,Japanese Sushi Asian      ,   ,12.96646,77.59653,+91 80 4118 8888,3.5
Little Lucknow Restaurant,Chinese Indian Cafe Fast Food     ,   ,12.935247,77.6158,+91 72592 59888,4.5
Shift,Chinese Indian Bar Pub     ,   ,12.911877,77.638824,+91 80509 91125,4
The Irish House,American Bar European Pub     ,   ,13.17027,77.63204,+91 83788 41705,3.5
Maa Da Dhaba,Indian        ,Vegetarian Friendly Vegan Options  ,13.09944,77.57664,+91 97391 51622,4
Hyderabadi Bawarchi,Indian Asian       ,Halal   ,13.05621,77.57347,+91 80500 14848,4
Bhojana Shale,        ,   ,12.96506,77.53835,+91 99642 03708,5
Adyar Ananda Bhavan,Indian Asian       ,   ,12.810161,77.4032,,3.5
Cafe Azzure,Pizza Cafe       ,   ,12.96663,77.60657,+91 80 4112 5508,4
Cafe KAARA,Italian Indian Cafe Thai     ,   ,12.986591,77.61954,+91 80 2558 6860,4.5
Yak's Kitchen,Chinese Asian Tibetan      ,   ,12.96733,77.60651,+91 80 4115 7087,4
Ganesh Darshan,Indian Fast Food       ,Vegetarian Friendly Vegan Options  ,12.93077,77.58391,+91 80 4150 5554,4
Sasive,Indian Healthy       ,   ,12.864428,77.56336,+91 90357 93262,5
bangalore bistro,Italian        ,   ,12.96947,77.6065,,4
Khmer Kitchen,Indian Asian Cambodian      ,   ,12.906538,77.58662,+91 96868 26624,4.5
Underdoggs,        ,   ,12.906569,77.58965,+91 70226 66677,4
Holiday Village Restaurant,Indian Asian       ,Vegetarian Friendly   ,12.97525,77.62866,+91 80 6563 8999,3.5
Tiffin Room,Indian International Asian      ,   ,12.955673,77.73442,+91 80 2854 4444,4
The Village,Chinese Indian       ,   ,12.99364,77.5715,+91 80 2266 7262,3.5
Slv Corner Restaurant,Indian Asian       ,Vegetarian Friendly Vegan Options  ,12.948435,77.56871,+91 80 2660 9671,4
The Filter Coffee,        ,   ,12.971479,77.647,,4.5
Neo Kitchen,        ,   ,13.039997,77.62437,+91 80 6901 2345,5
"Jook Taproom, Indrianagar",Indian Brew Pub Contemporary Pub Gastropub    ,   ,12.983297,77.64032,+91 87589 67967,4.5
YouMee - Orion Mall,Chinese Japanese Asian Thai Korean    ,   ,13.011004,77.55514,+91 86602 34494,4.5
Al Daaz,Indian European Arabic      ,   ,12.92226,77.65152,+91 99161 33111,4
Barbeque Nation - Koramangala,Indian Barbecue Asian      ,Vegetarian Friendly Vegan Options Gluten Free Options ,12.925419,77.636955,+91 80 6902 8722,4
Raidan Restaurant,Chinese Indian Mediterranean Middle Eastern     ,Halal   ,13.01209,77.63528,+91 80 2544 2544,4.5
Seta,        ,   ,12.948969,77.645355,+91 80667 99999,4.5
Mynt,Indian International       ,Vegetarian Friendly Vegan Options Gluten Free Options ,12.984689,77.585,+91 80666 05660,4
Daddy,Asian Contemporary Pub Gastropub     ,   ,12.969992,77.63986,+91 95139 13341,3.5
Sri Rajarajeshwari Iyer Mess,        ,Vegetarian Friendly   ,12.99387,77.5715,+91 98806 29646,4
Ginger Tiger,Chinese Asian Thai Szechuan Shanghai Mongolian   ,Vegetarian Friendly Vegan Options  ,12.968978,77.6412,+91 80 6999 4949,3.5
Hatch Malleshwaram,American Indian Pub Gastropub     ,   ,12.97121,77.55241,+91 98453 65024,4.5
Cafe Terra,        ,   ,12.97815,77.63664,+91 99166 87418,4
JustBe,Indian Cafe       ,Vegetarian Friendly Vegan Options  ,13.00713,77.579506,+91 80 4853 8672,5
Chili's,Mexican American Bar      ,Vegetarian Friendly   ,12.997224,77.69629,+91 80672 66406,3.5
Wazwan,Indian Asian       ,Vegetarian Friendly Halal Gluten Free Options ,12.90437,77.59888,+91 80 4337 0000,4
Fire Station,Brew Pub Bar Pizza Asian Pub    ,   ,12.841673,77.64731,+91 91488 11100,3.5
Delhi Food Point,Indian        ,   ,12.93533,77.6157,+91 80 6453 4966,4.5
Pizza Hut,Pizza        ,   ,12.96297,77.59992,+91 1800 202 2022,4.5
Izanagi Japanese Restaurant,Japanese        ,   ,10.032409,76.31268,+91 96112 03431,5
Thai House,Thai        ,   ,12.972057,77.606964,+91 80 4854 4470,5
Khazana Food Paradise,        ,   ,12.96349,77.60519,+91 99009 03909,4
Punjab Grill - Forum Shantiniketan Mall,Indian        ,   ,12.99227,77.71756,+91 84485 81880,3.5
KFC (Kentucky Food Corp.),American Fast Food       ,   ,12.93752,77.61057,+91 80 2206 7993,3.5
A2B - Adyar Ananda Bhavan,Indian Asian       ,Vegetarian Friendly   ,12.90545,77.57329,,4
Mini Punjabi Dhaba,        ,   ,12.919581,77.57257,+91 98450 44074,4.5
Dofu,Japanese Asian Korean      ,   ,12.980255,77.64056,,4.5
Pasta Street,Italian Pizza European Wine Bar     ,   ,12.98822,77.7301,+91 77605 36185,4.5
Cafe Toscano,Italian Pizza European      ,Vegetarian Friendly   ,12.936942,77.58494,+91 80 4155 8423,4
Xochi Bar & Kitchen,Chinese Indian Bar Asian Pub    ,   ,12.923965,77.67316,+91 98800 01193,4.5
Amritsari- Truly North Indian Restaurant,Indian        ,   ,12.938811,77.61795,+91 88617 53774,5
The Pallet - Brewhouse & Kitchen,Indian Brew Pub Bar International Contemporary Pub   ,Vegetarian Friendly Vegan Options  ,12.990726,77.723206,+91 80 6191 5234,4
Terra Bites,Italian American Cafe International Asian    ,   ,12.934254,77.62588,+91 80 4374 4044,5
Tadka Singh,Indian        ,Vegetarian Friendly Vegan Options  ,12.978254,77.638695,+91 76761 21212,3.5
Magnolia Rooftop Pan Asian Restaurant,Chinese Cantonese Szechuan Burmese Shanghai Sri Lankan   ,Vegetarian Friendly   ,13.037023,77.571846,+91 80 4110 2222,4
Konark Kanteerva,Indian Fast Food Asian      ,Vegetarian Friendly Vegan Options  ,12.97029,77.592125,+91 80 2224 8812,4
Bob's Bar,Indian Bar Asian Pub     ,   ,12.967164,77.64134,+91 78990 25176,4
Leon Grill,Fast Food        ,Vegetarian Friendly Halal  ,12.969188,77.64893,+91 80 4204 3332,4
Levels Pub & Kitchen,        ,   ,12.90613,77.59403,+91 98455 28795,4.5
Truffles,French Indian European Contemporary Central European South American Central American Central Asian ,   ,13.022487,77.63958,+91 80 4058 4093,4
Go Native,Indian Cafe Healthy      ,Vegetarian Friendly Vegan Options  ,12.968847,77.59698,+91 80 4164 3260,4.5
Phurr Restaurant,Indian        ,   ,12.932932,77.58547,,3
Manjit Da Dhaba,Indian        ,Vegetarian Friendly Vegan Options  ,12.99724,77.61995,+91 95900 84707,4.5
Raahi Neo Kitchen & Bar,Asian        ,   ,12.973032,77.60257,+91 80 4890 9678,4
Konark Vegetarian Restaurant,Indian Asian       ,Vegetarian Friendly Vegan Options  ,12.97466,77.59659,+91 94815 28812,4
Swathi Restaurant,Asian Healthy       ,   ,12.989297,77.57221,+91 80 2356 2122,4.5
Udupi Grand,Indian        ,Vegetarian Friendly Vegan Options  ,12.95612,77.73023,+91 70226 03141,4
Klayworkz Barista,Italian Indian Pizza Cafe Fusion    ,   ,12.906827,77.599556,+91 70191 15511,5
Nusa - Tropical Brewvilla,Italian        ,   ,12.9381,77.746,+199165 55499,4
Swathi Restaurant,Indian Asian       ,Vegetarian Friendly Vegan Options Halal ,12.99786,77.55006,+91 80 2349 8074,3.5
Kesar Sweets,Indian Fast Food Asian      ,Vegetarian Friendly Vegan Options  ,12.9499,77.71226,+91 80 2849 5088,4
Chutney Chang,Chinese Indian Asian      ,Vegetarian Friendly Vegan Options Gluten Free Options ,12.973792,77.60304,+91 80 4000 1234,4
The Asian Curry House,Chinese Japanese Asian Thai     ,Vegetarian Friendly Vegan Options  ,12.991666,77.57034,+91 76187 00671,4
153 Biere Street,        ,Vegetarian Friendly   ,12.96471,77.7553,,4
Koramangala Social,Bar International Pub      ,Vegetarian Friendly Vegan Options  ,12.93548,77.61414,+91 91520 10479,4
Opus,Indian Bar International Grill Pub Diner   ,   ,12.915134,77.6663,+91 80 4644 4777,4
Hydeout Bar & Lounge,Italian        ,Vegetarian Friendly   ,13.01263,77.55507,+91 80 4252 1000,4.5
Indian Durbar,Indian        ,Vegetarian Friendly Vegan Options Halal Gluten Free Options,12.975536,77.62067,+91 88847 55994,5
Kling Brewery,Italian American Indian Seafood Asian    ,   ,12.975006,77.60451,+91 98802 28891,5
Cool Joint,Indian Fast Food       ,Vegetarian Friendly Vegan Options  ,12.93253,77.58598,+91 80 4121 0004,4
Bluebrick Cafe,Italian French Indian Cafe     ,   ,13.095379,77.58888,,4
Xtreme Sports Bar at Tillt,Bar Pub       ,   ,12.93428,77.61569,+91 98865 03432,3.5
God's Own Cafe,Indian Asian       ,   ,12.93621,77.61613,+91 99807 39700,5
My Place,Indian European Asian      ,Vegetarian Friendly Vegan Options Gluten Free Options ,13.042251,77.55477,+91 80 4300 1000,4.5
SkyDeck by Sherlock's,        ,   ,12.9733,77.61969,+91 88803 00600,3.5
Barleyz,Indian Bar Asian Pub     ,Vegetarian Friendly   ,12.937802,77.62716,+91 88801 28888,3.5
Qissa Arabic Restaurant,Arabic        ,   ,12.969525,77.64774,+91 76250 49692,5
Anand Sweets Restaurant,Indian Asian       ,Vegetarian Friendly Vegan Options  ,12.90544,77.58482,+91 80 2671 6111,4.5
Bangalore,Indian Asian       ,Vegetarian Friendly Vegan Options  ,12.97754,77.56845,+91 81237 70473,4.5
Lupa,Bar Mediterranean European      ,   ,12.96571,77.66176,+91 87923 85999,3
Kritunga,Indian Asian       ,Vegetarian Friendly Halal  ,12.93914,77.61808,+91 80 6566 5777,4
Singkong,Chinese Asian Thai Indonesian Szechuan Singaporean Shanghai Hong Kong ,Vegetarian Friendly Vegan Options  ,12.971944,77.59603,+91 80 4175 5366,4
Mathsya Darshini,Seafood        ,   ,12.97668,77.59903,,4
The Green Path Forgotten Food,Asian        ,Vegetarian Friendly Vegan Options  ,12.990444,77.57179,+91 80 2356 9777,4
Ranganna Military Hotel,Indian        ,Halal   ,12.929579,77.57366,+91 80 6452 8777,3.5
Burma Burma Restaurant & Tea Room,Asian Burmese       ,   ,12.972908,77.606094,+91 99202 40092,5
Soho Street,American Indian Asian Grill     ,Vegetarian Friendly Vegan Options Halal ,12.934786,77.60925,+91 80507 11000,4
Roots Resturant,Chinese Indian       ,   ,13.04015,77.59959,+91 73382 97272,4.5
Napoli Italian Bistro,Italian Pizza Cafe European     ,Vegetarian Friendly Vegan Options  ,12.915748,77.67293,+91 90363 65904,4
Sathya's,Chinese Indian Bar Pub     ,Vegetarian Friendly   ,12.92435,77.6518,+91 80 4131 7571,4
Habba Kadal Kashmiri Heritage Hub,Indian        ,   ,12.97179,77.74926,+91 76038 21537,5
The Fatty Bao,Chinese Japanese Asian Thai Vietnamese Shanghai   ,Vegetarian Friendly Vegan Options Gluten Free Options ,12.970483,77.64523,+91 80 4411 4499,4.5
Thalassery Restaurant,Indian Asian Arabic      ,Vegetarian Friendly Halal  ,12.925811,77.67581,7.05E+11,4
The Yellow Chilli Jayanagar,Indian Bar Asian Pub Diner    ,Vegetarian Friendly Vegan Options  ,12.925406,77.58586,+91 98800 95001,3.5
Thran,Asian Korean       ,   ,13.03208,77.63456,+91 80 4205 0685,4.5
Atta Galatta,Cafe        ,Vegan Options   ,12.93629,77.61678,+91 96325 10126,4.5
Bang,Indian Bar       ,Vegetarian Friendly Vegan Options  ,12.967536,77.60163,+91 80 4914 8000,4.5
Punjabi Rasoi Restaurant,Indian        ,   ,13.02438,77.59191,23338064,4
Toms Hotel Restaurant,Indian Seafood Asian      ,Vegetarian Friendly Vegan Options  ,12.93565,77.60821,+91 80 2557 5875,4.5
Onesta,Italian Fast Food European      ,Vegetarian Friendly Vegan Options  ,12.90626,77.59003,+91 8904001147 48,4.5
Adigas Veg,Indian Asian       ,Vegetarian Friendly Vegan Options  ,12.96982,77.57975,22206261,4
Wow! Momo,Fast Food Asian Tibetan      ,   ,12.973208,77.60736,+91 80 4098 8938,4
Park View Restaurant,Fast Food Asian       ,   ,12.91092,77.56698,41509991,4.5
Moti Mahal Delux Tandoori Trail Bangalore,Indian        ,Vegetarian Friendly Vegan Options  ,13.049207,77.596634,+91 80 4510 5000,3.5
Udupi Park,        ,   ,12.97791,77.47707,,4
Spice It,Indian Asian       ,Vegetarian Friendly Vegan Options  ,12.96717,77.59379,+91 80 4254 8005,4
Ambur Biriyani,Indian Asian       ,Vegetarian Friendly Vegan Options Halal ,12.96175,77.58764,+91 89514 02535,4
Rotti Mane,Indian        ,   ,12.969514,77.53344,+91 95909 33313,4.5
Saffron By Sanmanaa,Indian        ,   ,12.956035,77.555145,+91 98453 50161,4.5
Shanthi Sagar,Chinese        ,   ,12.95668,77.59974,+91 80 4113 5196,4
Mavalli Tiffin Rooms,Indian        ,   ,12.76639,77.48795,+91 98868 94147,4
Pot-O-Noodles,        ,   ,12.96523,77.64025,+91 80 4374 7204,3.5
Hoppipola - All Day Bar & Bonhomie,Italian Bar International Asian     ,   ,12.978,77.63958,+91 20 6560 1101,3.5
The Irish House,American European       ,Vegetarian Friendly   ,13.094543,77.59485,+91 95133 47299,3.5
Nandhana Palace Sahakarnagar,Chinese Indian Asian      ,   ,13.03113,77.5956,+91 80 4613 1111,4
Esplanade - Kitchen & Bar,Indian        ,Vegetarian Friendly   ,13.02209,77.53513,80-40927878-0,4.5
Chai Point,Cafe        ,   ,12.9124,77.68104,+91 80885 06589,4
Meridian South,Chinese Indian Cafe Diner Soups    ,   ,12.83689,77.6812,+91 97428 15634,4
Tayabbs,Indian Fast Food Asian      ,Vegetarian Friendly Halal  ,12.98216,77.64579,+91 78298 11234,4
Ouzo By Fire - Indiranagar,Indian Seafood       ,   ,12.978176,77.64073,+91 89519 89382,4.5
Gowdara Mudde Mane,Indian        ,   ,13.07652,77.53985,+91 98452 47856,3.5
Nakshatra Fine Dine Restaurant,Indian Seafood       ,   ,12.9034,77.59133,+91 98454 57215,3.5
Belgian waffle factory,Belgian European       ,Vegetarian Friendly   ,12.96982,77.6071,+91 98927 59808,4.5
Woodstok (Resto - Cafe),American European       ,Vegetarian Friendly   ,12.967008,77.63722,+91 96863 77553,4.5
Own Kitchen,Indian        ,   ,13.03207,77.59359,+91 80 6573 5205,4.5
Empire Restaurant,Chinese Indian Asian      ,Vegetarian Friendly Vegan Options Halal ,12.96911,77.74264,+91 80 2549 3349,4
Sherlock's Pub,Indian Bar Pub      ,   ,12.95441,77.52285,+91 88803 00600,4
Banana Leaf,        ,   ,13.03178,77.57011,+91 80 6444 4455,4
Brik Oven Indiranagar,Italian Pizza       ,   ,12.979774,77.646545,+91 80 4204 2111,4
Orchid,Indian Asian       ,   ,12.98384,77.5815,+91 80 4666 4100,4.5
IceBreakers Koramangala,Cafe Fast Food Street Food      ,   ,12.937502,77.61919,+91 81234 44800,4
Plan B,Bar Fast Food Pub      ,   ,12.97465,77.60788,+91 97399 02745,4
Aromas of South,Indian Asian       ,Vegetarian Friendly Vegan Options  ,12.984896,77.58103,+91 99009 94433,4
Season,Chinese Indian Asian      ,Vegetarian Friendly Vegan Options  ,12.96037,77.60213,+91 80 4359 5700,4.5
Shivaji Military Hotel Restaurant,Indian        ,   ,12.91847,77.57385,+91 98451 49217,3
Chowmein Family Restaurant,Chinese Asian Szechuan      ,   ,13.0118,77.55202,+91 80 2338 6468,4
Tiger Trail,Indian Asian       ,Vegetarian Friendly Vegan Options Gluten Free Options ,12.984196,77.60055,+91 80 2286 5566,4
Bangarpet Chats,        ,   ,12.91771,77.51216,+91 96200 38055,4.5
Raghavendra Tiffin,        ,   ,12.91285,77.63528,+91 96329 05948,4.5
Coyla - Cababs & Curries,Indian Fusion       ,   ,12.979421,77.75184,+91 97417 82502,4.5
Akshaya Family Restaurant,Indian        ,   ,13.024184,77.5495,+91 93438 34017,4.5
Nandhana Palace Indiranagar,Chinese Indian Asian      ,Vegetarian Friendly Vegan Options  ,12.96221,77.64179,+91 80 4613 1111,4
Tangerine Sizzlers & More,Italian Steakhouse Indian Fusion     ,   ,12.93435,77.62362,+91 80 4115 2678,3.5
Obsidian,Bar Pub       ,   ,13.041853,77.55486,+91 80 4300 1000,4.5
Mr. Hong,Chinese Asian Thai Shanghai     ,   ,13.010875,77.555214,+91 80 2268 2240,4
Jade,Chinese Asian Cantonese Szechuan Shanghai    ,Vegetarian Friendly   ,13.05922,77.56451,+91 80 4160 9484,4
Achayyan's,Indian Asian       ,   ,12.96294,77.64171,+91 94486 86099,4
Pin Me Down,Italian Mexican Indian Asian Contemporary    ,   ,12.934202,77.60955,+91 80882 24224,4.5
Serengeti,Chinese Indian Asian      ,Vegetarian Friendly   ,12.92523,77.61761,+91 80 4000 3333,4
Pai Viceroy,Indian International Asian Contemporary     ,Vegetarian Friendly Vegan Options  ,13.01522,77.6708,+91 88920 77889,4
Punjab Bistro,Indian Asian       ,   ,12.93629,77.61659,+91 80 4090 2161,4
Anupam's Coast Ii Coast,Indian Seafood Mediterranean      ,Vegetarian Friendly   ,13.00973,77.61642,+91 80 4146 0555,4
New Golden Breeze Restaurant,Indian        ,   ,13.03081,77.080635,+91 95911 33339,3.5
The Lobby Cafe,Indian        ,Vegetarian Friendly Vegan Options  ,12.84546,77.66197,+91 80672 76969,4.5
Aaha Andhra,Fast Food Asian       ,Halal   ,13.04097,77.62176,+91 96204 44144,4
080 International Lounge - Bangalore Airport,International        ,   ,13.070601,77.791855,+91 86575 41678,3.5
Wanderers,Indian Brew Pub Bar Pub     ,Vegetarian Friendly   ,13.03129,77.63512,+91 82969 77070,3.5
Dindigul Thalapakatti Restaurant,Indian        ,Vegetarian Friendly Halal  ,12.972439,77.61852,+91 80 4229 7250,4
Swathi Deluxe,Chinese Indian Bar Asian Pub    ,   ,12.937881,77.699036,+91 99000 43666,4
Hunger Camp,Indian Asian       ,   ,,,+91 97397 61836,4.5
Sri Rathnam Vegetarian Restaurant,Indian        ,   ,13.203229,77.26587,+91 81232 17162,3.5
News Cafe,Cafe        ,   ,12.9832,77.6406,+91 80 2520 1238,4
Subway,Fast Food        ,   ,12.93794,77.61049,+91 80 2206 7695,4
Badmaash Lounge,Indian        ,   ,12.934978,77.61382,+91 84969 69661,2.5
Sri Raghavendra Davanagere Benne Dose Hotel,Indian        ,Vegetarian Friendly   ,12.90912,77.57303,+91 98451 14198,3.5
New Govinda Rao Military Hotel,        ,   ,12.97285,77.57031,+91 98440 20118,4
Hyderabadi Spice,Indian        ,Vegetarian Friendly Halal  ,12.839197,77.65895,+91 80 6597 0924,4
The Royal Corner,Chinese Indian Asian      ,Vegetarian Friendly Vegan Options  ,12.946923,77.59956,+91 99809 09054,4.5
Padharo Sa,Indian Asian       ,Vegetarian Friendly   ,12.94183,77.59348,+91 80 2664 1078,4
Gawky Goose,Italian Northern-Italian       ,   ,12.954,77.6452,+91 99017 87273,4.5
We:Neighborhood Banaswadi,American Indian Brew Pub Bar Pizza    ,   ,13.001715,77.63282,+91 95136 49744,5
Nandhana Palace Domlur,Indian Asian       ,Vegetarian Friendly Vegan Options  ,12.955862,77.6414,+91 80 4613 1111,4
Kobe Sizzlers,        ,Vegetarian Friendly   ,13.03215,77.67403,+91 80 6560 0874,4
Leon Grill,Fast Food        ,   ,12.97851,77.64083,+91 80 4890 6619,4
KLINX,Bar Pub       ,   ,12.95691,77.64148,+91 80667 99999,4.5
Kampot,Chinese Bar Asian Korean Pub Vietnamese Cambodian  ,   ,12.96557,77.60625,+91 96060 25113,4
Sorse,Indian Asian Fusion      ,Vegetarian Friendly Vegan Options  ,12.98392,77.72893,+91 96204 56616,3.5
Park Square Mall,American        ,   ,12.98404,77.73724,,3.5
Mother Cluckers,American Bar International Pub     ,   ,12.978,77.63958,+91 98450 96332,4
Pai Refreshments,Indian        ,   ,12.98059,77.57466,+91 80 2228 6750,4.5
Subway,Fast Food        ,Vegetarian Friendly Vegan Options  ,12.93995,77.58496,+91 80 2211 2525,4
37 China Town,Chinese International Thai      ,   ,12.98396,77.58636,+91 99009 94433,4.5
Sherlock's Lounge & Kitchen,Indian        ,   ,13.092829,77.59389,+91 96205 39983,4
Mr. Beans Cafe lounge,French Cafe International European     ,   ,12.929254,77.62171,+91 80 4111 5717,3.5
Sichuan,Chinese Indian Asian Szechuan Shanghai    ,Vegetarian Friendly   ,12.92126,77.64506,+91 80 3232 0077,4
Momo Jojo,Chinese Asian       ,Vegetarian Friendly   ,12.94888,77.62282,+91 97392 75618,4.5
Le Arabia Restaurant,Italian Chinese Indian Asian Arabic    ,   ,12.911831,77.599655,+91 80 4141 0082,5
Bamboo Restaurant,Indian Asian Middle Eastern Soups Arabic    ,   ,13.022947,77.63953,+91 99958 18283,4
Meghana Foods,Indian Asian       ,Vegetarian Friendly Vegan Options Halal ,12.949599,77.69959,+91 80 4169 0999,4
Paakashala,Indian Asian       ,Vegetarian Friendly   ,12.92796,77.50979,+91 80 2860 4460,3.5
Red Sun,Chinese Asian Szechuan Shanghai     ,Vegetarian Friendly   ,13.027978,77.54104,+91 80673 03050,4.5
Anand,Indian Fast Food Asian      ,   ,12.88919,77.60229,+91 80 2648 8992,4
Dock 66,Bar Asian Pub Beer restaurants     ,   ,12.97121,77.72493,+91 76250 84590,4.5
Hangover,Bar Pub       ,   ,12.912174,77.6506,+91 91484 84333,4.5
Mainland China Restaurant,Chinese Asian Szechuan Shanghai Hong Kong    ,Vegetarian Friendly Vegan Options  ,12.96196,77.61415,+91 80 4036 5000,4
China Bowl,Chinese Asian Thai Cantonese Szechuan Shanghai   ,   ,12.9398,77.62098,+91 80 4175 1635,4
Chianti Ristorante & Wine Bar,Italian European       ,   ,12.972459,77.61887,+91 80 4375 5274,4.5
The Lobby Lounge,        ,   ,12.97303,77.60931,+91 70450 19761,5
Nalapak,Indian        ,Vegetarian Friendly Vegan Options  ,12.99523,77.54541,+91 80 2352 3108,4.5
Chandni Chowk,Indian        ,   ,12.93629,77.61678,+91 80 4110 5757,3
Woody's,Chinese Indian Fast Food      ,Vegetarian Friendly Vegan Options  ,12.96554,77.59567,+91 80 2222 5111,3.5
Nandhini Restaurant Jayanagar,Indian        ,Vegetarian Friendly   ,12.95491,77.58108,+91 80 4341 1111,3.5
Mumbai Tiffin,Chinese Indian Healthy      ,Vegetarian Friendly Vegan Options  ,12.91348,77.64452,+91 91102 70491,4
Le Rock,Italian Chinese Indian Bar International Pub   ,   ,12.973722,77.6071,+91 80 4123 1001,4
Recess,Cafe        ,   ,12.95644,77.64148,+91 80667 99999,4.5
Barley & Grapes Cafe,International Mediterranean       ,   ,13.063886,77.5901,+91 80 4372 1725,4
Cafe Mangii,Italian Pizza European      ,Vegetarian Friendly   ,12.972104,77.59582,+91 80 2227 0098,3.5
Papa John's India,Italian Pizza Fast Food      ,   ,12.834284,77.401,,3.5
Savoury Sea Shell,Chinese Indian Mediterranean Asian Middle Eastern    ,Vegetarian Friendly Halal  ,12.89001,77.59992,+91 80 4935 5555,4
Woody's Hotel & Restaurant,Chinese Indian Fast Food      ,Vegetarian Friendly   ,12.91422,77.57802,+91 80 2649 0888,3.5
Mayuri Andhra Style Restaurant,        ,   ,12.9593,77.58296,26708073,4
Indijoe Sizzlers,Chinese        ,Vegetarian Friendly   ,12.95616,77.65478,+91 80 4111 3311,3.5
Sky Bar,        ,   ,12.97116,77.59769,,4.5
Mane Holige,Indian        ,   ,12.97051,77.654,+91 98865 84789,4.5
Movenpick Restaurant,Indian Asian       ,Vegetarian Friendly Vegan Options Halal ,13.04957,77.53757,,4
M Bar,        ,   ,12.979019,77.728325,+91 80 4943 5000,5
Udupi Grand,Indian Asian       ,Vegetarian Friendly Vegan Options  ,13.09232,77.57614,+91 80 2854 6453,4
Tata Cha,Cafe Fast Food       ,   ,12.94169,77.55018,+91 76191 38023,4
Fabindia Cafe,Indian Cafe       ,   ,12.93661,77.62618,+91 98801 82859,4.5
California Burrito,Mexican        ,   ,13.03208,77.63456,+91 80 4114 8725,4.5
Indraprastha Restaurant,Indian Asian       ,Vegetarian Friendly   ,12.96779,77.536,+91 80 6560 6266,4
The Capitol,Asian        ,Vegetarian Friendly   ,12.98463,77.59062,+91 98451 47458,4
Chili's,Mexican American Southwestern Bar Pub    ,Vegetarian Friendly   ,13.011317,77.55526,+91 80 2268 2125,3.5
Kadamba Veg,Indian Asian       ,Vegetarian Friendly Vegan Options  ,13.10035,77.59545,+91 98800 93264,3.5
Rasta Cafe,Cafe International       ,Vegetarian Friendly Vegan Options  ,12.766094,77.33154,+91 99000 72782,3.5
Pind Balluchi,Indian Asian       ,Vegetarian Friendly   ,12.970311,77.61014,+91 99000 75648,3.5
The Higher Taste Stores,Fast Food        ,   ,13.00719,77.5709,+91 80 4206 8110,4.5
The Fisherman's Wharf - Bangalore City,Indian Seafood Asian      ,Vegetarian Friendly Vegan Options Gluten Free Options ,12.97505,77.59981,+91 73538 00001,4
Bobby's Dhaba,Indian        ,   ,13.0479,77.50228,,4
The Black Pearl Marathahalli,Chinese American Indian International Mediterranean Barbecue   ,Vegetarian Friendly Vegan Options Gluten Free Options ,12.939389,77.69477,+91 98804 34555,4
Sea Rock Family Restaurant & Bar,Indian Seafood       ,Vegetarian Friendly Vegan Options  ,12.986647,77.57948,22260144,4.5
Ambrosia,Italian Mexican Indian      ,Vegetarian Friendly Vegan Options  ,12.905017,77.50923,+91 80 4512 8683,4
Baisakhi Restaurant,Indian Asian       ,Vegetarian Friendly Vegan Options  ,12.946199,77.57025,+91 80 6533 9999,3
Once Upon A Rooftop,Indian Bar Pub      ,Vegetarian Friendly Vegan Options  ,13.0136,77.69186,+91 88617 91277,4.5
Stegi,Indian        ,Vegetarian Friendly Vegan Options  ,12.933639,77.583496,+91 99866 94781,4
Mudde Madappa Mess,Indian        ,Vegetarian Friendly   ,12.97976,77.57707,+91 98440 08380,4
Ging Oriental Bar & Kitchen,Chinese Indian Bar Asian Pub Shanghai   ,Vegetarian Friendly Vegan Options  ,12.97513,77.61528,+91 99020 00063,5
Coastal Delight,Indian Seafood       ,   ,12.978,77.63958,+91 98809 85235,4
154 Breakfast Club,Cafe        ,Vegetarian Friendly Vegan Options  ,12.933332,77.62701,+91 80 2553 3133,4
Halli Mane,Indian Asian       ,Vegetarian Friendly Vegan Options  ,12.995597,77.57176,,4
The Naga Chef,Chinese Indian Asian      ,   ,12.92905,77.63746,+91 80 4167 0975,4.5
Kesariya,Asian        ,   ,13.004897,77.5838,+91 80 2361 0800,4.5
Slurp Studio,Indian        ,Vegetarian Friendly Vegan Options  ,12.999323,77.54253,+91 99165 80506,4.5
"Auntie Fung""s",Chinese Asian       ,   ,13.03297,77.56938,+91 80 4222 8555,4
Authentic Andhra Restaurant,Indian        ,   ,12.946171,77.68002,9.16E+11,4.5
Marhaba,Indian Lebanese Mediterranean Barbecue Middle Eastern    ,Halal   ,12.95574,77.72097,+91 80672 66131,3.5
Cafe Memoire,Italian Mexican Chinese Cafe Asian    ,   ,12.962484,77.588455,+91 96063 19495,5
20 Feet High,American Bar International Pub     ,Vegetarian Friendly   ,12.975084,77.60507,+91 80 2558 2122,4
Grapevine,Mediterranean Middle Eastern       ,Vegetarian Friendly Vegan Options  ,12.90726,77.63803,9.13E+12,4
Empire Restaurant - Church Street,Indian        ,Halal   ,12.97613,77.60127,+91 80 4041 4141,3.5
Shaadi Ki Biryani,Indian Asian Bangladeshi      ,   ,12.982667,77.60695,+91 80 6565 0707,3
Glass Kitchen & Bar,Indian Bar Seafood Pub Healthy Soups   ,   ,12.979972,77.578476,+91 76249 97888,5
MTR 1924,Indian        ,Vegetarian Friendly Vegan Options  ,12.97764,77.57726,+91 80 2234 0470,4
Hotel Chandrika Restaurant,Indian Asian       ,Vegetarian Friendly Vegan Options Gluten Free Options ,12.989776,77.592964,+91 80 2226 0197,4
Golkonda Chimney,Indian Asian       ,Vegetarian Friendly Halal  ,12.955904,77.71282,+91 80 3272 3434,3.5
Pasta Street,Italian Pizza European Wine Bar     ,   ,12.932802,77.631035,+91 80 4374 4446,4.5
Ramanashree Hotel Restaurant,Indian Asian       ,Vegetarian Friendly Vegan Options  ,12.96739,77.58859,41350000,4
Rasa India,Indian Asian       ,Vegetarian Friendly Vegan Options  ,12.978,77.63958,+91 80 4151 8237,4
Infinity,Chinese Seafood Asian Indonesian     ,   ,12.98392,77.72893,+91 80666 57272,4
Go Native,Indian Healthy       ,Vegetarian Friendly Vegan Options  ,12.913407,77.63834,+91 80 2664 2552,4
Smally's Restocafe,Italian American Fast Food International     ,Vegetarian Friendly   ,12.98979,77.61942,+91 98807 02470,4.5
Biriyani Zone,Indian Asian       ,Vegetarian Friendly Halal  ,12.952417,77.70022,+91 98866 39782,4.5
Cafe Masala,Italian Indian Asian      ,   ,12.96663,77.60657,+91 80 4111 8433,4
Chungs Chinese Corner,Chinese Asian Szechuan      ,   ,13.00446,77.56928,+91 80 2336 8222,4
Krazzy Folds Restaurant,Italian Mexican Japanese      ,Vegetarian Friendly Vegan Options  ,12.927204,77.58599,+91 80 4965 2826,4.5
Maddur tiffany,Indian Asian Street Food      ,   ,12.95311,77.54176,+91 95355 56066,4
Gatsby,Italian Indian Medicinal foods      ,   ,12.962484,77.588455,+91 80 4748 9007,4.5
The Chariot Pure Vegetarian,Chinese Indian Asian Healthy     ,Vegetarian Friendly Vegan Options  ,12.972031,77.60689,+91 80 2558 7419,4
Sunny's,Italian European       ,Vegetarian Friendly Vegan Options  ,12.972076,77.5987,+91 80 4132 9366,4.5
Maffei Kitchen,Lebanese Moroccan Mediterranean Greek     ,   ,12.936271,77.62034,,3
Nandhana Palace Kammanahalli,Chinese Indian Asian      ,Halal   ,13.01331,77.63548,+91 80 4613 1111,3.5
Kerala Pavilion,Seafood        ,Vegetarian Friendly   ,12.96804,77.57858,+91 80 2535 6829,4
Maxims Buffet Restaurant,Chinese Indian International      ,   ,13.0116,77.55013,+91 80 4659 5959,5
Scottish Pub,Bar Pub       ,   ,12.96886,77.60041,+91 80 2221 5002,3.5
North Indian Bhukkads (NIB),Indian Cafe       ,Vegetarian Friendly Vegan Options  ,13.040981,77.62039,+91 98809 76699,4.5
PlanB,American Bar Grill Pub     ,   ,12.96227,77.60143,+91 97399 02745,4
Fusion Street Global Cuisine,Chinese European Asian      ,   ,13.021475,77.64159,+91 80 4116 1234,4.5
Puliyogare Point,Indian Asian       ,Vegetarian Friendly   ,12.96453,77.61264,+91 80 4169 2243,4
Biggies Burger 'N' More,American Fast Food       ,   ,12.84538,77.66575,+91 90350 01144,4
Windmills,International Wine Bar       ,   ,12.9772,77.63598,,4
Adithya Restaurant,Indian        ,Vegetarian Friendly Vegan Options  ,12.91522,77.5866,+91 80 6565 6645,4
Sarposh Restaurant And Tea Room,Asian        ,   ,12.970428,77.64758,+91 95382 62493,4.5
A2B Veg,Indian Asian       ,Vegetarian Friendly Vegan Options  ,12.92282,77.51941,+91 80 4115 5099,3.5
Malgudi,Indian Asian       ,Vegetarian Friendly Vegan Options  ,12.98377,77.6923,+91 80 2540 1351,3.5
California Burrito,Mexican Fast Food       ,Vegetarian Friendly Vegan Options  ,12.93629,77.61678,+91 80 4128 4441,4.5
6 Ballygunge Place,Indian Asian       ,   ,12.95409,77.69374,80-41521695-0,4
Mannheim Craft Brewery @ Ecoworld,American Brew Pub Asian      ,   ,12.920611,77.68405,+91 96633 95482,4
Salt Mango Tree,Indian Asian       ,   ,12.96967,77.63884,+91 96863 65602,4
Sri Udupi Park,Indian Asian       ,Vegetarian Friendly Vegan Options  ,12.95584,77.7155,+91 99459 77774,3.5
Natraj Chole Bhature,Indian Cafe Fast Food Street Food     ,   ,12.962484,77.588455,+91 97401 22771,4.5
The Watering Hole,Asian        ,   ,12.93384,77.51602,+91 73376 66643,4
Chinita Real Mexican Food Koramangala,Mexican South American Central American      ,   ,12.935475,77.62252,+91 95910 38009,4.5
Tijori,Indian        ,Vegetarian Friendly Vegan Options  ,12.980183,77.58612,+91 98802 20007,4.5
Anand Sweets & Savouries,Indian        ,Vegetarian Friendly   ,12.981516,77.610214,+91 80 6817 2091,4
Mannheim Craft Brewery @ Garuda Mall,Italian American Indian Brew Pub Asian Pub   ,   ,12.970344,77.610664,+91 96633 95483,5
Hotel Junior Kuppanna Restaurant,Indian Asian       ,Vegetarian Friendly Halal  ,12.93577,77.61503,+91 80 4169 7073,4
Udupi Sri Krishna Bhavan,Indian        ,Vegetarian Friendly Vegan Options  ,12.97112,77.57394,22875378,4
Parijatha Gateway,        ,Vegetarian Friendly   ,12.9885,77.55937,+91 80 4311 1111,3.5
"Absolute Barbecues - Whitefield, Bengaluru",Indian Barbecue       ,Vegetarian Friendly Vegan Options  ,12.9833,77.5833,+91 73373 83765,4
Hanoi - Vietnamese Cuisine,Asian Vietnamese       ,Vegetarian Friendly Vegan Options  ,12.93389,77.63047,+91 80 4140 5599,4
Adyar Ananda Bhavan,Indian        ,Vegetarian Friendly Vegan Options  ,13.152197,77.620895,+91 94821 06219,3.5
Citrus Cafe,Indian        ,Vegetarian Friendly Vegan Options  ,12.987293,77.616806,+91 96865 77481,4
Tuk Tuk Thai - Pure Veg Asian Fine Dine,Chinese Asian Thai Vietnamese Soups    ,   ,12.935276,77.62442,+91 80 4852 6265,5
Chez Mariannick,Italian French Pizza European     ,Vegetarian Friendly   ,12.956354,77.74106,+91 97394 06536,4
Whitefield Baking Company,International Deli       ,Vegetarian Friendly Vegan Options Gluten Free Options ,12.9793,77.7279,+91 80 4943 5000,5
Paris Panini - Gourmet Sandwiches and Wraps,French Cafe European Street Food     ,   ,12.920132,77.68464,+91 99014 28604,5
Rajdhani Restaurant,Indian        ,   ,12.941655,77.5968,43283010,4
Kebab Magic Jayanagar,Indian Asian       ,Halal   ,12.940152,77.57984,"26570381, 26490895",4.5
Habanero,Mexican        ,Vegetarian Friendly   ,12.93,77.63429,+91 80 4169 2109,3.5
Arena Artisanal Brewkitchen,Brew Pub Sushi Asian Contemporary Pub    ,   ,12.976735,77.6412,+91 98803 36262,4.5
Crawl Street - Rooftop Bar & Kitchen,Chinese Indian Street Food      ,   ,12.932486,77.61389,+91 70221 77177,4
Pappu Chaiwalla,Indian        ,   ,12.9163,77.55421,+91 81971 29295,3.5
Kabab & Kurries,        ,   ,12.99449,77.61762,+91 80 4132 8666,5
Anjappar Indranagar,Indian Seafood Healthy Soups     ,   ,12.98128,77.64278,+91 80 4122 2790,4
Anand Sweets,Indian Fast Food Asian      ,Vegetarian Friendly Vegan Options  ,12.92091,77.66485,+91 80 2574 7992,4
A2B - Adyar Ananda Bhavan,Indian        ,   ,12.93591,77.61541,+91 80 4126 6999,3.5
Plus 91,Indian Asian       ,   ,12.95608,77.7293,+91 99220 19040,3.5
Thai chy,Asian Thai       ,   ,12.978003,77.63652,+91 80 4375 1788,3.5
Ozaa,Chinese Mediterranean       ,   ,12.96843,77.59477,+91 95910 77995,4.5
Saarangi,Indian Afghan       ,   ,12.93716,77.5802,+91 80 4333 5333,4
Chung's Pavilion,Chinese Asian Thai      ,   ,,,+91 80 2525 4142,4
Saffron Vegetarian Cuisine,Italian Chinese Indian Asian     ,Vegetarian Friendly Vegan Options  ,12.95739,77.54442,+91 80 4096 7077,3.5
Cafe Coffee Day,Asian        ,   ,12.76639,77.48795,+91 1800 102 5093,4.5
Sri Krishna Grand,Indian Asian       ,   ,12.99599,77.66769,+91 80 4965 2873,4.5
Sardarji Ka Dhaba,Indian        ,   ,12.912084,77.626274,+91 98864 32987,4.5
Kanti Sweets,        ,   ,13.06013,77.57887,+91 80 2296 0608,4.5
Arodda Fusion Cafe,Fusion        ,   ,12.913976,77.63497,+91 99999 85600,5
Savoury Sea Shell,Asian Middle Eastern       ,Halal   ,12.96933,77.51548,+91 80 4125 6363,4
The Fort Kochi Connection,Indian Seafood Asian      ,Halal   ,12.93327,77.61509,(+91) 80 4209000,4
Leon Grill,Fast Food        ,   ,13.021707,77.64036,+91 80 4371 9453,4
Barbeque Nation,Barbecue        ,   ,,,+91 80 6060 0000,4
Fab Cafe,Cafe        ,   ,12.933987,77.51726,1.09E+11,5
Three Qurarter Chinese,Chinese Indian Asian      ,   ,12.97887,77.60382,41121937,4
Woody's,Indian Fast Food       ,   ,12.98181,77.60952,+91 80 2559 6444,4
Jalsa,Indian Asian Pub      ,Vegetarian Friendly   ,12.9241,77.56408,+91 80 4965 2687,4
Underpass Pub,        ,   ,12.90713,77.60021,+91 78296 50918,4.5
Sri Sai Ram Hot Chips,        ,   ,12.94966,77.70179,+91 85537 67852,4.5
Retro Lounge Bar,American Indian       ,   ,12.97456,77.62561,+91 80 2536 3694,4
Angrezi,        ,   ,12.975003,77.603905,,4.5
Beijing Bites,Chinese Asian Thai Szechuan     ,   ,12.95441,77.52285,+91 80 4209 3688,4
Subway,Fast Food        ,   ,12.97466,77.59659,+91 80 2286 0813,4
Flavours,Chinese Asian       ,Vegetarian Friendly   ,12.917019,77.6727,+91 80 3990 2400,4
Domino S Pizza,Pizza        ,   ,12.97407,77.60764,25322333,4
Just Bake,        ,   ,12.93642,77.61549,+91 80 4174 4666,4.5
Sri Ganesh Sweets,Indian        ,   ,12.959447,77.56251,+91 80 2661 4377,4
1bhk - Bar House Kitchen,Italian American Indian Bar Asian Pub   ,   ,12.93631,77.62122,+91 95914 22066,4.5
Plated,        ,   ,13.03695,77.57334,+91 96866 76619,4
Chaitanya Cafe,Cafe        ,Vegetarian Friendly   ,12.9137,77.6,+91 88611 58425,4.5
Vasudev Adiga's,Chinese Indian Asian      ,Vegetarian Friendly   ,12.933973,77.630005,+91 80 2294 0210,3.5
Aranya,Chinese Indian Asian      ,   ,,,+91 80 4965 3366,4
Troika,Indian Seafood Mediterranean      ,   ,12.96294,77.64171,+91 80 4120 1745,3.5
Saatvikk,Indian Asian       ,Vegetarian Friendly Vegan Options  ,12.974281,77.60774,+91 80 4121 6902,3.5
Adaa,Indian        ,   ,12.95584,77.69171,+91 80 6451 4608,4
Royal Chef Naati Oota,        ,   ,12.9024,77.63579,+91 94486 22354,4.5
The Dhaba Marathahalli,Indian Asian       ,Vegetarian Friendly   ,12.96905,77.70088,+91 80 2540 1352,3.5
Chai Patty,Chinese Cafe       ,   ,12.90332,77.56174,,4
Balaji Bhavan,Indian        ,   ,12.95584,77.7155,+91 99801 77110,4
"Adyar Anand Bhavan Sweets and Snacks, Vidyaranyapura",Indian Fast Food Asian      ,   ,,,+91 80 4115 5999,4
Foxtrot - House of Subculture,Indian International European Asian     ,   ,12.916763,77.605484,+91 80 4302 2526,4.5
In Wok,Chinese Asian       ,   ,12.970811,77.60963,+91 80 2224 2288,4
Poonam Sweets,        ,   ,12.91726,77.55378,+91 80 2671 4711,4
Matinee Bar & Kitchen,Italian Chinese Indian Pizza Sushi Asian   ,   ,12.939449,77.69574,+91 96860 87116,4
"Northwest, Kebab & Curryhouse",Indian        ,   ,12.936979,77.620125,+91 81975 21116,5
Pavithra Restaurant,Indian        ,   ,12.93117,77.58605,+91 80 2663 0179,4
Bangalore Agarwal Bhavan,        ,   ,12.99681,77.61168,+91 93799 12345,4.5
Bangaliana,Indian Asian       ,Vegetarian Friendly   ,12.93629,77.61678,+91 99020 43208,3.5
Mooch Marod,Indian        ,   ,12.982707,77.7671,+91 88844 88680,
Up South Jaya Nagar,        ,   ,12.96851,77.53435,+91 92415 63023,4.5
Truffles,Pizza        ,   ,12.92138,77.60554,+91 80 4146 6565,4
Jodhpur Sweets,        ,   ,12.97192,77.57675,+91 80 2238 2089,4
Khan Saheb Grills & Rolls,Barbecue Asian       ,Halal   ,12.81555,77.68972,+91 99007 41111,4
Suchithra Biryani House,Indian Asian       ,Vegetarian Friendly Halal  ,12.96679,77.64841,+91 99003 55558,3.5
Dakshin Restaurant,        ,   ,12.96733,77.60651,+91 80 4153 9856,4
Bikaner Sweets Center,        ,   ,12.91871,77.59467,+91 80 4121 7291,4.5
Amaseena,Indian        ,   ,13.01256,77.58888,+91 89516 04371,4.5
Toscano,Italian Pizza       ,   ,12.937006,77.585075,+91 92060 73079,4
Chetty's Coffee,Indian        ,   ,13.02819,77.57239,+91 70222 82228,4
Axomi,Indian Fusion       ,Vegetarian Friendly   ,12.93676,77.63153,+91 93809 26829,3.5
Tikhi Mirch,Chinese Indian Southwestern Asian Soups    ,   ,13.01625,77.61172,+91 89045 56675,5
Kabab Magic,Indian Asian       ,Vegetarian Friendly Halal  ,12.97954,77.51066,+91 80 6999 9900,4
Birinz,Indian        ,Halal   ,12.96456,77.52218,+91 80 6599 6599,4
Maia,Italian        ,   ,12.9263,77.6717,+91 80 4370 6242,4.5
The Only Place,        ,   ,12.97798,77.6177,49652708,4.5
Gobble Up Churros,Peruvian Cafe Fast Food European Spanish South American   ,   ,12.96943,77.64782,+91 96111 03499,4.5
Vriksh,Indian        ,Vegetarian Friendly Vegan Options  ,13.0973,77.5965,+91 80 4112 1552,4
Adyar Ananda Bhavan,        ,   ,12.99164,77.55034,+91 80 4092 4999,4
Red Onion,Chinese Indian Asian      ,Vegetarian Friendly   ,12.961255,77.59425,+91 80 4091 8141,3.5
New Agarawal Bhavan,Indian Cafe       ,   ,13.0588,77.56509,+91 80 2839 3470,4
Shree Thali,Indian        ,   ,12.93629,77.61678,+91 90362 20937,4.5
Punjabi Nukkad,Indian Asian       ,Vegetarian Friendly   ,12.89776,77.658424,+91 95131 31489,4
Suvaii - A Pandyan Legacy,Indian        ,   ,12.975207,77.6362,+91 78995 34344,4.5
Subway,Fast Food        ,   ,12.97097,77.60848,+91 80661 41069,4
Chung Wah,Chinese Asian Cantonese Szechuan Shanghai    ,Vegetarian Friendly   ,12.97528,77.53433,+91 80 6570 3696,4
24@43 Coffee Shop,Indian Asian       ,Vegetarian Friendly Vegan Options Gluten Free Options ,12.850158,77.66027,+91 96208 00500,4.5
Doff Pub and Lounge,Bar Pub       ,   ,12.972,77.63311,+91 79966 04540,4
Indian Coffee House & Restaurant,Indian Cafe Asian      ,Vegetarian Friendly Vegan Options  ,13.01209,77.67638,1.08E+11,3.5
Zaks,Mediterranean Middle Eastern       ,   ,12.99449,77.61539,+91 80884 46433,4
The Bay,        ,   ,13.01949,77.70823,+91 80 4166 5050,4
Udupi Veg,Cafe        ,   ,13.02638,77.53724,+91 80 2336 8522,5
Masti Masala,Indian        ,   ,12.99478,77.55112,+91 96630 70809,4.5
California Burrito,Mexican Southwestern Fast Food      ,Vegetarian Friendly Vegan Options  ,12.98404,77.73724,+91 80 2802 6574,4
Nazaara,Indian        ,   ,12.979246,77.51488,+91 80-6122 6777 6765,5
Malabar Bay,Indian Seafood Asian      ,Vegetarian Friendly Vegan Options Halal ,12.93349,77.60733,+91 78299 99500,3.5
Pitstop Drive-in Diner,Italian American Barbecue Grill     ,   ,13.18018,77.64001,+91 96633 32255,5
Panchamrut,        ,Vegetarian Friendly   ,12.825775,77.506355,+91 96202 11000,4
Sattvam Bakes,Chinese Indian Asian      ,   ,13.005531,77.58061,+91 80 2360 8000,4.5
Creme and Crust,American Indian Cafe Spanish British    ,Vegetarian Friendly   ,12.975353,77.641266,+91 80 4208 7801,3.5
D'hide Cafe,Italian American Cafe International Middle Eastern Arabic   ,   ,12.93624,77.54283,+91 72041 96666,4
Paradise,Indian Asian       ,Halal   ,12.84496,77.68017,,3.5
Naidu Military Hotel Restaurant,Indian Asian       ,Halal Gluten Free Options  ,12.96225,77.59333,+91 80 2211 2727,4
Paratha Plaza,Indian Asian       ,Vegetarian Friendly Vegan Options  ,12.92197,77.64498,+91 96326 52228,4.5
20 Char,Chinese Indian Asian      ,Vegetarian Friendly Vegan Options  ,12.96679,77.64841,+91 80 4249 4820,4
Watson's,Bar Pub       ,Vegetarian Friendly   ,12.994164,77.594635,+91 80 3303 7000,4
SGS Non Veg - Gundu Palav,Indian        ,   ,12.97023,77.57334,+91 93412 46466,4.5
We:Neighborhood,American Indian Brew Pub Pizza European Pub   ,   ,12.972422,77.60829,+91 95136 49708,4
9th MILE DHABA,Chinese Indian International Asian     ,Vegetarian Friendly   ,12.95948,77.65523,+91 80 2558 4242,4
The Oriental Kitchen,Chinese Asian Thai Szechuan Shanghai    ,Vegetarian Friendly   ,12.93441,77.62984,+91 80 4090 6789,4
Mezzeh,Lebanese Mediterranean Middle Eastern      ,Vegetarian Friendly Halal  ,12.98219,77.64593,+91 80 4965 3060,3.5
Tibetan Mother's Kitchen,Chinese Asian Tibetan      ,   ,12.93435,77.62362,+91 87223 45545,4
Behrouz Biryani,Indian        ,Halal   ,12.96324,77.70784,+91 77000 50050,3
Dhaba - Estd 1986 Delhi,Indian        ,Vegetarian Friendly   ,12.949471,77.699135,+91 96064 63631,4
Punjab Bistro,Indian        ,   ,12.99488,77.69851,+91 80672 66610,4
Paradise,        ,Halal   ,12.95512,77.74433,+91 40 6740 8400,4
South Kitchen,        ,Vegetarian Friendly   ,12.93623,77.57613,,4.5
"Oyster, Bar & Kitchen",Italian Chinese American Indian Bar Pub   ,   ,12.909782,77.638,+91 80755 62611,3.5
Stories,Mexican Indian Bar Cafe Pub    ,   ,12.905394,77.60839,+91 80 4680 9326,4.5
Cinnamon Cafe,        ,   ,12.98127,77.61355,+91 80 4163 4220,5
The Pizza Bakery,Italian Pizza European Neapolitan Campania Southern-Italian   ,   ,12.920046,77.68514,+91 98862 10005,5
Pasta Street,Italian Pizza Wine Bar      ,   ,12.907118,77.59891,+91 80 4130 7538,5
Buffalo Wild Wings,        ,   ,12.980261,77.64108,,4
Annapoorani Restaurant,        ,   ,12.97033,77.64438,25252288,4.5
Byli,Italian Pizza International      ,Vegetarian Friendly Vegan Options  ,13.02272,77.63966,+91 80 4965 3104,4
Copper Chimney,Indian Asian       ,Vegetarian Friendly   ,13.093977,77.59497,+91 22 2492 5353,3.5
Skylit,Indian Asian       ,Vegetarian Friendly   ,12.985972,77.59535,+91 80678 31000,4.5
Dakshin Cafe,Indian        ,   ,12.886472,77.58226,+91 63663 50415,3.5
Brunchilly,Indian Bar Asian Pub Beer restaurants    ,Vegetarian Friendly   ,12.978953,77.69459,+91 80672 05000,4
Ruh,Indian Lebanese Mediterranean Middle Eastern     ,Vegetarian Friendly Halal  ,12.924705,77.67301,+91 99723 05871,3
New Modern Hotel Restaurant,Indian        ,   ,12.94627,77.57877,+91 80 2661 2625,4.5
Rnr Biryani - Taste Of 1953,Indian        ,   ,12.928657,77.58315,+91 97427 21949,5
Blimeys,Bar Pub       ,   ,12.97357,77.61489,+91 80 2208 6777,3.5
Roomali,Indian        ,   ,12.97613,77.60127,+91 80 4022 2999,4
Papa John's Pizza,American Pizza       ,   ,12.88987,77.59773,+91 80 4209 7272,3
Tycoons,Chinese Indian European Contemporary     ,   ,12.96482,77.64979,+91 80 2526 5566,4
Pasta Street,Italian Pizza Wine Bar      ,   ,13.06359,77.591194,+91 77604 70913,5
Soul City,Indian International Asian      ,Vegetarian Friendly Vegan Options  ,12.96843,77.59477,+91 80 2234 8888,4
Truffles,American Cafe       ,Vegetarian Friendly Vegan Options  ,12.971986,77.60109,+91 80 4112 1160,4.5
Kebarbiq,Indian Barbecue Middle Eastern Afghan Arabic    ,   ,12.91174,77.6301,+91 96453 44444,5
Cafe G - Holiday Inn Bengaluru Racecourse,        ,   ,12.980004,77.578476,+91 75501 11035,4
Onesta,Italian Pizza European      ,Vegetarian Friendly   ,12.92777,77.58854,,4.5
Habanero,Mexican Southwestern       ,   ,12.94512,77.54149,+91 92434 05800,3.5
Kalkal Kai Ruchi,Chinese Indian Asian      ,Vegetarian Friendly Vegan Options  ,12.88218,77.58902,+91 94482 81194,4
Hara Fine Dine,Chinese Indian Asian      ,Vegetarian Friendly Vegan Options  ,13.00513,77.5146,+91 80 4211 2211,4
Cafe Thulp,American        ,   ,12.970372,77.6476,+91 80 4160 7606,4
All Saints Bakery Bangalore,        ,   ,12.96984,77.60653,+91 80 2557 2091,4.5
Nandoo's,European Portuguese       ,Halal   ,12.9747,77.60789,+91 80 2555 0707,4
Andhra House,Indian Asian       ,Vegetarian Friendly Halal  ,12.85109,77.65743,+91 98800 07373,4
Bonum Cibum,Mediterranean Middle Eastern       ,   ,12.917879,77.64495,+91 95132 71514,4
The Marina,Chinese Indian Seafood Grill     ,   ,12.981231,77.64055,+91 80 4371 1707,4.5
The Coorg Food Co.,Indian African       ,Vegetarian Friendly   ,13.024849,77.63163,+91 80 2544 1188,4
One Night In Bangkok,Asian Thai       ,Vegetarian Friendly   ,12.96894,77.63657,+91 95350 21373,3.5
The Nandhini Hotel - Jayanagar,Indian        ,   ,12.94183,77.59348,+91 80 4342 2222,3
Moriz,Indian Asian       ,Vegetarian Friendly Vegan Options Halal ,12.85758,77.64597,+91 80 4965 3271,3.5
Barbeque Nation,Indian Barbecue Asian      ,Vegetarian Friendly   ,13.098556,77.57329,+91 80 6902 8722,3.5
MTR,Indian        ,Vegetarian Friendly Vegan Options  ,12.959775,77.7474,+91 80 4012 4843,4
Guru Greens,Indian        ,   ,12.85687,77.58523,+91 98450 55553,4.5
Blue Terrain,Indian Bar Mediterranean Barbecue Dining bars    ,Vegetarian Friendly Vegan Options Gluten Free Options ,12.929868,77.68337,+91 95388 12348,5
Burgermeister Hsr,American Cafe       ,   ,12.912073,77.632286,+91 77952 35048,5
North Rasoi by Chef Pillai,Indian        ,   ,12.994285,77.69548,+91 89437 50000,3.5
Tiffin Box Etc,Indian Fast Food Asian Fusion     ,   ,12.979463,77.72863,+91 80 2802 9599,3.5
Grubbery,Indian Cafe International Contemporary     ,   ,13.03943,77.56405,+91 80 4854 3255,4
Pasta Street,Italian Pizza European Wine Bar     ,   ,12.95618,77.72151,+91 77604 98432,5
Simply Indian,Indian Asian       ,Vegetarian Friendly Vegan Options  ,12.879642,77.609764,+91 70220 01252,3.5
Mandarathi Gardenia,Asian        ,   ,12.846241,77.5204,+91 99640 01211,4
Shiv Sagar,Indian Fast Food       ,   ,12.97097,77.60848,+91 97317 18076,4
Domino's Pizza,Pizza Fast Food       ,Vegetarian Friendly   ,12.959952,77.74755,+91 80 2847 6900,4.5
Pakashala Restaurant,Indian        ,   ,12.930083,77.51494,+91 80 2860 4460,3.5
Al-Bek,Chinese Middle Eastern       ,   ,12.9885,77.55937,+91 98450 94705,4
Tiffanys,Chinese Indian International      ,   ,12.98721,77.603,+91 80 2221 3130,4
Zero G,Indian Bar Pub      ,   ,12.9694,77.60244,+91 98867 96732,3.5
Aroma Fine Dine,Chinese Indian Seafood Grill Middle Eastern Pakistani   ,   ,12.917784,77.62382,+91 94456 73954,4
Momoz,Chinese Asian Thai Shanghai     ,   ,12.93435,77.62362,+91 80 4173 9353,4
Kartik's Mithai Shoppe,        ,   ,12.90544,77.63925,+91 80 4126 4166,4.5
Nusa - Tropical Brewvilla,        ,   ,12.908294,77.64059,,3
The Kitchen Of Joy,Fast Food        ,   ,12.91399,77.63685,+91 99009 62765,4
Eastern Diner,Chinese Asian       ,   ,12.93435,77.62362,+91 80 2552 4435,4
Laddoos,Indian Fast Food       ,Vegan Options   ,12.84084,77.67175,+91 80 2852 3470,4
Punjab Mail,Indian Asian       ,Vegetarian Friendly Vegan Options  ,13.00446,77.56928,+91 80 4965 3218,3
Srinathji's,Indian Asian       ,Vegetarian Friendly Vegan Options  ,12.95036,77.49858,+91 80 6999 9162,4
Mughal Treat,Indian Barbecue Middle Eastern Afghan     ,   ,12.91518,77.65174,+91 96208 60013,4
Jalaram Sweets,        ,   ,12.93075,77.58206,+91 80 2244 7956,4
Nando's Forum Rex Walk,African European Portuguese      ,   ,12.972177,77.60676,+91 98719 32005,5
Adyar Ananda Bhavan,Indian        ,   ,12.99387,77.5715,+91 80 2344 0055,4
Quattro,        ,   ,13.070806,77.633606,+91 87929 18274,5
Green Hyderabad Biriyani House,Indian Asian       ,Halal   ,12.988359,77.729836,+91 81057 14317,3.5
QFB Restaurant,        ,   ,13.148258,77.71467,+91 83105 16238,4
Farm And Sky Resto Cafe,Indian Pizza Cafe Thai Contemporary    ,   ,12.883338,77.47229,+91 89519 29619,5
McDonald's,Fast Food        ,   ,12.99038,77.59003,+91 80661 21119,4.5
Hotel New Grand Restaurant,Seafood        ,   ,12.97434,77.57049,+91 80 4113 4379,5
The Roastery,        ,   ,13.02785,77.67248,+91 96631 05660,5
Third Wave Coffee Roasters,Cafe Contemporary       ,   ,12.96785,77.64984,+91 76193 73964,4
Just Shawarma,Fast Food Middle Eastern       ,   ,,,+91 95909 33444,5
Global Dhaba - The Global Restobar,Italian Chinese Indian      ,   ,13.079559,77.592804,+91 99000 13406,4
Adyar Ananda Bhavan,Indian        ,   ,12.90836,77.63803,+91 80 2572 5399,4
Swensen's,        ,   ,12.87365,77.5623,+91 80 4086 7028,4.5
Sanky's Burger House,American        ,   ,13.00782,77.62206,1.08E+11,4.5
Midtown Restaurant,Chinese Indian Fast Food      ,   ,12.97645,77.6967,+91 91640 59900,5
The Dome Cafe,Cafe        ,   ,13.03252,77.56966,,3
Risalo Restaurant & Pizzeria,Italian Chinese Indian Pizza Cafe    ,   ,12.961074,77.71746,,5
Pai Comforts,        ,   ,12.91681,77.59294,26494300,5
Cafe Pascucci,Italian Pizza Cafe European     ,Vegetarian Friendly   ,12.90177,77.56091,+91 80 4120 0431,4
The Barn,Chinese American Indian      ,   ,13.0038,77.5784,+91 80 4112 6661,3.5
Ai Cavalli Restaurant,Italian Indian       ,   ,13.15226,77.60835,28468296,2.5
Salem Kitchen,Indian        ,   ,12.88489,77.64806,+91 80 2854 6565,4
Sri Udupi Food Hub,Indian        ,   ,12.91673,77.5572,+91 99168 66033,4.5
Chef Baker's,        ,   ,12.967247,77.71652,+91 80 3248 3905,4
Rasaganga,Indian        ,   ,12.93315,77.62801,+91 99869 55512,4
Gilly's Resto Bar,Italian Indian Bar Pizza International Pub   ,   ,12.88919,77.60229,+91 96069 34553,3
Adyar Ananda Bhavan,Indian        ,Vegetarian Friendly   ,12.88984,77.60046,+91 82499 76722,4
ShivSagar,        ,   ,12.97459,77.61004,+91 80 2559 3840,4.5
Nandhana Palace RR Nagar,Chinese Indian Asian      ,   ,12.92339,77.51093,+91 80 4613 1111,3.5
Herbs and Spice Indira Nagar,Indian Thai       ,   ,12.966763,77.59509,+91 80 2529 0399,4
Pecos Stones,Chinese Bar Pub Gastropub     ,   ,12.970782,77.64102,+91 99865 24411,4
New Agarwal Bhavan Sweets And Bakery,        ,   ,13.04391,77.55696,+91 80 2337 1157,4
Theobroma,Cafe        ,   ,12.976033,77.5509,+91 81828 81881,4
XO Belgian Waffles,European        ,   ,12.934378,77.61616,+91 99209 50331,4.5
Cafe Rossini,Italian        ,Vegetarian Friendly   ,13.02729,77.57745,+91 98808 60474,4
Kabab Korner,Chinese Indian       ,Vegetarian Friendly Halal  ,12.97199,77.6011,+91 80 2221 5476,4
Grand Desi Paratha,Indian        ,   ,12.82983,77.51282,+91 70229 47264,4
Hot Chips,        ,   ,12.92483,77.58545,+91 89045 29021,4
Foody's,Chinese Indian Fast Food Asian     ,Vegetarian Friendly Vegan Options  ,12.95662,77.60233,+91 80 2211 4040,4
Nebula pub,Indian Brew Pub Seafood Pub Beer restaurants    ,   ,12.921454,77.63343,+91 79967 07707,4.5
California Burrito,Mexican        ,Vegetarian Friendly Vegan Options  ,12.994322,77.66074,+91 80 4130 0787,4
898 Steaks & Grill,Italian Steakhouse       ,   ,13.02729,77.57745,+91 80 4143 5973,3.5
Chaska Bun,        ,   ,12.93613,77.62153,+91 98864 15555,4.5
Sangam Sweets,Indian Fast Food       ,Vegetarian Friendly Vegan Options  ,13.02293,77.59815,+91 80 4151 8796,4
Nammoora Thindi,Indian Fast Food       ,   ,12.97063,77.51111,+91 80 2318 5151,4
Vera Italiano,Italian Pizza       ,   ,13.02164,77.63959,+91 80 4152 3338,4
Biryani By Kilo - Marathahalli,Indian        ,   ,12.949516,77.699814,+91 1800 212 2212,5
Chai Point,Indian        ,   ,12.9682,77.60067,+91 80 4120 6004,4
Bob's Bar,Indian Asian       ,   ,12.919508,77.649216,,4.5
Hotel Junior Kuppanna,Indian        ,   ,12.93701,77.58017,+91 80 2649 0002,4
Anju's Cafe,        ,   ,13.02134,77.51643,+91 98450 36605,4.5
Desi Vdesi,Fast Food        ,   ,12.95687,77.59755,+91 88677 62986,4
Eurasia Pasta And Barbeque,Italian Barbecue European      ,   ,12.985345,77.70595,42544000,4
Beijing Bites,Chinese Asian Thai Szechuan     ,   ,12.97897,77.75335,+91 96328 67633,4
Dino's Barbecue And Grill,Indian European Central European South American Central American Central Asian Central-Italian  ,   ,12.997651,77.73524,+91 93798 48553,5
Ibis,Indian International       ,   ,12.9833,77.5833,+91 80666 57272,3.5
Sri Vasavi Condiments & Food Court,Indian        ,   ,12.94062,77.57289,+91 80 2667 4999,4.5
Adyar Ananda Bhavan,Indian Asian       ,   ,12.95512,77.50186,+91 80 2522 3359,4
Sri Krishna Sweets,Indian        ,   ,12.99708,77.5714,+91 80 2346 3582,3.5
Kalmane Koffees,Cafe        ,   ,12.99387,77.5715,+91 98808 59495,4
Tharavadu,Chinese        ,   ,12.87489,77.63536,+91 80 3251 8182,3.5
Cafe Udupi Ruchi,Indian        ,   ,12.96974,77.53672,+91 80 4172 2169,3.5
Zingron Restaurant,Chinese Indian       ,   ,12.91791,77.51892,+91 80 4099 7506,4.5
Liber,Italian Indian Bar Pizza Thai Pub   ,Vegan Options   ,12.970342,77.64102,+91 89800 04839,4
Adyar Ananda Bhavan,Indian        ,Vegetarian Friendly Vegan Options  ,12.91625,77.61701,+91 80 4146 6399,4
Mango Tree Bistro Bar,Asian Thai       ,Vegetarian Friendly   ,12.98216,77.64579,+91 80 4202 3522,3.5
Sukh Sagar,Indian Asian       ,Vegetarian Friendly   ,12.928653,77.58276,+91 80 2663 4132,4
Cafe Imroze,Pizza        ,Vegetarian Friendly   ,12.979547,77.60667,+91 99000 00366,4
The Daily Bean,Cafe        ,   ,13.00462,77.61995,+91 97402 69110,4.5
Gowdru Hotel Naati Style,        ,   ,12.88189,77.60492,+91 98455 56460,4
Incanto,Italian European       ,   ,12.9715,77.65396,+91 80666 57272,4
Queen's,        ,   ,12.99098,77.61313,25571590,4
Seven Hills Hotel Restaurant,Chinese        ,   ,12.84652,77.68093,+91 96638 24994,4.5
Clean Slate Cafe,American Fast Food Fusion      ,   ,12.99555,77.57802,9.16E+11,4.5
Pizza Express,Pizza        ,   ,13.011023,77.55472,,4
Garam Naram,        ,   ,12.97443,77.62398,+91 99865 65537,4.5
S L V Corner,Indian        ,   ,12.94825,77.57578,+91 80 2650 9423,4
Lumiere Organic,Indian International Asian      ,Vegetarian Friendly Vegan Options  ,12.96923,77.70104,+91 80 6537 2244,4
Ramji Chaiwale,Indian        ,   ,12.96794,77.6479,+91 97315 66113,4.5
Kfc restaurant meenakshi mall bangalore,American Fast Food       ,   ,12.96954,77.56695,,4
Udupi Park,        ,   ,12.94744,77.71153,+91 95910 70007,3.5
Sea Spice By 7 Star,Seafood        ,   ,12.99822,77.55543,+91 99805 69029,4
Wooden Table Restaurant,Indian Mediterranean Middle Eastern Afghan     ,   ,13.218975,77.552025,+91 73382 23344,5
Antarastriya,Chinese        ,   ,13.00412,77.57126,+91 89512 09611,3.5
Artville Cafe,Italian American Cafe European     ,   ,13.017639,77.643845,+91 80 4149 0200,4.5
Spice It,Indian Asian       ,Vegetarian Friendly   ,12.95512,77.50186,+91 95388 97381,4.5
Nuts Over Salads,Healthy        ,   ,12.93454,77.62308,+91 99018 57922,5
Madurai Famous Jigarthanda,        ,   ,12.91935,77.61208,,5
Karnataka Bhel House,Indian        ,   ,12.93118,77.56846,+91 80 2667 5225,4
Ammis Biriyani,Indian Fast Food       ,Halal   ,12.99038,77.59003,,3.5
TBC Sky Lounge,Italian Chinese Thai Grill Wine Bar    ,   ,12.91518,77.65174,+91 80 3069 5255,4
Shizusan - Phoenix Market City,Chinese        ,   ,12.962484,77.588455,+91 80672 66655,5
Bieregarten,        ,   ,12.99138,77.68788,,5
Nasi and Mee Asian Canteen,Chinese Asian Thai Indonesian Singaporean Malaysian   ,   ,12.920586,77.68389,9.19E+13,4.5
Nuage Patisserie & Cafe,        ,   ,12.90393,77.56201,+91 76187 40692,4.5
The Bangalore Cafe,Cafe Fast Food Asian      ,   ,12.961667,77.59472,+91 96637 99542,4.5
Au Bon Pain,Cafe Fast Food European Soups     ,Vegetarian Friendly Vegan Options  ,12.96341,77.5959,+91 80 3201 4974,4
B Flat,Bar        ,   ,12.97905,77.64077,41739250,4
Adyar Ananda Bhavan,Indian        ,   ,13.079721,77.559166,+91 80 4115 5999,4
"Absolute Barbecues - Yeshwanthpur, Bengaluru",        ,   ,13.02838,77.54094,+91 73373 83765,5
Kadamba,Indian Fast Food Asian Healthy     ,Vegetarian Friendly Vegan Options  ,13.00171,77.54936,26713051,4
Bearfoot Bistro,Italian American Pizza Cafe Fast Food    ,   ,12.940776,77.624245,+91 89040 44405,5
Priyadarshini Veg,Chinese Indian       ,   ,13.023037,77.556725,+91 94490 44154,4.5
Street Foods By Punjab Grill,Indian        ,   ,13.04409,77.59247,,4.5
Navrang Kabab Corner,        ,   ,13.00018,77.55282,32721747,4
Khawa Karpo,Chinese Asian Tibetan      ,   ,12.93629,77.61678,+91 91643 09025,4
The Square Meal,        ,   ,12.98392,77.72893,+91 80666 63333,5
Daawat-e-Pirates,Indian        ,   ,12.93327,77.61509,+91 80 4965 2508,4.5
Raaga The Family Restaurant,Chinese Indian Asian      ,Vegetarian Friendly   ,12.97448,77.62433,+91 80 2525 2189,3.5
R. K Dosa Camp,Indian        ,   ,12.95039,77.59809,+91 90369 94088,3.5
Kesar Sweets,        ,   ,12.90701,77.63983,+91 80 2668 6062,4
New Friends,Chinese Fast Food       ,   ,12.91935,77.61208,+91 80 2678 4129,4
Balaji's,        ,   ,12.91119,77.60226,+91 80 4120 1801,4.5
1522,Indian Bar Pub      ,   ,13.007924,77.557274,+91 80 2357 4799,4
The Warehouse,Italian Chinese American Indian Bar Thai Pub  ,   ,12.975236,77.64689,+91 99866 26783,4
Cafe Nosh,        ,   ,13.06542,77.60019,+91 80 2972 4276,4
Paragon Family Restaurant,Chinese        ,   ,13.01497,77.63217,+91 80 6547 6749,4
Cafe Treat,Indian        ,Vegetarian Friendly   ,12.96512,77.59953,+91 80 4348 4348,4.5
McDonald's,Fast Food        ,   ,12.9563,77.56746,+91 80660 00666,4
Benaka Cafe & Bakery,Indian Fast Food       ,Vegetarian Friendly   ,12.905025,77.54412,+91 96638 33685,4.5
New Tandoor Restaurant,Indian Fast Food Asian      ,   ,12.9856,77.67221,+91 80 6574 9410,4
Namma Kudla,Healthy        ,   ,13.00197,77.58129,+91 98864 36305,4.5
Nest Restaurant,        ,   ,12.92072,77.66516,65341234,4.5
Vinny's,Italian Pizza Fast Food      ,Vegetarian Friendly   ,12.92441,77.56478,+91 99724 29558,3.5
CG Elites Resort,Indian        ,   ,13.512916,77.03424,+91 98451 41133,5
Smokehouse Deli,Italian International European Deli     ,Vegetarian Friendly Vegan Options  ,12.965703,77.64127,+91 80 2520 0898,4
Meghana Foods,Indian Asian       ,Vegetarian Friendly Halal  ,12.934619,77.616394,+91 97824 63684,4
New Agarwal Bavan,        ,   ,13.02551,77.5622,+91 99642 21201,4.5
24-Jul,Indian Asian       ,Vegetarian Friendly   ,12.9865,77.57968,+91 80 3052 7777,4.5
The Grill & Curry Bowl,Indian Seafood International Asian     ,   ,12.97357,77.61489,+91 80 2208 6666,4
Akshara,        ,   ,12.96803,77.60053,+91 80 4965 3276,4
Bombay Brasserie,Indian Bar Asian Grill Pub Dining bars   ,Vegetarian Friendly   ,12.92091,77.66485,+91 95133 47399,4
Hot Griddle,Chinese Indian Fast Food European Thai    ,   ,12.916657,77.59383,+91 80 4133 0005,5
Khan Saheb,Indian Asian       ,   ,12.98739,77.74083,+91 88801 21121,4
Zodiac Bar & Grill,        ,   ,12.97194,77.59369,+91 96866 43061,5
Gabbar chai,Indian Fast Food       ,   ,12.87972,77.76087,+91 99028 74401,4
Blue Tokai,Cafe        ,   ,12.97035,77.64441,+91 63646 75371,3.5
Sreeraj Lassi Bar,        ,   ,13.02316,77.69587,+91 96633 69936,4.5
Gokul Veg,Indian Asian       ,   ,13.10357,77.60052,+91 80 4168 9521,3.5
Cashmere Nites,Indian        ,   ,12.93481,77.61311,+91 95964 07722,5
Salt,Indian        ,Vegetarian Friendly   ,12.95386,77.60063,+91 80 2206 7755,4
Ganesh Grand Restaurant & Banquet Halls,Chinese Indian       ,   ,12.96127,77.5621,+91 80 2670 0948,4
Vasudev Adigas Fast Food,Indian Fast Food       ,Vegetarian Friendly   ,12.97289,77.61685,+91 80 2294 0243,3.5
Sagar Caterers and Hotel,        ,   ,12.9833,77.5833,+91 80 2332 5917,4
Spice Curry,Chinese Indian Asian Thai     ,   ,12.94056,77.5479,+91 80 2521 1189,4
Chili's RMZ EcoWorld,American Southwestern Bar Fast Food Pub    ,   ,12.92059,77.684456,+91 80 4112 2323,3.5
Chung's Chinese Corner,Chinese Asian       ,   ,12.98909,77.59336,+91 80 2220 2224,3.5
Raintree,        ,   ,12.98773,77.58765,+91 80 2235 4396,2.5
Bhagini Pavilion,Indian        ,   ,13.12069,77.57656,+91 80 3256 3331,3.5
Zaica Dine & Wine,Indian        ,Vegetarian Friendly   ,12.965104,77.64172,+91 80 4965 3130,3.5
Pindi,Indian Asian       ,Vegetarian Friendly Vegan Options  ,13.02412,77.59846,+91 91083 72054,3.5
Paris Panini - Gourmet Sandwiches and Wraps,French Cafe European Street Food     ,   ,13.022562,77.63979,+91 77602 53076,5
Pepper Salt Restaurant,Chinese        ,   ,13.01045,77.50659,+91 90377 12521,4.5
Brik Oven,Italian Pizza       ,   ,12.985738,77.58806,+91 88847 00088,5
Ruchi Sagar,        ,   ,12.83996,77.67706,+91 80 2852 2164,4.5
Check Post,Chinese Indian Street Food      ,   ,12.90879,77.57136,+91 94484 26181,3.5
Chings,Chinese Indian       ,   ,12.92891,77.59498,+91 80 2333 9442,4.5
Cafe Mor'ish,Cafe        ,   ,12.96549,77.60214,+91 80 4302 1963,4.5
Cinnamon,Chinese Indian International      ,   ,12.98501,77.57471,+91 80 4000 3000,4
Keys Cafe,        ,   ,12.87978,77.64622,+91 80 3944 1000,3.5
Sreeraj Lassi Bar,        ,   ,13.02116,77.59247,+91 80 4167 4596,4.5
Breakfast House,        ,   ,12.97765,77.74307,+91 80 4512 8727,4
Al-Bek,Indian        ,   ,12.85898,77.56951,+91 99808 84494,2.5
The Chennai Express,Indian        ,   ,12.97867,77.63675,+91 80 6570 6530,4
Chicken County,Chinese Indian       ,   ,12.97238,77.56669,+91 80 2225 7711,4
High Point Restaurant,American        ,   ,12.98438,77.58784,1.08E+11,4.5
Kabab Magic,        ,   ,12.8287,77.56695,+91 80 2648 9502,4.5
Paris Panini - Gourmet Sandwiches and Wraps,French Cafe Fast Food European Street Food    ,   ,13.027487,77.57614,+91 91088 83031,5
Mainland China,Chinese        ,   ,12.9395,77.58404,+91 80 2653 2525,5
Mochaholic,Chinese Indian Bar Pub     ,   ,12.9102,77.59263,,3.5
Sukhsagar,Indian Asian       ,Vegan Options   ,12.91679,77.59631,,4
70 Brigade,Asian        ,   ,12.96663,77.60657,40555888,4.5
The Spice Bazaar,        ,   ,12.96781,77.59638,+91 91489 66235,4
Cafe @ Elanza,Chinese Indian Cafe Asian     ,   ,12.96553,77.60255,+91 80 2223 3666,3.5
Peppermill,Lebanese Mediterranean       ,   ,12.89513,77.63629,+91 97409 55168,3.5
The Buffet Table,Italian Chinese Indian Asian Contemporary    ,   ,12.91463,77.63818,+91 96060 79837,4.5
Backstreet Brewery,Italian Chinese       ,   ,12.925725,77.70026,+91 96060 45393,4
Sai Shakti,Chinese        ,   ,12.99576,77.57655,+91 80 2336 0356,4.5
Beer Adda,Chinese        ,   ,12.93662,77.61527,+91 97437 78956,4
Biryanis and More-Jayanagar,Mexican Chinese Indian      ,   ,12.92884,77.58361,+91 99595 88382,5
Element 3,Chinese Indian       ,   ,12.979,77.6438,+91 88611 36100,4
Chantilly Patisserie,Cafe        ,   ,12.969975,77.63875,+91 98453 77075,5
Goli Vada Pav No. 1,Indian Fast Food       ,   ,12.91951,77.66766,+91 74063 11311,4
Hotel Ramanashree Brunton Restaurant,Chinese        ,   ,12.97571,77.60506,+91 80 3051 9007,4.5
Cool Corner,Indian        ,   ,12.95276,77.57364,+91 80 2691 6505,4.5
BTDT? Been There Done That?,Chinese European Asian      ,   ,12.97194,77.63332,+91 98869 98011,4.5
Aangan Punjabi Restaurant,Chinese Indian       ,   ,12.92091,77.66485,+91 80 4093 2441,3.5
The Parisian Cafe by Breadworks,French        ,   ,13.0291,77.57639,+91 80 4149 7129,4
Krishna Kuteera,Indian        ,   ,12.89001,77.59992,+91 90350 11234,4
White Plate Restaurant,        ,   ,12.92368,77.52031,+91 82771 82209,4
Bhagini,Chinese Indian Seafood      ,   ,12.98404,77.73724,+91 80 2854 0327,3
Asaivam Restaurant,Indian Seafood       ,   ,12.9824,77.64014,+91 80 4372 1036,4.5
Big Buffet,Indian        ,   ,12.996859,77.61404,+91 80957 52222,3
Karim's,Indian        ,   ,12.972288,77.601166,,1
Medici,Italian French European      ,Vegetarian Friendly   ,12.97263,77.6348,,4
Roundup Cafe,Italian Cafe Fast Food European Healthy    ,   ,12.937653,77.61771,+91 95131 94041,4
Arirang Korean Restaurant,Asian Korean       ,   ,12.97051,77.654,+91 80 4173 2581,4
Tibetan kitchen,Chinese Asian Tibetan      ,   ,12.93375,77.61609,+91 80 2552 4435,4.5
Puppy's Gastronomy,Cafe Fast Food Contemporary      ,   ,12.992958,77.58931,+91 97311 40569,5
WoW Momo,Chinese        ,   ,12.9911,77.65675,+91 99724 26458,3.5
Pizza Stop,Italian Pizza Fast Food      ,Vegetarian Friendly   ,12.99038,77.59003,+91 98801 60086,4
Heaven's Gate Dhaba,        ,   ,12.87229,77.5391,+91 80 2290 8780,3.5
Onesta,Italian Pizza       ,   ,12.91518,77.65174,+91 73378 44620,4.5
Domino's Pizza,Pizza        ,   ,13.0312,77.570595,+91 80 2351 3770,4
Gullu's Chat,Indian Fast Food       ,   ,12.99727,77.58179,+91 98451 02389,3.5
Bazaar - Zone By The Park,Indian Asian       ,   ,12.845,77.6654,+91 95139 03104,4.5
Pizza Hut,Italian Pizza Fast Food      ,   ,12.98392,77.72893,+91 80 6000 9000,4
Hotel Dwaraka,Indian        ,   ,12.95549,77.56749,+91 98867 57366,4
Biryani By Kilo - Akshaya Nagar,Indian        ,   ,12.876052,77.61622,+91 1800 212 2212,5
Housefull Kumara Park,Chinese Indian Pizza      ,   ,12.994244,77.58135,+91 96632 70006,3.5
Wang's Kitchen,Chinese        ,   ,12.85898,77.56951,+91 96867 63125,4
Mast Kalandar Restaurant,Indian Asian       ,   ,12.95847,77.70107,+91 80 6534 0333,3
Adyar Anand Bhavan Sweets,Indian Asian       ,Vegetarian Friendly Vegan Options  ,12.95561,77.54545,+91 99019 63135,4
Bogineni Black,Barbecue        ,   ,13.010427,77.760025,+91 98808 22777,5
Fill N Chill Resto Bar & Pub,Pub        ,   ,12.93441,77.62984,+91 80 4110 5142,4
Andhra Ruchulu,        ,   ,12.91684,77.59103,+91 80 4965 3035,4
Mudaliyar,Indian        ,   ,12.96734,77.60637,+91 80 4209 9703,4.5
Palmgrove,        ,   ,12.96977,77.60862,+91 80 2559 7277,3.5
Bastian,Asian        ,   ,12.987581,77.58267,+91 98800 81644,5
Empire Dosa Chicken,        ,   ,12.97074,77.60921,+91 80661 41070,4
TGI Friday's,        ,   ,12.96794,77.6479,25210569,4
Chaarcoal,Indian        ,   ,12.96954,77.56695,18736009070,4
Mayuri,Chinese        ,   ,12.96491,77.58945,+91 80 2670 4284,4.5
Uttarkhand Restaurant,Chinese        ,   ,13.00156,77.53047,+91 80 4242 3737,4
Banjara Restaurant,        ,   ,12.99371,77.59409,22262756,4
Sri Krishna Cafe,        ,   ,12.96674,77.60675,41104345,4
Delhi Zaika,Chinese Indian       ,   ,12.91408,77.58818,+91 97430 28369,4
Sanjha Chulha,Italian Indian Fast Food      ,   ,12.957084,77.70756,+91 88616 11114,3.5
Karnataka Chats,        ,   ,12.97078,77.57784,+91 99006 93237,4
Atithi Restaurant,Indian        ,Vegetarian Friendly   ,12.91339,77.63504,+91 80 4965 2709,3.5
KFC,American        ,   ,12.96561,77.60242,+91 80 2544 3494,4
Al-Bek,Indian Lebanese Asian      ,Halal   ,13.02679,77.59347,+91 98800 44772,3.5
Bailey's Cafe and Restaurant,Italian Mexican Chinese Indian Asian    ,   ,13.016025,77.650375,+91 91104 15454,5
Nandhana Palace Kanakapura,Chinese Indian Asian      ,   ,12.894385,77.5685,+91 80 4613 1111,5
The Green Path,        ,   ,12.990672,77.5719,080-426647774,4.5
Pani Kum Chai,        ,   ,12.88718,77.60405,+91 89718 14710,5
Sagar,        ,   ,13.00317,77.55343,,4.5
Domino's Pizza,Pizza        ,   ,12.88551,77.49896,080 - 23230106-10,4.5
"Sherlock's Pub, Frazer Town",Italian Chinese American Indian European    ,   ,12.994641,77.615074,+91 88803 00600,4
Chez Nous,French International       ,   ,12.92091,77.66485,+91 80667 05000,4
Kareem's,        ,   ,12.98859,77.57856,+91 99006 25626,2.5
The Bel St.,Italian Cafe       ,Vegetarian Friendly   ,13.030147,77.570656,+91 80 4167 8314,3.5
Tangerine,Italian        ,   ,12.90376,77.63114,+91 80 4933 3555,4.5
Sri Meenakshi Cafe,        ,   ,13.06381,77.55914,+91 96860 13395,5
Legends of Rock,Indian Bar Pub      ,   ,13.064,77.52689,+91 80 4130 3232,4
Priyadarshini Grand,Indian        ,Vegetarian Friendly   ,12.98509,77.53717,+91 99801 34939,4
Gopika Restaurant,        ,   ,12.94503,77.57471,23368173,4.5
Nisarga Garden,Indian        ,   ,12.94747,77.57156,+91 94482 61574,3.5
Cafesta,Italian Mexican Cafe Fast Food     ,   ,12.959541,77.7479,+91 80 3069 5450,4
Kanti Sweets,        ,   ,13.00608,77.63604,+91 80 2296 0613,4
Brick Oven,Pizza        ,   ,12.97613,77.60127,+91 88613 97521,4
Cafe Vishala Bistro,Italian Pizza Cafe Healthy Soups    ,   ,12.962484,77.588455,+91 96327 21666,4.5
Nizam's Biryani House,Chinese Indian       ,   ,12.960407,77.70172,+91 81234 03000,4
Barbeque Nation,Indian Barbecue Asian      ,Vegetarian Friendly   ,13.022594,77.6377,+91 80 6902 8722,4
Kanti Sweets,Indian        ,   ,12.92206,77.64492,+91 80 2572 6125,4
A2B,Indian Asian       ,Vegetarian Friendly Vegan Options  ,12.88919,77.60229,,4
Tiffin Express,Fast Food Asian       ,   ,,,,4
Panchami Garden,        ,   ,13.12182,77.62484,+91 97312 41499,4.5
Dal Tadkaa,Indian        ,Vegetarian Friendly   ,12.92856,77.5731,+91 96201 38000,3.5
Mtr Maiyas Restaurant,Indian        ,Vegetarian Friendly Vegan Options  ,12.97764,77.57726,22340470,4
Fattoush Multi Cuisine Restaurant,Indian Asian       ,Vegetarian Friendly Vegan Options Halal ,12.88919,77.60229,+91 73378 30044,4
Sanctum,Italian Mediterranean Asian      ,Vegetarian Friendly   ,12.965953,77.59881,+91 80 4965 2899,4
Subway,Italian Fast Food Healthy      ,Vegetarian Friendly Vegan Options  ,12.96494,77.63871,+91 80 4148 6266,4
Kobe Sizzlers,International        ,Vegetarian Friendly   ,12.978278,77.642586,+91 80 6560 0873,3.5
Hotel Restaurant Royal Orchid,Indian        ,Vegetarian Friendly   ,12.9803,77.61209,+91 80 2558 4242,4
The Studs Sports Bar & Grill,Italian Mexican Bar Fast Food Pub Street Food   ,   ,12.907061,77.59858,+91 98798 13203,5
Siddique Kabab Centre,        ,   ,12.99704,77.62004,+91 98450 77733,3.5
Domino's Pizza,Pizza Fast Food       ,Vegetarian Friendly Vegan Options  ,12.95696,77.70117,+91 80 2560 8800,4
Mint Masala,Indian Asian       ,Vegetarian Friendly Vegan Options  ,13.00634,77.57888,+91 80 2361 0668,3.5
Seven Ate Nine,American        ,   ,12.912228,77.64378,+91 76187 31199,4.5
Bella House Go Go,American Brew Pub Bar Cafe Contemporary Pub   ,   ,13.021325,77.711,+91 98459 19032,5
Shanmukha Restaurant,Indian        ,Halal   ,12.98377,77.6923,+91 80 4228 7405,3.5
Hakka Chinese Restaurant,Chinese Thai       ,   ,12.94273,77.55155,+91 96208 80475,4
Sotally Tober - Residency Road,Indian International Asian Healthy     ,   ,12.96838,77.60101,+91 96060 61456,4.5
Thalassery,Indian Asian       ,Vegetarian Friendly Vegan Options Halal ,12.841902,77.645386,+91 70229 10222,3.5
Satrangi,Indian Asian       ,   ,13.032907,77.56951,+91 89718 35064,4
Maziga,Indian        ,   ,12.99568,77.69499,+91 96066 42640,4.5
Eden Huts Dhaba,        ,   ,12.96865,77.70118,+91 80 6595 7659,4
Kaulige Foods,Indian Healthy       ,   ,12.971011,77.60677,+91 80 4164 9279,5
Wood Rose,Pub        ,   ,12.9804,77.57767,+91 80 4240 2222,4.5
Different Holige Mane,        ,   ,,,+91 97317 31105,4.5
KFC,American        ,   ,12.9202,77.47818,42198178,4
Chai Point,Indian        ,Vegetarian Friendly   ,12.93513,77.61405,+91 97398 63692,4
Hyderabad Bawarchi Biryani,        ,   ,12.92796,77.55602,+91 80 4097 6285,4
The Caffeine Baar/ Church Street,Cafe        ,   ,12.975675,77.60248,+91 96115 03841,
Vishnu Garden Vegetarian Restaurant,Indian        ,   ,13.04015,77.59959,+91 80 2355 5111,3.5
Pure & Natural,Fast Food Soups       ,Vegan Options   ,12.93179,77.59085,+91 80 2663 3304,4
Subway,Fast Food        ,   ,12.941,77.56672,+91 80 4140 0246,4
Copper Kitchen,Chinese Indian Barbecue Arabic     ,   ,12.914927,77.632164,+91 90033 88800,3
Beetle Juice Bar,Thai        ,   ,12.95523,77.58686,+91 81500 19700,4.5
New Prashanth Hotel Restaurant,        ,   ,,,+91 80 3202 8860,4.5
Kasipu,        ,   ,13.097728,77.53253,+91 95357 06606,3.5
Kumarakom,Indian Seafood Asian      ,Vegetarian Friendly Vegan Options  ,12.95441,77.52285,+91 80 6500 0114,3.5
Patiala Lassi,Indian        ,   ,13.03045,77.57759,+91 89517 80010,4.5
Hotel Sagar Veg & Non Veg Restaurant,Cafe        ,Vegetarian Friendly   ,12.97743,77.57651,+91 90361 58057,4.5
Truffles,American International       ,Vegetarian Friendly   ,13.028054,77.57315,+91 80 2341 0222,4
Nandhana Palace BEL Road,Chinese Indian Asian      ,   ,13.02952,77.57086,+91 80 4613 1111,4
Shiv Sagar,Fast Food        ,   ,12.81955,77.67605,+91 80 2206 7718,4
Horizon,Asian        ,   ,13.012286,77.55623,+91 96869 23311,4
Oh! Calcutta,Chinese Indian       ,Vegetarian Friendly   ,12.975321,77.603584,+91 80 4965 3405,4
Southindies,Indian Asian       ,   ,,,+91 80 4163 6363,4
Domino's Pizza,Pizza Fast Food       ,Vegetarian Friendly   ,12.97798,77.63987,+91 80 2521 7444,3.5
Royal Club Dining,        ,   ,12.96036,77.64439,+91 80 2521 1234,4.5
The Rasoi,Indian        ,   ,13.1221,77.6275,+91 95389 01734,4
The High Lounge,        ,   ,12.98464,77.5371,+91 72599 51076,4.5
Rolls and Bowls,Chinese        ,   ,12.959,77.71961,+91 80 4171 6246,5
Badmaash,Indian        ,   ,12.979074,77.56266,,3
Anna Kuteera,Indian        ,   ,12.93956,77.56922,+91 96200 09302,3.5
McDonald's,Fast Food        ,   ,12.9097,77.5857,,4.5
The Thai Vegan Kitchen,Thai        ,   ,12.962484,77.588455,+91 95910 24447,5
Subway,Fast Food        ,   ,12.99038,77.59003,+91 80 4121 4631,4.5
Moti Mahal Delux HSR Layout,Indian Asian       ,Vegetarian Friendly   ,12.91518,77.65174,+91 98445 53321,3.5
K C Das Sweets,        ,   ,13.00719,77.5709,+91 80 2346 9192,3.5
Blue Bell Sweets,        ,   ,12.8721,77.55451,+91 80 2223 6409,3.5
Trick Or Treat,Pizza Contemporary       ,   ,12.969572,77.60639,+91 90353 43341,4.5
Pizzeria Locale,Pizza Neapolitan Campania Southern-Italian     ,   ,13.025166,77.643486,+91 96067 92122,5
7 Plates,Indian Asian       ,Halal   ,12.99581,77.60595,+91 99867 72227,3.5
Shanghai Court,Chinese        ,   ,12.88919,77.60229,+91 80 4965 3025,4.5
Kawaii,Japanese American       ,   ,12.90501,77.65105,+91 89215 70876,5
Malika,Indian Bar Pub      ,   ,13.03614,77.62964,+91 80 4110 6602,4.5
Redberrys,        ,   ,12.94498,77.57106,+91 80 2667 1257,4.5
Shiv Sagar,        ,   ,12.9356,77.6117,+91 80 2206 7719,5
The History Pub,Chinese Indian Soups Arabic     ,   ,12.956087,77.47876,+91 99013 77888,5
CakeZone,Cafe        ,   ,12.97682,77.63543,+91 91089 10862,4
Malenadu Silver Spoons,Chinese Indian Seafood Healthy Soups    ,   ,13.062464,77.58364,+91 96637 76005,5
Beijing Bites - RT Nagar,Chinese Asian Middle Eastern Szechuan     ,   ,13.01679,77.59165,+91 98863 62822,3.5
Siddique Kabab Centre,Japanese Indian       ,   ,12.98558,77.61515,+91 98455 06180,4
Cafe Mondo,Italian        ,   ,12.94021,77.5778,+91 80 4208 8686,4
Sri Krishna Delicacy,Indian        ,   ,13.03683,77.60907,+91 72598 71990,3.5
Ashoka,International        ,   ,12.98432,77.58263,,4
Based on a True Story - Bistro,American Cafe European Contemporary Diner    ,   ,13.023845,77.63627,+91 80882 68711,4
New Punjabi Food Corner,        ,   ,13.04983,77.61607,+91 80 4131 3444,4
Burrito Boys,Mexican        ,   ,12.93995,77.58496,+91 80672 66036,4
Waffle Walle,        ,   ,12.876228,77.5957,+91 81059 02392,4
Khan Saheb Grills & Rolls,Chinese Indian Barbecue Asian Middle Eastern    ,   ,,,+91 99009 41111,4.5
Thin Tony's Pizza,Italian American Pizza Wine Bar     ,   ,12.970194,77.639015,+91 88677 45322,5
New Sagar Fast Food,Indian        ,   ,12.98506,77.54502,+91 94486 71140,4
Mr. Idli,Indian        ,Vegetarian Friendly Vegan Options  ,12.98151,77.63053,+91 96325 51726,3.5
The Second Wife Restaurant,        ,   ,13.01204,77.65015,+91 80 4965 2475,3.5
Denny's Bar & Restaurant,Chinese American       ,   ,12.96889,77.60701,+91 80 2659 3687,3.5
What's In A Name,        ,   ,12.933845,77.619804,+91 80 4965 3529,4
Imperial Restaurant,        ,   ,12.95374,77.54315,+91 80 2674 1313,3
Adyar Ananda Bhavan Sweets & Snacks,Indian        ,   ,12.82187,77.68624,+91 1800 103 6363,4
Brahmin Tiffins And Coffee,Indian        ,   ,12.962484,77.588455,,4
Olive Bakes,Greek        ,   ,13.05981,77.51312,+91 97398 68610,4.5
Aramane Restaurant,Indian        ,   ,13.00666,77.5494,+91 98866 26663,3
Babylon Express,Mediterranean        ,   ,12.95453,77.53796,+91 80 4217 8011,4.5
Sagar Samrat Veg Restaurant,American        ,   ,12.91034,77.59049,+91 80 2341 0662,3.5
Crescent Avenue,Italian Chinese       ,   ,12.97443,77.60695,+91 80 2226 8011,4
Pangeo,Sushi Asian Beer restaurants      ,   ,12.972565,77.60664,19607695555,1
Guru Garden Restaurant,Chinese        ,   ,12.89001,77.59992,+91 80 2658 3972,3
Cafe Amudham,        ,   ,12.947731,77.59201,,3
Pizza Hut,Pizza        ,   ,13.06727,77.45033,+91 80 6000 9000,4
Tiwari's Ghee Paratha & Chai,        ,   ,12.927,77.56155,+91 98444 00514,4.5
Bekal,        ,   ,12.96737,77.65699,+91 80 2527 5891,4
Herbs And Spice Restaurant,Indian        ,Vegetarian Friendly   ,12.97086,77.59905,67678855,4
Delhi Walle,Indian        ,   ,12.92819,77.50277,+91 98456 23510,4
Banaras Sweet House,        ,   ,12.9647,77.57715,+91 80 2226 9139,4
Hiyar Majhe Kolkata,Indian Asian Bangladeshi      ,   ,12.91909,77.61424,+91 97394 02806,5
Paradigm Shift,Asian Thai Burmese      ,   ,12.99097,77.55798,+91 96860 18042,4
Cafe Cassia and Deli,        ,   ,12.98127,77.61355,+91 80 4115 4102,3.5
Kaayal,Indian Asian       ,Halal   ,12.96286,77.70725,+91 80 2852 4304,3.5
Mud Pipe,Cafe        ,   ,12.93538,77.6087,+91 80 4965 2172,3.5
Food Springs,Indian        ,   ,12.91834,77.58534,+91 91088 76091,3
Shahi Kababs & Rolls - Taste the difference Since 1995,        ,   ,12.994861,77.61676,+91 94485 70004,4.5
McDonald's,Fast Food        ,   ,12.89001,77.59992,+91 95389 26507,4
Bhagatram Sweets,        ,   ,12.98236,77.60787,+91 99801 16903,3
Aqua Grill,        ,   ,12.98953,77.59516,+91 80 4243 4243,4.5
Biryani By Kilo - Koramangala Bangalore,Indian        ,   ,12.937315,77.624535,+91 1800 212 2212,5
Tiki Village,Hawaiian        ,   ,13.08131,77.50076,+91 97312 08308,1
Udupi Upahara,        ,   ,12.93513,77.61405,+91 80 2591 9976,4
Vasudev Adiga’s Nalapaka,Chinese Indian Asian      ,   ,12.89001,77.59992,+91 84949 11150,4
Amma's Ruchi Restaurant,Chinese        ,   ,13.0415,77.62469,+91 96636 02434,3.5
Istanbul Doner,Turkish        ,   ,12.90563,77.63896,+91 80 4093 2542,3.5
Greens,Chinese Indian Fast Food      ,   ,12.834556,77.40097,+91 80 2201 0333,4
Cafe Graze Plant Based Kitchen,Indian Cafe Asian Diner Arabic    ,   ,12.97453,77.65642,+91 82969 89895,5
Pooja Dosa Camp,Indian        ,   ,13.02165,77.65803,+91 80 2565 5367,4.5
Northern Route,Indian Fast Food       ,   ,12.97121,77.60093,+91 80 3351 2982,4.5
Hotel Thalassery Restaurant,        ,   ,13.06779,77.6321,+91 97436 43946,4.5
Aqua Restaurant,Seafood        ,   ,12.98027,77.58578,+91 80 2220 2030,4
Habanero,Mexican Southwestern Pub      ,   ,12.97765,77.74307,+91 80 2802 6530,3.5
Misosexy,Asian        ,   ,12.970019,77.63878,,4.5
Zhangs Chinese Restaurant,Chinese        ,   ,12.910513,77.59126,+91 80 2659 5988,4
Kalmane Koffees,        ,   ,12.99766,77.59993,+91 98808 59495,3.5
Barbeque Nation - Electronic City,Chinese Indian       ,   ,12.96074,77.4778,+91 80 3500 2045,4.5
India Chai Lounge,Cafe        ,   ,12.99008,77.59303,+91 99868 70841,5
Hari Super Sandwich,        ,   ,12.93307,77.57905,+91 99011 17355,3.5
Auntie Fung's,        ,   ,12.93791,77.62169,+91 92060 70188,4.5
Drinks on MG,Italian European Spanish      ,   ,12.97619,77.60288,+91 80 4112 3512,4.5
Barista Lavazza,Cafe        ,   ,12.91369,77.6784,+91 80 2844 0011,4
Domino's Pizza,Pizza        ,   ,12.97343,77.6063,+91 80 6888 6888,4.5
Anand Sweets & Savouries,        ,   ,12.85856,77.59984,+91 80 4094 2087,4
Chikkanna Tiffin Room,Indian        ,   ,12.95662,77.60233,+91 98459 17991,4.5
Ouro,Italian Mexican European Spanish Portuguese Dining bars   ,   ,12.972714,77.60638,+1 806-934-9999,4
The Ninja,Chinese Japanese Asian      ,   ,12.93327,77.61509,+91 96207 21000,3.5
MTR,        ,Vegan Options   ,12.97062,77.654,+91 80 2311 7449,4
Gokul Vegetarian Restaurant,        ,Vegan Options   ,13.00666,77.5494,23423955,4
Uphara Kendra,Indian Fast Food       ,   ,12.947505,77.57371,+91 98864 76096,4
New Punjabi Hotel,Indian        ,   ,12.97294,77.64694,+91 80 4115 5177,4
Japanese Restaurant ORIGAMI,Japanese        ,   ,12.978688,77.637,9.18E+13,5
Beijing Bites,Chinese        ,   ,12.98069,77.72488,,4
Fine Flavors,Indian        ,   ,12.89332,77.55859,+91 80 2666 6269,4
Sindhoora Gardenia,Seafood        ,   ,12.87336,77.54007,+91 98447 45111,4
Gokul Veg,Indian Asian       ,   ,12.94427,77.57105,+91 80 2662 7612,4
Annachi,        ,   ,12.98194,77.63951,+91 80 6999 9356,3.5
Tang of Jamaica,Caribbean Jamaican       ,   ,13.026543,77.63867,+91 95678 66533,4
Jalebbi,Indian        ,   ,12.986425,77.595604,+91 98803 20111,5
Bhavani Restaurant,Indian        ,   ,12.94362,77.56783,+91 73494 14217,4
Loveshack,Bar Pub       ,   ,12.93622,77.62546,+91 99000 34524,3.5
Atithya Restaurant,        ,   ,12.94698,77.5691,(+91) 80 265081500,4
Venus Bar and Restaurant,        ,   ,13.04218,77.51543,+91 80 4128 3005,4.5
Mast Kalandar,Indian        ,   ,12.93253,77.58598,+91 80 4121 5666,3.5
"Vasudev Adiga's, Indiranagar",Indian Fast Food Asian      ,   ,12.97867,77.63675,+91 98451 61422,3.5
A2B - Adyar Ananda Bhavan,Indian        ,   ,12.8586,77.64619,+91 96200 75777,3.5
Godavari Delights,Indian        ,   ,12.85109,77.65743,+91 82966 32187,4
Lyfe Restaurant & Pizzeria,Italian Mediterranean Asian      ,   ,12.957204,77.740814,+91 96060 19837,5
Samosa Singh,Indian        ,   ,12.842241,77.64584,+91 97418 50841,4
Dhaba by Claridges,Indian        ,   ,12.970438,77.6464,+91 80 4853 6713,4.5
Mighty Paws - Cafe & Casuals,Italian American Cafe      ,   ,12.901917,77.6772,+91 98451 82733,3.5
Kanti Sweets,Cafe        ,   ,12.92636,77.67696,+91 80 4203 9563,4.5
Cafe Terra,Italian Cafe       ,Vegetarian Friendly Vegan Options  ,12.930036,77.63314,+91 80 4131 3553,4
Salaam Sigri,Fast Food        ,   ,12.98464,77.5371,+91 78997 27203,4.5
Kiki's Resto,        ,   ,13.102646,77.55344,,5
Cibo Esca,        ,   ,12.96861,77.53418,+91 80 2318 5154,4
The Potbelly Divine,Indian        ,   ,12.970195,77.64134,+91 99997 25052,4.5
The Pizza Bakery,Italian Pizza European Neapolitan Campania Southern-Italian   ,   ,13.022977,77.639565,+91 96200 08261,5
Vasudeva Adiga's,Chinese        ,   ,13.00726,77.5215,+91 84949 11142,4
Chandrappa Hotel Restaurant,        ,   ,13.03035,77.56079,+91 80 2360 6186,4.5
Hitchki Sarjapur,Indian        ,   ,12.921382,77.525375,+91 90358 04169,3
Hotel Sri Saravana Bhavan Restaurant,        ,   ,12.97992,77.63936,+91 97380 32795,4
Mangalore Pearl - Bengaluru,Indian        ,   ,12.99091,77.61927,+91 73381 15492,5
The LightHouse Restaurant,Indian Seafood       ,   ,13.02679,77.57872,+91 80 4336 5409,4
Nossa,Indian Seafood European Portuguese     ,   ,12.966914,77.6096,+91 99806 15061,4
Ninan's Steakhouse,American Steakhouse European Healthy Middle Eastern    ,   ,12.886307,77.57992,+91 63648 74557,3.5
Swathi Gardenia,Indian Asian       ,Vegetarian Friendly   ,13.09503,77.5943,+91 80 2362 4299,4
KoraMINGLE,Bar Pub       ,   ,12.937643,77.62758,+91 99860 87000,5
Ujwal Family Restaurant,Chinese Indian       ,Vegetarian Friendly   ,13.03608,77.57491,+91 80 2351 7760,4
Chili's,Mexican American Bar Pub     ,Vegetarian Friendly   ,12.97026,77.51095,+91 80 4235 2526,3.5
Eden Park Restaurant,Chinese        ,Vegetarian Friendly   ,12.92388,77.52102,+91 80 4277 7333,4
Sattvic Veg Restaurant,Indian        ,   ,12.865273,77.656586,+91 80 4890 0022,4.5
Bageecha Multicuisine Family Restaurant,Indian Asian       ,   ,12.95459,77.68218,+91 80 2852 5124,4
The Rasaganga,Indian Asian       ,Vegetarian Friendly Vegan Options  ,12.92091,77.66485,+91 80 4131 6321,4
Mani's Dum Biryani,Indian        ,   ,12.92266,77.48448,+91 99721 31903,4.5
Cave N Dine,Chinese Indian Asian Thai Diner    ,Vegetarian Friendly   ,12.986319,77.54054,+91 80 2310 2051,3.5
Rewind,Bar Pub       ,   ,13.02734,77.63464,+91 98866 53578,3.5
1498 AD,        ,   ,12.98445,77.5881,+91 80 2220 5205,3.5
Chin Lung Bar & Restaurant,Bar Pub       ,   ,12.9682,77.60067,+91 80 2532 0136,3
New Paradise Hyderabadi Biryani,Indian        ,Vegetarian Friendly Halal  ,13.04094,77.62035,+91 80 4093 1313,4
Cube Stop Food Court,Chinese Indian Pizza Cafe Fast Food    ,   ,13.50728,77.75829,+91 82828 22823,5
Paakashala,Healthy        ,   ,12.95994,77.53146,+91 93809 09955,4
Jake's Cafe,Italian Chinese American Cafe     ,   ,12.97125,77.60784,+91 80 4890 6090,4
Om Sai Skanda Dosa Camp,Indian        ,   ,12.95919,77.59795,+91 94481 75340,4.5
Cafe shuffle,Italian Chinese American      ,   ,12.91833,77.57364,+91 97421 66777,4
Xtreme Sports Bar & Grill,Chinese American Indian Bar Pub    ,   ,12.970426,77.64117,+91 96633 12706,3.5
"Kahaani Cafe n Restaurant, HSR Layout Bangalore",Chinese Indian Cafe Street Food     ,   ,12.91061,77.65387,+91 85559 54841,5
Thalassery Restaurant,Indian Asian       ,Vegetarian Friendly Halal  ,13.04339,77.55417,+91 80 2360 1741,3.5
Tomatina,Mexican Chinese Indian Asian     ,Vegetarian Friendly   ,12.9001,77.64873,+91 80 4242 0606,3.5
Northams Pizza Pita,Pizza        ,   ,,,+91 81057 11811,4.5
Parika Multicuisine Restaurant,Chinese Indian       ,   ,12.967024,77.5945,+91 99001 09637,5
Parivar,Chinese        ,   ,13.00319,77.7359,+91 80 2663 5575,4.5
Sree Vishnu Bhavan,        ,   ,12.96797,77.57472,+91 80 2237 3936,3.5
Tummy Fuel,Italian Mexican Indian Cafe Contemporary    ,   ,12.98177,77.55096,+91 90085 58558,4.5
Masala Chai,Indian        ,   ,12.97768,77.74289,+91 80 4954 5043,4.5
Chaithanya Delicacy,        ,   ,12.96432,77.61501,+91 80 2530 9599,4.5
The Boozy Griffin Marathahalli,Indian Bar Pub      ,Vegan Options   ,12.939211,77.69487,+91 98804 37555,4
Oasis Bar & Restaurant,Chinese        ,   ,12.84084,77.67175,+91 88611 03560,4
Sherlock Holmes Pub And Restaurant,Bar Pub       ,   ,12.994641,77.615074,41250156,3.5
Mayura Bakery,        ,   ,12.97774,77.71457,+91 80 2845 4201,3.5
Alloro,Italian Tuscan Central-Italian      ,Vegetarian Friendly Vegan Options  ,12.850036,77.659996,+91 96208 00500,4.5
Mighty Small,Chinese Indian Bar European Pub    ,   ,12.973332,77.620445,+91 99025 26032,4
Bathinda Junction,Chinese Indian Asian      ,Vegetarian Friendly Vegan Options  ,12.95803,77.56849,+91 98861 01619,4
Moti Mahal Restaurant,International        ,   ,12.977681,77.57731,+91 80 2226 1077,5
Delhi Darbar Family Restaurant,Chinese Indian       ,   ,12.93792,77.5693,+91 98862 97798,3.5
Shanthi Sagar,        ,   ,12.94956,77.57993,26579968,4
Wazirs,Chinese Asian       ,   ,12.96289,77.59832,41145555,4
Rolling Oven,Cafe        ,   ,12.933569,77.62038,+91 76760 99718,5
Upsouth,Indian        ,Vegetarian Friendly   ,13.03215,77.67403,+91 80 2268 2268,3.5
Chai Point,Cafe        ,   ,12.92484,77.63779,+91 92431 50001,3.5
Wall Street Sky Lounge,        ,   ,12.97251,77.60721,+(91)6363531610,4
Gloria Jean's Coffees,Cafe International Australian      ,   ,12.93619,77.58485,+91 80 4148 7631,4
Zain Paradise,        ,   ,13.04226,77.58195,+91 98809 37874,4
Pankaj Delicacies,Indian        ,   ,12.927329,77.585464,+91 98458 71805,5
Vijaya Cafe,Cafe        ,   ,12.9789,77.57507,+91 80 2226 6344,3.5
Kolkata Kathi Roll & Momo's,        ,   ,12.9097,77.5857,+91 99167 38686,4.5
Sree Raghavendra Prasanna Coffee Club,Indian        ,   ,12.95282,77.57364,,4
King Punjabi Restaurant,Indian        ,   ,12.97051,77.654,+91 97400 75533,4.5
Chaat Bazaar,        ,   ,12.959496,77.747536,+91 80670 80120,3.5
The Chocolate Heaven,        ,   ,12.981756,77.61029,+91 85008 62264,4
Skyline Pizzeria Bakery & Cafe,Italian Chinese Indian Pizza Cafe    ,   ,12.90783,77.56138,+91 81975 44572,4.5
Indian Affair,Indian        ,   ,12.96839,77.60097,+91 80 4141 4141,4.5
Chung's Chinese Corner,Chinese        ,   ,12.99786,77.55006,+91 80 2310 4929,4
McDonald's,Fast Food        ,   ,12.9686,77.53716,+91 80660 00666,4.5
7 Plates,Indian Asian       ,Halal   ,13.02176,77.6265,+91 78297 79997,3
Hotel Pavana Residency,Indian        ,   ,12.97727,77.57083,+91 99019 75707,2.5
Brahmin Tiffin,Indian Cafe Healthy      ,   ,12.89749,77.55932,,4
Kanti Sweets,Indian        ,   ,13.070507,77.555565,+91 80 2296 0628,4
Shaken & Stirred,Bar Pub       ,   ,12.981165,77.576904,+91 80 4631 5555,4
Shree Khana Khazana,Indian        ,   ,13.00687,77.5728,+91 80 4965 3468,4.5
Hyderabad Handi Biryani,Chinese Indian       ,   ,12.8616,77.58022,+91 80 2668 2232,3.5
Just Punjabi Dhaba,Chinese Indian       ,   ,12.93894,77.56918,+91 96111 93348,4.5
Parathas And Dosas,Indian        ,   ,13.021628,77.63982,+91 80 3271 3131,4
Chung Wah Opus,Chinese        ,   ,12.93516,77.58284,+91 80 3248 8588,4
Ferghana,Japanese Asian       ,   ,12.9361,77.58081,+91 80 4114 1737,3.5
One For The Road,Chinese Indian       ,   ,13.04736,77.62854,+91 98451 09369,4
Faaso's,Fast Food        ,   ,12.8438,77.60792,+91 88844 34722,4
The Club,Chinese        ,   ,12.94264,77.5256,+91 80 2860 0665,3
Domino's Pizza,Pizza Fast Food       ,   ,12.9832,77.6406,+91 80 2521 7444,4
Uttam Sagar Delux,Indian        ,   ,13.00817,77.66716,+91 80 3250 6080,4
Thallessery Hotel,        ,   ,12.96793,77.53795,+91 99022 28501,4
Manchow,        ,   ,12.947,77.52519,+91 80 4161 3121,4.5
Hokkaido Japanese & Korean BBQ Restaurant,Japanese Seafood Barbecue Sushi Thai Japanese Fusion   ,   ,13.013375,77.67513,+91 73056 51666,3
Country Inn & Suites By Radisson,Chinese American Indian Asian Central-Italian    ,   ,13.04094,77.62035,+91 90350 71397,4.5
The Pizza Bakery,Italian Pizza European Neapolitan Campania Southern-Italian   ,   ,12.906381,77.59193,+91 63669 52005,5
Mish Mash,Indian Asian       ,Vegetarian Friendly   ,12.912327,77.64155,+91 80 2258 0091,3.5
Shiv Sagar Express,        ,   ,13.02683,77.57876,,3
Savoury Restaurant,        ,   ,12.90628,77.69856,+91 80 4965 3514,4
Lakshmi Juice Centre,        ,   ,12.98512,77.57509,+91 80 2344 6524,5
On The Rock,Indian Bar Pub      ,   ,12.84498,77.66555,+91 80 4204 7434,4
Kuteeram,Cafe        ,   ,13.0537,77.50755,+91 80 2846 6326,4
Sanjaynagar,Indian        ,   ,13.02949,77.57852,,4.5
Paratha House,Chinese Indian Asian      ,Vegetarian Friendly   ,12.95964,77.64467,+91 99862 12302,3.5
Sidewalk Cafe,Italian Pizza       ,   ,12.96886,77.60041,+91 80 2227 8731,3.5
Java,Indian        ,   ,12.96794,77.6479,+91 80 4137 8888,4
Chullah Bhatti,Indian        ,   ,12.92563,77.54971,+91 76769 27707,4
Infinitea,        ,   ,12.98678,77.59086,41148428,3.5
Gustoes Beer & Boufage,Indian Barbecue Asian Middle Eastern Bangladeshi Afghan Beer restaurants  ,   ,12.92373,77.57449,+91 99166 61626,3
Lucknowiz,Indian        ,   ,12.92669,77.63353,+91 88619 97764,4
Blue Archies for Family,Chinese Indian Seafood Asian Middle Eastern Afghan   ,   ,13.022369,77.51937,+91 80 2372 2123,4
Gongura,Indian        ,   ,12.99371,77.70238,+91 80 4962 6609,3.5
Rolls on Wheels,        ,   ,12.92292,77.59353,+91 96635 21065,4
Iyer's Tiffin Centre,        ,   ,12.9408,77.56483,+91 99866 69388,3.5
Upsouth,        ,   ,12.99278,77.57153,+91 80 2266 7311,4
Aaha Bhojanam,Chinese Indian       ,   ,12.965645,77.7185,+91 81255 92559,5
Shankar Bhel House,        ,   ,12.99441,77.6174,+91 98453 74925,4
Kapoor's Cafe,Indian        ,   ,12.97194,77.59369,+91 98867 52502,5
Sukh Sagar,Chinese Indian Fast Food      ,   ,12.97548,77.48421,+91 80 2553 3633,3.5
Tiddly Tavern,Chinese Indian Asian      ,   ,12.986976,77.736336,+91 90083 81920,5
Tewari Bros Mithai Shoppe,Chinese Indian       ,   ,12.9788,77.61545,+91 80 3292 6265,5
Nandhini Restaurant Jayanagar,        ,   ,12.98263,77.74337,+91 80 4125 9166,4.5
W Xyz,Bar International Pub      ,   ,12.97756,77.74321,+91 80 4965 3273,3.5
Sukh Sagar,        ,Vegetarian Friendly   ,13.02143,77.63703,+91 80 4126 4476,4
Uttara Karnataka Jolada Rotti Meals,        ,   ,12.93776,77.56767,+91 96203 69666,3.5
Curries & Pickles,        ,   ,12.92304,77.59151,+91 97416 69335,4.5
Krishnam Udupi Hotel,Asian        ,   ,12.883739,77.54793,,4
Panda Boy,Chinese        ,   ,13.01599,77.64125,+91 80 4094 2273,4.5
Banbay,Cafe Asian       ,   ,12.99179,77.59422,+91 99003 22550,4.5
The Elaichi Restaurant,Indian        ,   ,12.85032,77.65553,+91 80 4965 2890,3.5
Long Boat Brewing Co.,Brew Pub Bar European Asian Pub Beer restaurants   ,   ,12.951854,77.70041,+91 80 4736 0054,5
Kaifu,Chinese        ,   ,13.03611,77.56676,+91 80 4370 8080,4.5
Adda - The Restaurant,        ,   ,12.88835,77.61731,+91 99865 75697,4
Aviator,Seafood        ,   ,13.195652,77.63503,+91 8071 200 200,4.5
Anand Sweets & Savouries,Indian        ,   ,12.9964,77.61378,+91 80 4125 1707,4.5
Adiga's,        ,   ,12.99449,77.56864,+91 80 4153 5991,3.5
Lazeez,Indian Asian       ,Halal   ,12.93629,77.61678,+91 80 4121 7034,3.5
Fish & Fries,Indian Seafood       ,   ,12.9119,77.64823,+91 98802 02283,3.5
Daivik Restaurant,        ,   ,12.97961,77.57653,+91 80 4022 3344,4
Cafe Mondo,Italian Cafe       ,   ,12.91518,77.65174,+91 99458 64296,4
DimSum & More,Chinese        ,   ,12.93327,77.61509,,4
Chung Wah,Chinese Asian       ,   ,12.97897,77.75335,+91 97400 00000,4
IceBreakers HSR,Cafe        ,   ,12.911219,77.635254,,4.5
Bhagathram Sweets Chats & Fast Foods,Fast Food        ,   ,12.98185,77.6094,+91 97319 85646,3.5
McDonald's,Fast Food        ,   ,12.97465,77.60788,+91 80 4112 3600,4
"Lock, Stock & Barrel Nagawara",        ,   ,13.026,77.70702,+91 80 4965 2987,5
WOW! Momo,Asian Tibetan       ,   ,12.9674,77.61439,+91 88613 51894,4
Banana Leaf,        ,   ,12.95962,77.6414,+91 98453 59983,4
Punjab Restaurant,Indian        ,   ,12.99845,77.67317,40930914,4.5
Double Up,        ,   ,13.027779,77.63245,+91 80 6901 2345,5
Hotel Sangam Paradise,Indian        ,   ,13.19405,77.63548,+91 99867 55818,3.5
Raaga,Indian        ,   ,12.97829,77.64057,+91 80 2525 0235,3.5
Xtreme Sports Bar Marathahalli,Italian Indian Barbecue Fusion     ,   ,12.95632,77.70683,+91 81528 54854,4
Cafe 132,Indian Cafe       ,Vegetarian Friendly   ,12.93365,77.6242,+91 80 4965 3233,3.5
Sizzlers Casa,Japanese American       ,   ,12.98588,77.56054,+91 80 4166 9669,4.5
Chaayos,        ,   ,12.996406,77.696686,+91 1800 120 2424,4
Tandooriwala,Indian        ,   ,12.99298,77.66053,+91 96325 51726,3.5
Nisarga Garden Restaurant,        ,   ,12.98592,77.61071,+91 80 2228 9563,4
Purani Dilli,Indian Fast Food Asian      ,Vegetarian Friendly   ,12.937152,77.61964,+91 80 2563 1555,3.5
The Pizzeria,Italian Pizza       ,   ,12.90731,77.63771,+91 99801 90880,4
Prakriti Ahaara,Italian Indian Mediterranean Asian     ,   ,13.03582,77.51384,+91 88613 02296,4.5
Up South Malleswaram Orion,Fast Food        ,   ,13.011274,77.555016,+91 99806 05384,3.5
Green Onion,Chinese Asian Thai Szechuan Shanghai    ,Vegetarian Friendly   ,,,+91 80 2532 7146,4
Hype,Bar Pub Fusion      ,Vegetarian Friendly   ,12.992322,77.58828,+91 80 4512 6470,5
Shanmukha Restaurant,Chinese Indian       ,Halal   ,12.90666,77.59619,+91 80 4173 5566,4
Hotel Ajantha Restaurant,Indian Asian       ,   ,12.97331,77.61537,+91 80 2558 4321,3.5
Via Milano,Italian Pizza Mediterranean European     ,   ,12.900931,77.70724,+(91)098451955383,3.5
Zatar House,Indian Lebanese Pizza Mediterranean Middle Eastern Afghan   ,   ,12.84084,77.67175,+91 73385 38555,5
Take 5,Chinese Bar Pub      ,   ,12.98276,77.64062,+91 80 3923 6119,3.5
Sports Bar,Bar Pub       ,   ,13.00602,77.57943,+91 80 4965 2846,4.5
Millers Forty Six,Steakhouse        ,   ,12.98783,77.59128,+91 80 4114 8022,4.5
Punjabi Food Corner,Indian        ,   ,12.89771,77.58258,+91 80 2685 0061,4.5
Aloro,Italian European       ,Vegetarian Friendly   ,12.850106,77.660164,+91 80 3003 0303,4
Lady Baga,Bar Cafe Pub      ,   ,12.970769,77.59766,+91 91089 34177,4
Cantan,Chinese Asian       ,   ,13.09044,77.58173,+91 80 4866 9267,5
blueFROG Bangalore,Indian Bar European Pub South American    ,Vegetarian Friendly   ,12.974535,77.60682,+91 80 6999 9549,3.5
Ichak Dana,        ,   ,12.94871,77.71302,+91 93422 46908,5
Ta'aam,Middle Eastern        ,   ,12.99009,77.59943,+91 98455 38234,5
The Beer Cafe,Italian American Bar Pizza Pub    ,   ,13.017701,77.54361,+91 80 4125 2456,3.5
New Chai Gully,Indian Cafe       ,Vegetarian Friendly Vegan Options  ,12.967451,77.71457,+91 80 4131 4000,4
Cafe Garage,Italian Chinese Indian Cafe Barbecue    ,   ,12.417791,76.678986,+91 97424 48186,3.5
Nandini Paradise,Indian Asian       ,Vegetarian Friendly Vegan Options  ,12.93077,77.58207,+91 80 2653 5090,4
Gongura's,Indian        ,Vegetarian Friendly Halal  ,12.90177,77.56091,+91 89041 33998,3.5
Chung Wah,Chinese Asian       ,   ,12.95825,77.57537,+91 80 6454 2088,4
Flavours,Chinese        ,   ,12.96662,77.718,+91 80662 26969,4
Chowman,Chinese        ,   ,12.956853,77.715034,,4
Village Restaurant,Indian        ,   ,12.95766,77.70882,+91 96869 32820,3
Amulya,Indian        ,   ,12.97669,77.57575,+91 80 4173 9693,4
Five Spice Dining,        ,   ,12.90626,77.59003,+91 80 2254 5100,4
Kamat Hotel Restaurant,        ,Vegetarian Friendly   ,12.98965,77.70676,+91 80 2845 9073,3.5
Chopstick World,        ,   ,12.95957,77.56813,+91 80 2323 2336,4.5
Red Tomato,Italian Indian Pizza Fast Food Asian    ,   ,12.918941,77.58363,+91 98454 00444,4.5
Absolute Barbecues,Italian Chinese Indian Barbecue Grill    ,   ,13.09768,77.59629,+91 73373 36832,5
Gelato Italiano,        ,   ,12.97097,77.60848,+91 80 4161 4949,4
Biriyani Zone,Indian        ,Vegetarian Friendly Halal  ,12.952417,77.70022,+91 96864 09911,4
Slounge,        ,   ,12.98417,77.61422,+91 98104 62329,4.5
Chaayos,        ,   ,12.97035,77.64067,,3.5
Sarasa Japanese Kitchen,Japanese        ,   ,12.92902,77.48614,+91 82961 36768,4.5
Santrupti,        ,   ,12.91005,77.57699,+91 80 2356 2357,5
Linoui,Belgian European       ,   ,12.995621,77.69656,+91 80 4128 4128,4
Le Grapes Restobar,Indian Asian Contemporary Dining bars     ,   ,13.00092,77.54978,+91 90662 29980,4
Health Zingo,Chinese Asian Healthy      ,   ,12.9262,77.67168,+91 90192 34758,4
Tibbs Frankie,Fast Food        ,   ,12.981,77.60215,+91 93425 10191,4.5
Kormangala Chutneys,Chinese Indian       ,   ,12.93629,77.61502,+91 80 4161 6555,5
Apsara Ice Cream Parlour,Chinese        ,   ,,,+91 80 2668 6231,4.5
Mani's Dum Biryani,        ,   ,12.93358,77.61575,+91 80 4127 3705,4
Savoury Restaurant,Indian        ,   ,12.98455,77.67617,+91 80 4999 4999,4
Deewar,Chinese        ,   ,12.95687,77.53086,+91 80 2321 6659,3.5
Diletto,        ,   ,12.801555,77.578575,+91 78489 43934,
South Thindies,Indian Fast Food       ,Vegetarian Friendly Vegan Options  ,12.93686,77.57883,+91 80 2662 2660,4
Grand Village,        ,Vegetarian Friendly   ,12.94566,77.57094,+91 80 2661 2447,3.5
Faaso's,Fast Food        ,   ,12.89758,77.61556,+91 88844 91147,4
Lassi Corner,Indian        ,   ,13.021956,77.67161,+91 74068 04000,4
Paris Panini - Gourmet Sandwiches & Wraps,French Cafe European Street Food     ,   ,12.97499,77.60478,+91 99000 31109,5
Swadeshi Family Restaurant,Indian Asian       ,   ,12.846241,77.5204,+91 74110 59111,3
Chai Point,Indian Cafe       ,Vegan Options   ,13.10541,77.56807,+91 92431 50001,4
Spice It,        ,   ,12.900892,77.632416,+91 80 4900 9090,4
Trivoli Garden,Middle Eastern Afghan       ,   ,12.98238,77.5932,+91 80 2228 1234,4
Potteery Nine Cafe,        ,   ,13.04516,77.60105,+91 6366027777 |,2.5
Bhagini,        ,Vegetarian Friendly   ,12.99736,77.69069,+91 80 2590 2960,3.5
Yoga House,        ,Vegetarian Friendly Vegan Options  ,12.9809,77.63831,,3.5
Kakal Kai Ruchi,Indian Asian       ,   ,12.94454,77.57687,+91 94482 81196,3.5
Calcutta Victoria Chat House,Indian        ,   ,13.01023,77.66194,+91 90354 59812,4.5
Domino's Pizza,Pizza Fast Food       ,   ,12.988176,77.59397,+91 80 2238 5855,3.5
New Krishna Sagar Indiranagar,Chinese Soups       ,   ,12.98232,77.64579,+91 80 2543 6644,4
Domino's Pizza,Pizza        ,   ,12.96752,77.71595,+91 80 4167 0261,4
New Kadai,Chinese        ,   ,13.01315,77.63565,+91 90605 38760,4
San Churro Cafe,Mexican Pizza       ,   ,12.92775,77.56212,+91 80 4965 3445,3
KFC,        ,   ,13.06613,77.49317,41626565,4
Copper Chimney - Whitefield,Indian Barbecue       ,   ,12.962484,77.588455,+91 91525 15753,5
Kundapura Express,        ,   ,12.86404,77.55435,+91 99019 55955,4.5
Toscano Wine Connection,Pizza        ,   ,12.98392,77.72893,+91 76193 20077,3
Bengalooru Tiffanys,        ,   ,12.892069,77.57917,+91 80 4160 2808,4
Olives N Peaches,Italian Greek       ,   ,12.97622,77.74068,+91 99860 06081,4.5
Krishna nanda gokula,        ,   ,12.94682,77.53085,+91 99647 76850,4
Cafe Coffee Day,        ,   ,12.90866,77.60388,+91 74832 58059,4.5
Bao & Grill,Chinese Indian International Grill     ,   ,12.99608,77.71596,+91 88928 18439,4
PRANA Organic Restaurant,Healthy Southern-Italian       ,   ,13.02793,77.57155,+91 70227 76607,4
Akshay Darshan Veg,        ,   ,12.9644,77.57811,+91 80 2536 4457,3.5
The Bar Stock Exchange,American Indian       ,   ,12.97619,77.602104,+91 74066 55506,4
Pabrai's Fresh & Naturelle Ice Creams,        ,   ,12.967328,77.607666,+91 95350 06187,5
KFC,American        ,   ,12.94849,77.52231,28607900,4
Middle East Restaurant,Chinese Indian Arabic      ,   ,13.022282,77.638054,,4
Rang De Basanthi,Chinese Indian       ,   ,12.95712,77.51429,+91 80 6050 0444,4
Sri Venkateshwara Sweetmeat Stall,        ,   ,12.94498,77.57106,+91 80 2662 5888,4
The Parisian Cafe By Breadworks,French        ,   ,13.06905,77.50059,+91 80 4090 1323,5
SLV Swadishta,Indian Asian       ,   ,12.97087,77.65399,+91 99001 66783,3.5
Refresh,Fast Food        ,   ,12.97329,77.75038,+91 80 4965 3261,3.5
Curries and Pickles,Chinese        ,   ,12.97224,77.67994,+91 98864 54566,3.5
Bisi Bisi Thindi,        ,   ,12.96543,77.50398,+91 96064 11234,4
Tandoor Hut,Chinese Indian Asian      ,Vegetarian Friendly Vegan Options  ,,,+91 80 2550 1899,4
Bhimas Garden Restaurant,Cafe        ,   ,12.993708,77.57698,+91 80952 92366,4
Shuddh Desi Khana,Indian        ,   ,12.88919,77.60229,+91 89043 34681,4
Three Street,Asian        ,   ,12.887064,77.54331,+91 93228 00100,4
Beijing Bites,Chinese        ,   ,12.98466,77.67535,+91 80 4228 6088,3.5
SLV Delite,Indian        ,   ,12.97522,77.53438,+91 80 4043 4043,4
Urban Food Market,European        ,   ,13.19813,77.68569,,2.5
Banjara,        ,   ,12.98409,77.58632,+91 80 4129 1300,3
The Beer Restaurant,Cafe        ,   ,12.9703,77.64132,+91 80 4098 2456,3
Princess,Indian        ,   ,12.91693,77.59019,+91 88920 77889,4.5
Adyar Ananda Bhavan Sweets,Indian        ,   ,12.98039,77.57695,+91 80 4151 8999,4.5
Pecos,Pub Gastropub       ,   ,12.973445,77.60738,+91 80 4114 2038,4.5
Malgudi Southern Cuisine,        ,   ,12.95973,77.64608,25502333,3.5
Hongkong Noodles,Chinese Thai       ,   ,13.01844,77.67235,+91 80 4206 4225,4
Snow Lion - Flavors Of Tibet,Chinese Asian Tibetan      ,   ,12.98788,77.61106,+91 96639 02053,4
Domino's Pizza,Pizza        ,   ,12.93846,77.63104,+91 80 4936 0888,4
Shake It Off,        ,   ,12.921867,77.58955,+91 91081 25369,4.5
Raenss Cafe,American        ,   ,12.9832,77.6406,+91 80 4113 3234,5
Subway,Fast Food        ,   ,12.93253,77.58598,+91 97414 66958,4.5
Karavali Beach,Chinese Seafood       ,   ,12.98954,77.57315,+91 80 2356 3720,3.5
R K Garden Family Restaurant,Indian        ,   ,12.79216,77.72835,+91 80 2550 7770,4
Nando's Mall of Asia,African European Grill Healthy Portuguese    ,   ,13.070695,77.591,+91 99994 94073,
Sunny Holiday Village,        ,   ,12.85898,77.56951,+91 96321 74614,5
Hotel Elite Restaurant,Chinese        ,   ,13.05111,77.50766,+91 80 2837 7077,4
Blackbuck Cafe,Pizza        ,   ,12.80133,77.57899,,
Moto Store & Cafe,Fast Food        ,   ,13.01723,77.70448,+91 99860 01270,5
Bangalore Agarwal Bhavan,Chinese        ,   ,12.91427,77.63533,+91 93799 12345,3.5
Krishna Sagar,        ,   ,12.84498,77.66555,+91 80 2552 4411,4.5
Kabab Magic Restaurant,        ,   ,12.9715,77.65396,25538533,4
Roma's Punjabi Dhaba,Indian        ,   ,12.978,77.63958,+91 90366 21912,5
Cafe Coffee Day,Cafe        ,   ,12.96103,77.59719,+91 74830 68689,4.5
Parika Seafood,        ,   ,12.96498,77.64932,+91 96861 98146,4
V-One Fast Food,        ,   ,13.01404,77.49069,+91 98447 69636,4.5
Dalma,        ,   ,12.93312,77.62968,+91 80 4160 0213,4
Courtyard,Chinese        ,   ,13.01949,77.70823,+91 80 4190 3000,4.5
Snack That,        ,   ,12.91098,77.58883,,4.5
Hotel Kadamba Restaurant,        ,   ,12.97309,77.63584,+91 94488 55923,4.5
49 Parantha Gali,Indian Asian       ,Vegetarian Friendly   ,12.90717,77.63802,,3.5
Hopshaus Brewery & Kitchen,Mexican Indian Brew Pub Pizza Asian Pub   ,   ,12.967181,77.74967,+91 63662 30336,4
Gowri Gajanand Sweets,        ,   ,12.95034,77.71305,+91 74117 97343,4
US Pizza,        ,   ,12.95584,77.7155,+91 97395 61788,4.5
Chungs Chinese Corner,Chinese        ,   ,12.97913,77.64384,+91 80 2664 4700,4
Baskin-Robbins,        ,   ,13.0989,77.59761,+91 80 4115 7883,4.5
Beijing Bites,Chinese Thai       ,   ,13.00457,77.58664,+91 80 4117 1313,4.5
"1441 Pizzeria J.P, Nagar",Italian Pizza Fast Food      ,   ,12.915597,77.58598,+91 82919 71441,3
Goli Vada Pav No. 1,Fast Food        ,   ,12.93954,77.58354,+91 98441 11020,4.5
Karigiri Refreshments,        ,   ,12.98454,77.55143,+91 94480 75865,4.5
Szechuan,Chinese        ,   ,13.09958,77.57537,+91 99802 12361,4
Skillion Cafe,Chinese Indian Thai      ,   ,13.040871,77.62082,+91 80739 52769,5
Kerala Restaurant,        ,   ,12.97633,77.71019,+91 80 6456 7890,4.5
Cafe Azzure ( Airport Road ),Italian Chinese       ,   ,13.058844,77.475266,+91 77606 26583,4
Frozen Bottle,Cafe International       ,   ,12.91316,77.67967,,5
Meera Delicacy,        ,   ,12.94554,77.5783,+91 95912 44544,3.5
Biryani Mall,        ,   ,13.15605,77.62761,+91 89512 12186,3.5
The Tower Kitchen,European        ,   ,12.96843,77.59477,+(91)49399999,3.5
Vande Matharam,Chinese Indian Asian      ,Vegetarian Friendly   ,12.98368,77.54885,+91 80 2347 8111,3
Sri Krishna Sagar,Indian Asian       ,   ,12.93435,77.62362,+91 80 2572 1133,3.5
Tea Trails - Brigade Road,Italian Indian Cafe      ,   ,12.970546,77.60674,+91 99450 50061,2.5
New Shanthi Sagar,Chinese        ,   ,12.97829,77.63657,+91 80 2525 1321,3.5
Peppermill restaurant,Indian        ,   ,12.9804,77.57767,+91 80 2228 4600,4
Indian Bistro,        ,   ,13.058632,77.592926,+91 70229 67032,4
Birbal Darbar,        ,   ,12.92636,77.67696,+91 96321 55300,3.5
Prem's Graama Bhojanam,Indian        ,   ,12.92682,77.57814,+91 96119 80542,5
Shanghai Bistro,Chinese Thai Vietnamese      ,   ,12.907295,77.67559,+91 87929 50032,3.5
Richie Rich,        ,   ,12.98116,77.57522,+91 80 2221 3302,4.5
Blue Lagoon,        ,   ,12.96578,77.60687,+91 80661 77777,4.5
The Punjabi Rasoi,Indian        ,   ,12.981223,77.640495,+91 80 2333 9171,4
Cilantro,Italian Asian       ,Vegetarian Friendly   ,12.935932,77.63133,+91 80 4110 2200,3.5
F Cafe & Bar,Italian American Indian Mediterranean Sushi    ,   ,12.969831,77.638374,+91 91237 30752,5
Copper N Pepper,        ,   ,12.908322,77.651505,+91 88673 14455,5
"Waves Lounge, Bangalore",Fusion        ,   ,12.98865,77.53764,,3.5
Sri Krishna Sweets,Fast Food        ,   ,12.94177,77.57115,+91 80 2660 3727,4
Kanti Sweets,Cafe        ,   ,12.99749,77.54686,+91 80 2296 0606,4.5
Roti Satkar,Indian Diner       ,   ,12.974116,77.6784,+91 70222 01999,1
Mr. Bojangles,American Fast Food Diner      ,   ,12.933566,77.62122,+91 80 4151 6131,4
Talk Over Table,        ,   ,12.97162,77.64428,1.08E+11,3.5
Grubnomic,        ,   ,12.9336,77.62691,+91 80 4160 6041,4
Chocoberry,Cafe        ,   ,12.90393,77.56201,+91 77606 11809,4.5
Udupi Nalapaka,        ,   ,12.9264,77.67791,+91 99456 68630,4.5
Priyadarshini Veg,Indian        ,   ,12.87972,77.76087,+91 80 2782 2323,4
Box8,Indian Asian       ,Vegetarian Friendly   ,12.98458,77.70976,+91 80 3355 2698,3.5
Zodiac,        ,   ,12.98425,77.74919,+91 80 4020 0200,3.5
Kamat Minerva,Indian        ,Vegetarian Friendly Vegan Options  ,12.96177,77.58426,+91 80 2670 3813,3.5
Kairali Restaurant,Chinese        ,   ,12.99121,77.65708,+91 80 6564 2233,3.5
Chicken County,Indian        ,Halal   ,12.970793,77.59032,+91 80 2220 7384,3.5
Kedia's Fun Food,        ,   ,12.93048,77.5816,+91 98452 90246,4
Pizza Hut,Italian Pizza       ,   ,12.97384,77.60755,+91 80 2532 0799,3.5
WelcomeCafe Jacarnda,Cafe        ,   ,12.96561,77.60242,,5
Beijing Bites,Chinese Asian Szechuan      ,   ,12.88998,77.59776,+91 98869 79600,4
Pai Vihar,        ,   ,12.9833,77.5833,+91 80 4123 5143,4
Sri Venkateshwara Sweet Meat Stall,Cafe        ,   ,12.92281,77.58679,+91 80 2244 5501,4
Secret Story Bar & Kitchen,Indian        ,   ,12.97194,77.59369,,4
Uthra,Chinese Indian       ,   ,,,+91 91138 57553,5
BadeMiyan Kebabs,Indian Middle Eastern       ,   ,13.011006,77.554634,+91 80672 82222,4
Rich Grills Restaurant Mahalakshmi Layout,Indian Barbecue Grill Street Food Arabic    ,   ,13.013957,77.54429,+91 80501 01819,
Pebbles,        ,   ,12.977654,77.59158,,3.5
Popeyes,American Indian Asian Grill Soups    ,   ,12.937695,77.62664,+91 1800 309 1234,1.5
Hotel Mangala Restaurant,Indian        ,   ,12.94161,77.55909,+91 99000 00958,4
Mishmash,Italian Mexican Indian      ,Vegetarian Friendly   ,12.912128,77.651146,+91 80 2258 0091,3.5
Malabar Quality Restaurant,        ,   ,12.96771,77.65447,25290660,3.5
Yuan Restaurant,Chinese Asian       ,   ,12.97942,77.51062,+91 80 4097 4045,4
Rangastaalamm Andhra Cuisine Restaurant,Indian        ,   ,12.3374,76.089874,+91 96116 63663,5
Hunan Square,Chinese Japanese Asian Thai Korean Vietnamese   ,   ,12.84134,77.647514,+91 77607 71777,
Barbeque Nation,Indian Asian       ,   ,12.905,77.70112,+91 80 6902 8722,4.5
Punjabi Rasoi,Indian Asian       ,Vegetarian Friendly   ,13.03492,77.60255,,3.5
Chung's,Chinese Asian Szechuan      ,   ,12.9421,77.59677,26551899,3.5
Subway,Fast Food        ,   ,12.9938,77.5715,+91 80 3190 4442,4.5
Singh Saab,Indian Asian       ,Vegetarian Friendly   ,12.97427,77.64114,+91 88805 22233,4
Indiana Fast Foods Restaurant,Indian        ,   ,12.96838,77.60101,25585966,4
Komala Refreshments,        ,   ,12.99724,77.61995,+91 80 2548 3891,4
Ragi Nadu Restaurant,Indian        ,   ,12.79638,77.70657,+91 96866 96544,4
Sea Rock,Seafood        ,   ,,,+91 88841 28881,4
Sri Venkateshwara Nellore Andhra Mess,        ,   ,12.8586,77.64619,+91 95905 88899,4.5
Iceberg,        ,   ,13.05095,77.59318,+91 85535 04885,4
Kim Lee,Chinese        ,   ,12.98199,77.55964,+91 80 2330 2766,4.5
Flame And Grill,        ,   ,12.98788,77.61106,,4.5
Bingo,Chinese Indian       ,   ,12.91669,77.60557,+91 80 2563 9472,3
Karnataka Bhel House,        ,   ,12.95821,77.53989,+91 98451 00870,3.5
Chef Baker's,Indian        ,   ,12.97897,77.75335,+91 74060 66613,4.5
Empire Restaurant,        ,   ,12.88325,77.5537,+91 80 4120 2867,3
Elmas Hotel Restaurant,Seafood        ,   ,12.935544,77.61287,+91 80 4146 1414,4
Kalmane Koffees,Cafe        ,   ,12.97773,77.74271,+91 98808 59495,4
Canopy Restaurant,        ,   ,12.97571,77.60506,+91 80 2558 8542,3
Leon Grill,Turkish        ,   ,12.91679,77.59631,+91 80 4865 4147,5
Hoppipola,Bar International Mediterranean Pub     ,Vegetarian Friendly   ,12.975165,77.60345,+91 80 2521 7070,4
Slo’ Food Co.2,        ,   ,12.976345,77.61949,+91 1800 108 0333,5
Blue Coriander,Chinese Indian Asian      ,   ,12.84469,77.68523,+91 80 4040 8888,3
Mannheim Brews,        ,   ,12.849973,77.65833,+91 94490 36747,5
The Red Lantern,Chinese        ,   ,13.036562,77.57667,+91 80 4848 4868,4
Cauvery Hyderabadi Biriyani,        ,   ,12.91838,77.48294,+91 80 2563 9696,4
Bhartiya Jalpan,Indian        ,   ,12.98236,77.60787,+91 80 4164 9637,4
Geist To Go,American Bar Asian Pub Dining bars Beer restaurants   ,   ,12.962484,77.588455,+91 88677 07113,4.5
Uday Huts Family Restaurant,Indian        ,   ,13.09503,77.5943,+91 98802 75789,2.5
"Jook Taproom, Yelahanka",Indian Brew Pub Contemporary Pub Gastropub    ,   ,13.093034,77.59397,+91 93558 54169,
Shenoy Foods,        ,   ,13.00465,77.56928,+91 80 2331 1789,4
Taco Bell,Mexican Fast Food       ,   ,12.92485,77.55104,+91 80 2563 4455,3.5
Sichi Sagar,Chinese Indian       ,   ,12.99182,77.59444,+91 98807 88295,4
Chandni Chowk 2 Bangalore,Indian Pizza Barbecue Grill Street Food    ,   ,12.982554,77.61072,+91 96067 06806,3.5
Canton,Chinese        ,   ,12.93041,77.58383,+91 80 2663 0353,3.5
Azuki Japan Travel Bistro and Sake,Japanese        ,   ,,,+91 80 4121 4342,4
The Runaway Chef,Italian Mexican American Indian     ,   ,13.06233,77.6244,+91 80887 68888,4
Delicacy,Chinese Thai       ,   ,12.92693,77.50141,+91 80 2544 9944,4
Swadista Aahar,        ,   ,12.91383,77.61011,+91 98440 06825,4
Thalappakatt,        ,   ,12.9724,77.61853,+91 80 4377 4001,4.5
Luna Sweets,        ,   ,12.99098,77.6006,+91 80 6576 0715,4.5
Pecos Pub,Pub Gastropub       ,   ,12.934898,77.61611,+91 97399 55389,3.5
Little Orissa Restaurant,        ,   ,12.98234,77.64054,+91 97402 43144,4
Beijing Bites,Chinese Thai       ,   ,12.91179,77.68205,+91 80 4150 4388,4
Dev Sagar,        ,Vegetarian Friendly   ,12.98558,77.61004,+91 98862 04745,4
Hyderabad House,Chinese Indian Cafe      ,   ,12.92557,77.67616,+91 76764 53842,3.5
Hill View Restaurant,Chinese        ,   ,12.85687,77.58523,+91 80 4055 4055,3
Thalappakatti,Indian        ,   ,12.97292,77.61619,+91 80 4377 4001,4
Ganesh Bhavan,        ,   ,12.98501,77.57471,+91 80 2346 6396,4
Bageecha,Indian        ,   ,12.96861,77.5341,+91 98453 73215,3
Puran Da Dhaba,Indian        ,Vegetarian Friendly Vegan Options  ,12.96635,77.60718,+91 80 4348 4348,4
Dindigul Thalappakatti,Indian        ,Halal   ,12.91238,77.63803,+91 80674 66725,3
Coffee Mechanics,        ,   ,13.01723,77.6341,+91 98809 35511,5
Ibaco,        ,   ,12.98037,77.63726,+91 99721 69534,4
Monkey Bar,Indian International       ,   ,13.061277,77.532524,+91 86554 64500,5
Le Charcoal,Indian        ,Vegetarian Friendly   ,12.93327,77.61509,+91 80 4114 4114,3.5
Clove,Chinese Indian Asian      ,   ,12.89853,77.55042,+91 80 4245 4000,4
Roastopolis,Italian Mexican Chinese Japanese Indian Belgian European  ,   ,12.916948,77.57983,+91 80 6199 3399,5
Savoury Family Restaurant,Indian Mediterranean       ,   ,13.04015,77.59959,+91 98451 92656,4
New Arya Bhavan,        ,   ,12.97571,77.60506,+91 80 4091 3062,4
Sanman Vegetarian,        ,Vegan Options   ,12.96863,77.60136,+91 80 4121 9756,4
Mustard Food Court,Indian        ,   ,13.03181,77.5183,+91 80 4092 4441,4
La Casa,Chinese Indian Asian      ,   ,13.0325,77.62596,+91 80 4208 4202,3
Dakshin Exotica (New Krishna Bhavan),Indian        ,   ,12.99278,77.57153,+91 80 2356 0940,4
Empire Restaurant,Indian        ,   ,13.0089,77.64465,+91 80 4041 4141,3.5
A2B Veg,Indian        ,   ,13.02091,77.70813,+91 99800 33055,4
Udupi Kitchen,        ,   ,12.9983,77.53962,+91 98808 83422,4.5
Just Bake,        ,   ,12.85407,77.64387,+91 74060 17888,4.5
Subway,Fast Food        ,   ,12.98289,77.73364,+91 80 6535 4546,4
Geometry Gastro Pub,Asian        ,   ,13.008962,77.56317,,4
Love Shack,        ,   ,12.93318,77.62327,+91 99000 34528,3.5
A2B - Adayar Ananda Bhavan,Indian        ,   ,12.88919,77.60229,+91 1800 103 6363,4.5
Shyam Upahar,Cafe        ,   ,12.98446,77.55312,+91 80 4174 9189,4.5
Sagar Fast Food,        ,   ,12.97756,77.47724,+91 80 2571 7878,4
Shenoy Stores,        ,   ,12.93087,77.58384,+91 98440 03179,4
Urban Tamaasha,Indian Algerian       ,   ,12.965496,77.64177,+91 80 3351 2969,3.5
Hotel Udipi Grand,Indian        ,   ,12.968922,77.50641,,3.5
California Pizza Kitchen,Italian        ,   ,12.92392,77.63666,,4
Biryani Hub,Indian        ,   ,12.91355,77.60895,+91 80 2668 6978,4
Spicy Punjabi Pharatha,Indian        ,   ,12.92279,77.6757,+91 78293 55599,3.5
Bengali Food Hotel,Indian        ,   ,12.89341,77.63413,+91 80 4146 6621,3.5
Baba Da Dhaba,Indian        ,   ,12.9885,77.55937,+91 80 4140 0052,4.5
Sinful Bites,        ,   ,12.94278,77.58672,+91 99000 87848,4
Eat Repeat India Pvt Ltd,Italian Chinese       ,   ,12.9097,77.5857,+91 88921 77670,
Udupi Upahar,Indian        ,   ,12.96309,77.71497,+91 95355 55553,4
Armani Kabab Centre,Chinese        ,   ,12.96981,77.61675,+91 99868 30385,4.5
Adyar Ananda Bhavaan,Indian        ,   ,11.690633,78.11829,,5
Blue Moustache,Bar Pub       ,   ,12.98255,77.5325,+91 98800 72617,3.5
Upsouth,        ,Vegetarian Friendly   ,13.024921,77.53946,+91 80 2550 3366,3
Shibhog,        ,Vegetarian Friendly   ,13.02797,77.54119,,5
The Secret Chapter,Chinese Indian Fast Food Asian Street Food    ,   ,13.00856,77.54904,+91 99455 66588,
Domino's Pizza,Pizza        ,   ,13.06352,77.58549,+91 80 2362 7771,4
Roving Feast,Chinese        ,   ,12.92944,77.56647,+91 80 4227 4242,4
Smise,Pizza European       ,   ,12.935985,77.62856,+91 88610 62663,3.5
Irene's Cafe & Deli,Cafe        ,   ,12.99039,77.58905,+91 80 4539 0000,5
Punjabi Swag,Indian        ,   ,12.91404,77.61014,+91 80 4113 1760,4
Vijayawada Style,Indian        ,   ,13.0886,77.58419,+91 80 2552 5527,4
LaJawaab,        ,   ,12.92622,77.58636,41523232,4
Cafe Solaire,Chinese        ,   ,13.02797,77.54119,+91 80 2371 2222,3.5
Chicken County,        ,   ,12.92764,77.60058,+91 80 6535 5435,4.5
Patiala Lassi,Asian Central Asian       ,   ,13.008782,77.5554,+91 83108 89515,4
Ambur Biryani,        ,   ,12.95936,77.70205,+91 96636 00586,4
Excelsior Bakery,Cafe        ,   ,12.985937,77.607925,+91 80 2555 1899,4
Anand Sweets & Savouries,Asian        ,   ,12.974491,77.75054,+91 93531 39813,5
Baskin-Robbins,        ,   ,12.96886,77.60041,+91 80505 49752,4
The Mylapore Cafe,Indian        ,   ,13.06289,77.57089,+91 80 4217 2421,5
Pizza Hut,American Pizza       ,   ,12.97402,77.62361,+91 80 2526 0999,3
Kaveri Fast Food,Fast Food        ,   ,12.93846,77.63104,+91 96634 75139,4
Srinidhi Sagar,        ,Vegetarian Friendly   ,12.97947,77.62507,+91 80 2521 9337,4
Mumbai Spice,Indian        ,Vegetarian Friendly   ,13.00218,77.58129,+91 89712 62442,3.5
Lounge 189 Resto Bar,        ,   ,12.9178,77.6238,+91 95138 88911,4
"Burger King, Commercial Street",American        ,   ,12.98221,77.60827,+91 80 3355 8000,3
Adyar Ananda Bhavan,Cafe        ,   ,12.9784,77.57645,+91 81104 29999,4.5
Elois Chinese Restaurant,Chinese        ,   ,12.96137,77.6424,+91 80 4213 1558,4
Momo Hut,Asian Tibetan       ,   ,12.92119,77.60548,+91 88619 70399,4
Cafe Coffee Day,American Cafe       ,   ,12.9196,77.5938,+91 80 3243 0063,3.5
HomeDeli Kitchen,Indian        ,   ,12.9236,77.57425,+91 80501 33333,4
KFC,American Fast Food       ,   ,13.02309,77.59268,+91 80 4169 7177,4.5
Chillies Restaurant,Chinese        ,   ,12.97439,77.57052,+91 97391 89348,3
Koshys Calcutta Chats,Fast Food        ,   ,12.97465,77.60788,+91 80 3241 0868,4
Don'T Tell Mama,Bar Pub       ,   ,13.03749,77.55353,+91 80 4337 0000,3.5
Gajanana Mithai Ghar Sweets,Thai        ,   ,12.94913,77.70278,+91 89040 10529,4
Oh La La,Indian        ,   ,12.9966,77.66887,+91 80 4965 2979,5
Kamat Hotel Restaurant,        ,   ,12.98406,77.60682,+91 80 2559 1913,4.5
Vinaya Cafe,        ,   ,12.90079,77.58275,+91 97434 49682,4
White Horse,        ,   ,12.91225,77.6364,+91 80 2290 0540,3.5
Szechuan Dragon,Chinese        ,   ,12.99572,77.53182,+91 96635 67711,3.5
Sri Venkateshwara Iyengars Bakery,        ,   ,13.00471,77.55412,+91 99801 99699,4
Sweet Chariot Cafe,Cafe        ,   ,12.96838,77.60101,+91 80 4112 0556,3.5
Davangere Benne Dose,Cafe        ,   ,12.92651,77.61688,+91 98446 29529,4
Bundar,        ,   ,13.00713,77.6866,+91 80 4965 2470,3
Sezhwan Dragon,        ,   ,12.94283,77.56661,+91 80 4965 3082,4.5
Sagar Chats,        ,   ,12.98351,77.60667,+91 80 2558 3054,4
New Delicacy,        ,   ,12.98603,77.67083,,4.5
46 Oucnes Old Madras Road,Italian Mexican Indian Asian     ,   ,12.992806,77.66117,+91 96202 78894,5
Guscovita,        ,   ,12.96902,77.60578,+91 80 2559 5544,5
Flavours Of India,Chinese Indian Asian      ,   ,12.92536,77.67513,+91 95133 97323,5
Bharani Cafe,        ,Vegetarian Friendly   ,12.97961,77.57653,+91 90001 72221,5
Janatha Hotel,Indian        ,   ,12.90817,77.53426,,5
CounterCulture,Thai        ,   ,12.997465,77.701126,+91 80 4140 0793,3.5
Faaso's,Fast Food        ,   ,12.88558,77.60231,+91 78490 13939,4
New VB Iyengar Bakery And Sweets,        ,   ,13.01374,77.51005,+91 97388 53033,4
Namana Garden,Cafe        ,   ,12.89986,77.60448,+91 98456 61916,3.5
Caffe Pascucci,Italian        ,   ,12.93253,77.58598,+91 80 4114 1485,4
Udupi Uphar,Indian        ,   ,12.92721,77.52201,80412442261,3
Nandhana Palace JP Nagar,Chinese Indian Asian Turkish     ,   ,12.91138,77.58888,+91 80 4613 1111,3.5
Shyam Ji Chole Bhature,Indian        ,   ,12.99895,77.55275,+91 86185 96824,5
Dhaba,Indian Asian       ,Vegetarian Friendly   ,13.09562,77.59375,+91 80 4040 0900,3
Hungree Belly,Chinese        ,   ,13.03106,77.70837,+91 80950 70777,4
Raghavendra Hotel Veg Restaurant,Cafe        ,Vegetarian Friendly   ,12.97532,77.53389,+91 80 2314 0326,4.5
Sangam Sweets,Indian        ,   ,12.98666,77.57967,+91 80 4151 8798,4.5
Green Chillies,        ,   ,13.04153,77.51927,32028555,4
KFC,American Fast Food       ,   ,12.94834,77.57772,+91 80 4228 6767,4
Moghul Durbar,        ,   ,12.92806,77.5942,+91 80 2654 4417,4
The Urban Turban,Indian        ,   ,12.89192,77.72902,+91 91586 06864,5
Sri Krishna Darshini Hotel,Chinese Indian       ,   ,12.95486,77.57685,+91 98450 06344,4
vijayanagar,Indian        ,   ,12.97029,77.52996,+91 98865 10405,4.5
Nandhini Restaurant Jayanagar,Indian Asian       ,   ,12.96264,77.54859,+91 80 2344 8985,3.5
Ambur Dum Biriyani,        ,   ,12.96044,77.56687,+91 94438 58059,4
Papa John's Pizza,Pizza Fast Food       ,   ,13.00719,77.5709,,3.5
Cafe Srinidhi,Fast Food        ,   ,12.98216,77.64579,+91 80 2520 2259,4
Domino's Pizza,Pizza        ,   ,12.93513,77.61405,+91 80 2552 8888,3.5
Kamat Hotel Restaurant,        ,   ,12.9789,77.57507,+91 80 4124 1114,4.5
NYRC - Not Your Regular Cafe,Chinese Indian Cafe      ,   ,13.000123,77.62775,+91 82960 12384,5
Brindavan Veg,Indian        ,   ,13.01968,77.63007,+91 94493 92642,4
Grand Inn Restaurant,        ,   ,12.97152,77.53275,+91 80 4110 2928,4
Boozers Bar and Kitchen,        ,   ,12.97815,77.63664,+91 99452 03333,4
7 Grills Multicuisine Restaurant,Indian        ,   ,12.934463,77.623,+044 42 64 65 65,5
Wok n Tava,Chinese Indian       ,   ,12.91136,77.58432,+91 80 3945 7612,3.5
Secret Recipe Phoenix Market,Deli        ,   ,12.97768,77.74289,+91 86956 80984,4
A Cafe,        ,   ,12.93526,77.56493,+91 96111 02580,5
McDonald's,Fast Food        ,   ,12.92091,77.66485,+91 80 6565 0200,4
Gokul Veg,Indian        ,   ,13.02603,77.5932,+91 80 4093 4563,3.5
Rolls On Wheels,        ,   ,12.96941,77.70071,+91 93530 92370,4.5
Vishal Restaurant,Chinese        ,   ,12.94966,77.70179,+91 80 4209 9021,4
Domino's Pizza,Pizza        ,   ,12.93553,77.60842,+91 80 2550 1325,3.5
Panchavati,Indian        ,   ,13.06052,77.62735,,3.5
Onesta,Italian Pizza       ,   ,12.97043,77.71237,+91 89040 01530,4.5
Soo Ra Sang,Asian Korean       ,   ,12.96813,77.67202,41303435,4
Sri Devi Cafe Veg,Cafe        ,Vegetarian Friendly   ,12.9975,77.62091,+91 80 2892 5300,4
birbal Biriyani,Indian Cafe Seafood Asian Healthy    ,   ,12.864881,77.769226,+91 80 6565 0200,4
Pizza Hut,Pizza        ,   ,12.90644,77.585,,4
Real Fresh Dosa Corner,Chinese Indian Cafe      ,Vegetarian Friendly   ,12.96742,77.71626,+91 90089 30150,4.5
Huliyappa's Donne Biryani,Indian        ,Halal   ,12.93801,77.56925,+91 77955 30007,4
Chandini Chowk Express,Indian Seafood Healthy Soups     ,   ,12.938142,77.608665,+91 77950 63664,5
Udupi Gokul Cafe,        ,   ,12.91151,77.60323,+91 80 4166 6385,3.5
Basaveshwara Khanavali EMC2,        ,   ,12.97929,77.6951,+91 99451 47246,5
Mockaholic Restro Beer Cafe,        ,   ,12.915658,77.58568,+91 98865 20481,4
Have More,Indian        ,Vegetarian Friendly   ,12.95515,77.55292,+91 87222 33388,4
Pizza Hut,Pizza Fast Food       ,Vegetarian Friendly   ,13.01949,77.70823,+91 80 3377 3300,4
"Kammanahalli, Bangalore",Thai        ,   ,13.070601,77.791855,,4
Food Paradise,        ,   ,12.95725,77.64339,+91 99863 77428,3.5
Khan Saheb Grills & Rolls,Barbecue        ,   ,12.95706,77.5443,+91 96111 18811,3.5
Chianti Bellandur,Italian Pizza Wine Bar      ,   ,12.971599,77.59457,+91 96065 19222,4
The Village,Indian Asian       ,   ,12.87945,77.55967,41263331,3.5
Calcutta Chats,        ,   ,12.99038,77.59003,+91 90081 05389,4.5
Smoor Jayanagar,Chinese Cafe Asian Thai Burmese    ,   ,13.063961,77.589905,+91 77955 72079,4
Bhavani Chats and Juice,Indian        ,   ,12.91933,77.58275,+91 80 4121 3980,5
Litti Twist,        ,   ,12.89141,77.62207,+91 88800 98842,4
Zero Mile Punjab Restaurant,Indian Asian       ,Vegetarian Friendly Vegan Options  ,12.916111,77.63068,+91 81236 10700,3.5
Rcb Bar & Cafe,Italian Indian Asian Thai     ,   ,12.975108,77.60247,+91 99809 99944,3.5
Tarbouche,American Turkish Grill Fusion Arabic    ,   ,12.932878,77.61452,+91 92882 99999,3.5
Sri Krishna Bhavan,        ,Vegetarian Friendly   ,12.92197,77.64498,+91 99866 06320,4
Hatti Punjab Di,        ,   ,12.86445,77.64933,+91 80 3797 1794,4.5
Smacznego,Italian Mexican Contemporary Fusion     ,   ,12.92651,77.56472,+91 80951 61516,4.5
Big Straw - Chew On This,Fast Food        ,   ,12.96886,77.60041,+91 99451 64425,4
Yamuna's Kitchen,Indian        ,   ,13.031745,77.75034,,5
Vanani Restaurant,Chinese        ,   ,12.91363,77.54825,+91 80 4201 4000,4
Sri Krishna The Daba,Indian        ,   ,12.965821,77.59485,,5
Friends Euro Restaurant,Italian        ,   ,12.93629,77.61678,+91 80 2571 2018,4
Trinity Club Lounge,Pub        ,   ,12.95561,77.72329,+91 80 4020 0200,4.5
Nandus Biriyani,        ,   ,13.01052,77.55452,+91 80 6565 6989,4
Orchid,Chinese        ,   ,12.9789,77.57507,+91 80 4021 4021,3.5
Flo Church Street,        ,   ,12.97442,77.60144,+91 80 4568 5650,4
Fat Owl,Pub Gastropub       ,   ,12.906552,77.58121,+91 73492 26777,4
Roving Feast,Italian        ,   ,12.92441,77.5649,+91 98801 11224,4.5
Hotel Paradise,        ,   ,12.92779,77.5929,+91 98442 90433,4.5
Rock Stone Ice Cream Factory,Fast Food        ,   ,12.89079,77.60708,9.16E+11,4.5
Udupi Upachar,        ,   ,13.00534,77.56927,,2.5
Burma Burma Restaurant & Tea Room,Asian Burmese       ,   ,13.009925,77.552124,+91 22 4003 6600,
Alt,        ,   ,12.98392,77.72893,+91 95912 20033,2.5
Papa John's Pizza,Italian Pizza Fast Food      ,   ,12.973588,77.725746,+91 1800 3010 7272,5
Tea Villa Cafe,Indian African Cafe European Contemporary Ethiopian   ,   ,,,+91 80 4965 2670,5
KFC,American Fast Food       ,   ,12.95687,77.53086,+91 80 4175 8292,4
Malgudi Mylari Mane,Indian        ,   ,12.937531,77.61757,+91 97313 62277,4
Treat,Indian        ,   ,12.95886,77.71871,+91 80 2528 2137,4.5
Siddappa Hotel,        ,   ,12.9309,77.63298,+91 96323 91526,4
Jukebox,Indian Bar International Pub     ,   ,12.93343,77.63611,+91 25710032,3.5
M.M.A. Kabab's & Biriyani Center,Chinese        ,   ,12.96784,77.71362,+91 99012 51691,4
McDonald's,        ,   ,12.915875,77.61025,+91 96202 06955,3.5
Hot Box,        ,   ,12.95917,77.65751,+91 99007 97869,5
Madeena Hotel,        ,   ,12.92994,77.60834,+91 80 2668 9333,4.5
Mesa Lounge,Mexican Indian Asian Deli     ,   ,12.83933,77.65921,+91 80 4431 0000,3.5
Veg By Nature,Chinese Indian       ,   ,13.00542,77.57596,+91 80 2266 7304,3.5
Top in Town,Chinese        ,   ,12.92513,77.60608,+91 80955 72746,4.5
Mane Thindi,Indian        ,   ,12.92918,77.56042,+91 99866 59249,3
De Grand Restaurant,Chinese Fast Food       ,   ,12.91659,77.60025,+91 98869 99957,4
Sash Cafe,Chinese        ,   ,13.070453,77.65108,+91 88806 22622,5
Pizza Hut,Pizza        ,   ,12.91235,77.57291,+91 80 2654 2999,4
U turn paradise,Indian        ,   ,12.9833,77.5833,+91 90357 70266,3
Au Bon Pain,        ,   ,12.95917,77.65751,+91 80 6570 7512,4.5
Zoey's,Indian Cafe International      ,   ,12.98107,77.60997,+91 98206 42112,2.5
Oye Amritsar,Indian        ,   ,12.93847,77.63131,1.08E+11,3.5
Bakasur,Mexican Chinese Indian      ,   ,12.938039,77.6277,+91 1800 200 4525,3.5
Avanti,        ,   ,12.95691,77.64148,+91 80666 66333,4
Ice Cream Works,Deli        ,   ,12.979867,77.63956,+91 80 4203 9001,4.5
Go Italia,Italian Pizza       ,Vegetarian Friendly   ,12.93441,77.62984,+91 80 4151 5858,3.5
Bagel Lore,American        ,   ,13.030233,77.57057,,5
Fiero! Pizzeria,Italian Pizza       ,   ,12.937592,77.61911,,3.5
Puchkas,Fast Food        ,   ,12.95584,77.7155,+91 90080 11110,4
Rajvardhan Foods,        ,   ,13.07245,77.5562,+91 98863 03088,3.5
Biso,Indian        ,Vegetarian Friendly   ,12.99038,77.59003,+91 80 4539 0000,4
Leon Grill,Fast Food        ,   ,12.971472,77.60093,+91 80 2223 2900,4.5
Volga Food Court,        ,   ,12.84749,77.68194,+91 80958 91017,4
Goli Vada Pav No.1,Cafe Fast Food       ,   ,12.98199,77.55964,+91 98454 78482,4
Annapoorna Naivedyam,Indian        ,   ,12.96557,77.60625,1.92E+12,4.5
Shree Krishna Sagar,Chinese        ,   ,12.91838,77.48294,+91 98802 25589,4
New Punjabi Food Corner,Chinese Indian Asian      ,   ,12.8586,77.64619,+91 80 2852 3394,3.5
Kumarakam Restaurant,Chinese Fast Food       ,   ,12.97402,77.62361,+91 80 3294 9988,4.5
Cupcake Noggins HSR,        ,   ,12.92197,77.64498,+91 98862 50727,4.5
Bunny Bar,Beer restaurants        ,   ,12.9332,77.6307,+91 99001 18792,4
Satya's Kitchen,        ,   ,13.02334,77.59145,+91 99008 03078,4.5
Olive Grove,Italian Mexican Chinese American Indian European   ,   ,12.841668,77.6474,+91 77958 17409,3.5
Zaman Restaurant,        ,   ,12.97803,77.62769,25558888,5
Spice Code,Indian        ,   ,12.91593,77.60312,+91 95136 99007,3.5
Vindoos,Indian        ,   ,12.97523,77.72716,+91 97401 44602,3.5
The Diner,Indian        ,   ,12.99736,77.69069,+91 99000 99601,4
Hotel Dil Coorg Restaurant,        ,   ,12.98593,77.51485,+91 94804 71063,4.5
Lounge Bar,        ,   ,13.198909,77.70681,+91 80 4616 0200,
Mohan Tiffin Rooms,        ,   ,12.9675,77.59264,+91 98459 99002,4
Embers,Chinese        ,   ,12.93629,77.61678,+91 80 4185 8299,4.5
Aaha Andhra,Indian        ,   ,12.94169,77.55018,+91 80 4854 2558,4.5
Zafran,        ,   ,12.91615,77.63705,,4
KFC,American        ,   ,12.93435,77.62362,+91 80 2206 7993,4
Rolls on Wheels,International        ,   ,12.92893,77.59478,+91 80881 12222,4.5
Green Onion,Chinese        ,   ,12.97814,77.73385,+91 96638 00166,3.5
Haagen-Dazs,        ,   ,12.97465,77.6246,+91 80 2208 6516,4
Swaad,Chinese        ,   ,12.98436,77.55387,+91 80 2320 8844,3
Chinita Real Mexican Food Whitefield,Mexican        ,   ,12.956991,77.732155,+91 90081 11898,5
Kutumba Kitchen,Indian        ,   ,13.033742,77.56858,9.16E+11,5
Urban Chaupal Restaurant,Chinese Indian       ,   ,12.908381,77.69288,+91 91138 59889,3
Joshitha Andhra Mess,Indian        ,   ,12.84498,77.66555,+91 98806 86290,4
Indy HOP,        ,   ,12.95731,77.54442,+91 80 4123 2633,5
Nagas,        ,   ,13.01882,77.67724,+91 80672 66094,3.5
Five Star Chicken,Fast Food        ,   ,12.92564,77.61758,+91 90089 44990,4
New Shanthi Sagar,        ,   ,12.93435,77.62362,+91 80 2570 1998,5
MTR 1924,        ,   ,12.95409,77.69374,+91 80 2211 8083,3.5
Nandhini Restaurant,Indian        ,   ,13.03859,77.56468,1.08E+11,4
Euphoria - U4IA,Indian Brew Pub       ,   ,13.03426,77.56842,+91 80 4533 4533,3
Bandar Koramangala,        ,   ,12.9363,77.61732,+91 97899 32707,4
Momo Rice Noodles,Chinese Asian       ,   ,12.93551,77.63156,+91 80 2274 1369,4.5
Beijing Bites,Chinese Thai       ,   ,13.06884,77.55792,+91 80 4094 5088,4
Giselle Resto Cafe,Cafe        ,   ,13.014332,77.62895,+91 72593 95040,3.5
Shrusti Residency,Chinese        ,   ,12.97736,77.54589,+91 80 2350 9555,4.5
Chowmein,Chinese        ,   ,12.98905,77.57832,+91 80 2331 5599,4.5
Kanti Sweets,Indian        ,   ,12.97846,77.54262,+91 80 2296 0626,5
KFC,American Fast Food       ,   ,13.02408,77.63718,+91 80 4169 7177,3.5
The Juke Box,        ,   ,12.92382,77.52115,+91 80 4121 6430,3.5
Burger King,American Fast Food Grill      ,   ,12.91565,77.59999,+91 70306 02551,4
Vishwamitra Veg Restaurant,Cafe        ,Vegetarian Friendly   ,12.98111,77.60671,+91 99646 96666,4
Umesh Dosa Point,Indian        ,   ,12.991951,77.57933,+91 96324 07710,2.5
Adda - The Side Walk Cafe,Cafe Fast Food       ,   ,12.98392,77.72893,+91 96205 94341,3
New  Kabab Zone,Chinese        ,   ,12.8934,77.61002,+91 80663 89003,3.5
Mustard Food Court,Chinese Indian       ,   ,13.04058,77.59952,+91 80 6575 4854,4
Vasudev Adiga's,        ,   ,12.95687,77.53086,+91 80 4168 3468,4
Amma's Pastries,Cafe        ,   ,13.0595,77.59085,+91 96636 98953,4
Shalimar Deluxe,Chinese Indian       ,   ,12.97402,77.62361,+91 80 2525 1328,4
Sri Raghavendra Veg,Cafe        ,Vegetarian Friendly   ,12.91761,77.6143,+91 90355 59000,4
Pabrai's Fresh & Naturelle Ice creams,        ,   ,12.913576,77.605995,+91 95914 61292,4
Vijayalakshmi,        ,   ,13.03233,77.62084,+91 94480 85316,4
Meat and Eat,Steakhouse Cafe Fast Food      ,   ,12.94098,77.61925,+91 80500 12021,4
Hotel Hoysala,        ,   ,12.99086,77.57354,23440939,4
Sowmya Restaurant,        ,   ,13.00277,77.67586,+91 99027 69721,5
Gourmet Kitchen,Italian Chinese Indian      ,   ,12.966095,77.594894,,5
Subway,Cafe        ,   ,13.06352,77.58549,+91 80 4157 1756,3.5
Ujwal Bar & Restaurant,Chinese        ,   ,13.01692,77.59314,+91 95911 57919,4
Adyar Ananda Bhavan,Indian        ,   ,12.84498,77.66555,+91 73388 17766,3.5
Canopy,Chinese        ,   ,12.97571,77.60506,+91 80 2558 8542,3.5
Odyssey Restaurant,Chinese        ,   ,13.04794,77.57599,+91 80 4070 3703,4
Biso,Indian        ,Vegetarian Friendly   ,12.96,77.50417,+91 80 4902 0202,4
Chai Point,Cafe        ,   ,13.00465,77.56928,+91 92431 50001,3.5
Shiv Sagar,Indian        ,   ,12.85932,77.56871,+91 80679 22490,5
Tandoor Restaurant,Indian        ,   ,12.93846,77.63104,+91 80 2550 1899,4.5
A2B,Indian        ,   ,12.82187,77.68624,+91 93428 11830,3.5
Jeeva Hotel Restaurant,        ,   ,12.90719,77.63475,+91 94483 00698,4.5
Cafe Hops,        ,   ,12.89901,77.56117,+91 99002 22371,4.5
Papa Jhons,Italian Indian       ,   ,12.933777,77.61269,+91 87927 41775,3.5
Namdhari's Salad & Bar,        ,   ,13.00542,77.57596,+91 80 2354 1521,5
Pot Biryani,        ,   ,12.99842,77.55292,+91 80 3232 6099,3.5
Prabhu Tiffin Rooms,Indian        ,   ,12.96714,77.60945,19483150442,5
Kolkatha Famous Kathi Rolls,        ,   ,12.96481,77.71041,+91 97429 89497,4.5
Laddoos,Indian        ,   ,12.9304,77.5844,+91 80 2678 5108,4
Box8,Indian        ,   ,12.97578,77.57693,+91 80 3355 2698,3.5
The Terrace Cafe & Restaurant,        ,   ,12.85901,77.56942,+91 81977 00333,5
Ganesha Darshini,        ,   ,13.00794,77.56922,+91 80 2356 5677,4
Carnatic,        ,   ,12.97427,77.6229,+91 98867 71681,5
Sangam - Kuch Khatti! Kuch Meethi!,        ,   ,12.9866,77.57964,+91 98860 63198,4.5
Prime Golf - Brewing &amp; Golfing,Indian Brew Pub International Pub     ,   ,12.97194,77.59369,+91 99009 38000,
Pramukh Family Restaurant,        ,   ,12.94695,77.5724,+91 80 2662 2484,4
Natural Ice Cream of Juhu Scheme,        ,   ,12.92159,77.54312,+91 80 4117 0319,5
Talk of the Town Family Restaurant,Chinese Indian       ,   ,12.97802,77.57835,+91 99805 21886,3.5
Goli Vada Pav No. 1,        ,   ,13.12857,77.64714,+91 98861 48338,4.5
New Shastri Sagar,        ,   ,13.04491,77.52157,+91 99452 30502,3.5
Royal Treat,Indian        ,   ,12.93358,77.61575,+91 80 6537 8182,3.5
KC Das - Sai Sweets,        ,   ,13.00651,77.56623,+91 80 4120 9034,4
Bhavani Maharashtra Vada Pav,Indian Fast Food       ,   ,13.04015,77.59959,+91 88676 69269,4.5
Sizzlers Pizza Inn,Pizza Barbecue       ,   ,13.005452,77.74891,+91 81230 65504,5
Aathurar,        ,   ,12.96737,77.65699,+91 80 4148 5868,4
Bismillah Restaurant,Cafe        ,   ,13.02537,77.52082,+91 99017 79671,5
Truffles,American        ,Vegetarian Friendly   ,,,+91 80 4146 6565,4.5
Broadway,Japanese Indian International Asian Japanese Fusion    ,   ,12.912118,77.644554,,4
Pizza Hut,Italian Pizza       ,   ,12.93629,77.61678,+91 80 2553 3999,3
Tasty Bites,        ,   ,12.88919,77.60229,+91 98450 00000,4.5
Paakashala,Chinese Indian       ,   ,12.981175,77.63719,+91 84314 32806,3
Folklore,Chinese        ,   ,12.92529,77.62611,+91 80 2843 9143,3.5
Kfc,American Fast Food       ,   ,12.95584,77.7155,+91 80 4205 0603,4
Cafe olive planet,Italian American Contemporary      ,   ,12.91886,77.63041,+91 73381 88233,3.5
Cottage Loaf,        ,   ,,,+91 99009 87865,5
Shree Uday Sweets,Fast Food        ,   ,12.93629,77.61678,+91 80 2552 0237,3.5
White Horse Family Restaurant,Chinese Indian       ,   ,12.9097,77.5857,+91 80 2654 1328,3
Hotel Empire International Restaurant,Indian Asian       ,   ,12.93629,77.61678,+91 80 4022 2777,3
Mcdonald's,Fast Food        ,   ,12.98162,77.60997,+91 80660 00666,3.5
Pizza Republic,Pizza        ,   ,12.9833,77.5833,+91 86374 60070,3.5
Hotel Karavali Restaurant,Chinese        ,   ,12.88295,77.59509,+91 97316 01853,5
Countryside,Seafood        ,   ,13.06946,77.51422,+91 80 2542 6069,4
Karavali Biryani Mane,Seafood        ,   ,12.91833,77.57364,+91 80 6567 0555,4
Gravity,Chinese        ,   ,12.85898,77.56951,+91 80 4150 4140,5
Tamarind,Chinese Indian       ,Vegetarian Friendly   ,13.016863,77.66008,+91 98802 20111,3.5
Toscano,        ,   ,12.934538,77.611305,+91 80 2206 7757,5
Aasass,Irish International Asian Middle Eastern Indonesian Israeli Afghan  ,   ,12.971599,77.59457,,
Bistro Oui,Cafe        ,   ,12.93629,77.61678,+91 95350 07412,5
Biryani Bowl,        ,   ,12.98392,77.72893,+91 96638 00166,4.5
Bazaar - Zone By The Park,International        ,   ,12.9802,77.6045,+91 8071 234 567,4
Nando's,        ,   ,12.997418,77.696556,+91 80 4962 6561,3
Goli Vada Pav No. 1,Fast Food        ,   ,12.96767,77.57852,+91 98800 45955,4.5
Udupi Deluxe,Indian Asian       ,Vegetarian Friendly   ,13.05895,77.56478,+91 80 2854 3071,4
Swing Pub,Cafe Asian Contemporary Pub Gastropub    ,   ,12.87945,77.55967,+91 99020 71249,4
New Lassi Corner,Indian Cafe Fast Food      ,   ,12.974657,77.619255,+91 94491 69371,5
Bob's Restaurant,Chinese        ,   ,12.93108,77.5766,+91 80 4116 1228,4
Subway,American Fast Food       ,   ,12.91463,77.63818,+91 80 2572 9999,4
Delhi Restaurant,Indian        ,   ,12.98433,77.74155,+91 72598 24051,4.5
Inntense,Chinese Indian Asian      ,   ,12.983289,77.640366,+91 96060 54601,4
Cha Canteen,Indian Cafe Asian      ,   ,12.967136,77.702354,+91 86604 30779,5
Hotel Sri Krishna Sagar,        ,   ,12.96161,77.6066,25500036,4
Verve Coffee Lounge,        ,   ,13.044727,77.626434,+91 80 4646 7008,4
Slug,Italian Bar Asian Pub     ,Vegetarian Friendly   ,13.044849,77.620964,+91 99722 51036,3.5
Subway,Cafe Fast Food       ,   ,12.99862,77.61546,+91 80 2546 6633,4
Fish Land,Seafood        ,   ,12.93579,77.60798,+91 80 2563 1419,4.5
Hari Super Sandwich,        ,   ,12.94902,77.57531,+91 99011 17355,4
Lazeez Restaurant,        ,   ,13.03253,77.56749,41217034,3.5
Area 78,Chinese Indian Fast Food Thai Fusion    ,   ,12.91289,77.55939,+91 91489 01555,4.5
Adyar Ananda Bhavan Restaurant,Indian        ,   ,12.81955,77.67605,+91 93428 11830,4.5
Jimis Beer Cafe,Italian Indian Bar Barbecue Pub Fusion   ,   ,12.96838,77.60101,+91 99800 44552,3.5
Rock n Roll,        ,   ,12.96984,77.60653,,4
Leon's Take Away,Chinese        ,   ,13.01152,77.65197,+91 99722 28645,4.5
Currys & Dosas,        ,   ,12.99038,77.59003,+91 80 6066 7788,4.5
Maiyas Express,Fast Food        ,   ,12.94831,77.57346,+91 80 2667 0709,4
Tashan the Punjabi Cuisine,Indian        ,Vegetarian Friendly   ,12.93082,77.57846,+91 80 4112 5127,3.5
Onesta,Italian        ,   ,13.098501,77.58482,+91 95137 36259,3.5
Domino's Pizza,Pizza        ,   ,12.92403,77.56726,+91 80 2671 0070,4.5
Goli Vada Pav No.1,Fast Food        ,   ,13.06502,77.54414,+91 94488 83129,4
The Mom's Kitchen,Chinese        ,   ,12.94787,77.52424,+91 81840 38009,4.5
Sri Kamadenu Veg,        ,   ,13.06089,77.46123,29970660776,4
Fireside: Flame Craft Dining,Steakhouse Seafood Barbecue Grill Fusion South American   ,   ,12.97194,77.59369,9.16E+11,
Mainland China,Chinese Asian       ,   ,13.025671,77.6394,+91 80 2545 1218,3.5
Gourmet West,        ,   ,12.84496,77.67756,+91 81470 01037,4
Kargeens,Indian        ,   ,12.99864,77.50593,+91 80 4116 2968,4.5
Chef Baker's,        ,   ,12.95847,77.70107,+91 80 3247 6757,4.5
chinese hut,Chinese        ,   ,12.98385,77.58069,,4
White Elephant,Thai        ,   ,12.97851,77.64083,+91 80 4149 3333,3.5
Fish N Chips,Seafood        ,   ,12.96354,77.73269,+91 80 2845 1900,4
Distil,        ,   ,12.85055,77.65759,+91 80 4040 8888,4.5
Saha Chowmein,Chinese Indian       ,   ,13.05621,77.57347,+91 80 4173 5375,4.5
Shezan,Chinese        ,   ,12.98711,77.608,+91 80 2224 9319,4
Karthik's Mithai shop,Indian        ,   ,12.97839,77.63877,+91 80 4126 4166,4.5
Citrus Cafe,Italian Chinese Indian      ,   ,12.98965,77.71858,+91 80 4331 1555,4
Daily Sushi,        ,   ,12.97579,77.60256,+91 96064 51393,
Kabab World,        ,   ,12.87972,77.76087,+91 78991 16699,4.5
Srinathji's Cafe,Chinese Fast Food       ,   ,12.9563,77.56746,+91 80 2660 0704,4
Food Village,        ,   ,13.03151,77.55105,,4.5
Home Made Food,        ,   ,12.9803,77.61209,+91 99720 26471,5
Alter Ego Cafe,Italian American Cafe Mediterranean British    ,   ,13.026183,77.63424,+91 80956 96900,4
What'sinaPita,Lebanese Mediterranean Fusion Middle Eastern     ,   ,12.923951,77.63924,+91 91089 74600,4
A2B Veg,Indian        ,Vegetarian Friendly Vegan Options  ,12.97519,77.53456,+91 80 6570 7711,3.5
Kanti Sweets,Indian Fast Food       ,   ,12.97778,77.66641,,4
Give Me 5 Cafe,American        ,   ,12.97867,77.63675,+91 91641 16666,4.5
Glassy,        ,   ,12.95719,77.70101,+91 80 4933 3000,4
Mast Kalandar,        ,Vegetarian Friendly   ,12.90626,77.59049,+91 80 4110 4644,3.5
Srinidhi Sagar Food Lines,        ,   ,12.97387,77.63581,+91 80 2525 0408,4.5
Kanti Sweets,Cafe        ,   ,12.99477,77.57149,+91 80 2296 0607,4.5
Verve,Japanese Indian       ,   ,13.10116,77.59868,+91 80 2856 0668,5
Taj Darbar,        ,   ,12.92848,77.59257,22445088,5
Chikkanna Tiffin,        ,   ,12.96996,77.58433,+91 98459 17991,4
Sbarro,Fast Food        ,   ,13.01052,77.55452,+91 80 2268 2048,4
Zaafran,        ,   ,13.05369,77.50658,+91 97423 75747,4
Ice Cafe,        ,   ,13.01208,77.57666,+91 80660 35778,4.5
Kabab Mandra,        ,   ,12.95584,77.7155,+91 80 2853 3041,4
Kalpavriksha Upahara,Chinese        ,   ,12.92164,77.59149,,4
WYT RestroPub,Chinese Bar British      ,   ,12.9259,77.5212,+91 80 4150 1414,4
Just Shawarma,Fast Food        ,   ,12.93179,77.607254,+91 76767 64422,3
Nandhini Deluxe,        ,   ,13.03636,77.56653,23519177,3.5
Barbecue Factory,Indian Barbecue Asian      ,   ,12.97851,77.64083,+91 88676 91746,3
Kanti Sweets,        ,   ,12.97291,77.64756,+91 80664 96510,4
Gundappa Donne Biriyani,Indian        ,Halal   ,12.98915,77.57417,+91 98800 23409,3
Mysore Special Chats,        ,   ,12.91326,77.59251,+91 98444 07978,5
Punjabi Kitchen,Chinese Indian       ,   ,12.98392,77.72893,+91 80 6597 0727,3.5
Red Bowl,Chinese Thai       ,   ,13.01949,77.70823,+91 80 6050 3035,4
Dosa Sagar,Indian        ,   ,12.96733,77.60651,+91 95911 19544,4.5
Dosa Camp,Fast Food        ,   ,12.96797,77.57472,+91 97413 89944,4.5
New Biryani Mane,Healthy        ,   ,12.90368,77.49082,+91 98801 50550,4
Leon Grill,Fast Food        ,   ,12.91175,77.63552,+91 91088 73135,3.5
Bhikaram Chandmal Restaurant,        ,   ,12.9714,77.63498,22976861,4
Central jail restaurant,Indian        ,   ,12.962484,77.588455,,3
Beijing Bites,Chinese Thai       ,   ,13.03372,77.56879,+91 80 4214 8686,4
WXYZ Bar,        ,   ,,,+91 80 4510 1010,5
The Parisian Cafe By Breadworks,French        ,   ,12.96381,77.7177,+91 80 2539 5200,4
Hotel Anandhas,Chinese Indian       ,   ,13.048668,77.6292,+91 95001 65155,5
Cafe Ora,Cafe        ,   ,12.96519,77.60307,,4
Aroma Bakery & Sweets,        ,   ,12.94966,77.70179,+91 98864 35575,5
Mahro Rajisthan,        ,   ,12.98377,77.6923,+91 99866 33275,4
Guilt Trip,        ,   ,12.95255,77.62021,+91 82967 62978,4
Siddhartha Foods Goli Vada Pav,        ,   ,12.95959,77.71446,+91 80 4131 6136,4.5
Malabar Mess,        ,   ,12.87646,77.59156,+91 90353 17190,3.5
Ruh,Indian Mediterranean       ,   ,12.925108,77.674255,+91 99729 34777,3
Janani Veg Hotel,        ,   ,12.9097,77.5857,26583449,4
Orchard Fresh,        ,   ,12.91381,77.60782,+91 98454 88824,5
Biriyani Zone,Indian        ,   ,12.85063,77.67407,+91 89711 66933,3
Gugababa,Chinese Indian       ,   ,12.91524,77.60565,+91 80 2678 7755,3.5
Upahara Darshini,        ,   ,12.93274,77.58712,+91 80 4121 0637,4.5
Desmonds Koramangala,        ,   ,12.93579,77.62402,+91 98860 00000,3
Oye Amritsar,        ,   ,12.93435,77.62362,+91 80 4099 4451,3.5
Red Pepper Restaurant,        ,   ,13.05963,77.64256,,4
Loca Moca,        ,   ,12.99461,77.61785,+91 80 4131 6474,4.5
Pizza Hut,Pizza        ,   ,12.92091,77.66485,+91 1800 202 2022,4
Goli Vada Pav No.1,Fast Food        ,   ,12.95389,77.56755,+91 99457 80890,4
Sree Spicy Hub Restaurant,        ,   ,12.92126,77.60549,+91 81470 96336,4.5
Sanman Deluxe Restaurant,        ,   ,12.98409,77.58632,+91 80 2226 2507,4
Sri Matha Annapoorneshwari Tiffen Centre,        ,   ,12.84788,77.66233,+91 98805 35819,4
Delicacy,Chinese Thai       ,   ,12.93619,77.58485,+91 80 2529 9333,4
Northwind,        ,   ,12.98512,77.57509,+91 99001 13313,3.5
Annapurna Lunch Home,Cafe        ,   ,13.0416,77.54613,+91 88856 71253,4
Cosmos Resto-Bar,Indian        ,   ,12.90383,77.51393,+91 914833233,4
Madurai Idly Dosa Centre,Indian        ,   ,12.94966,77.70179,,4.5
Food N Fun,Chinese Indian Cafe      ,   ,12.84033,77.66287,+91 97392 18888,5
Baskin-Robbins,        ,   ,12.98392,77.72893,+91 80 4171 0256,4.5
KFC,American        ,   ,12.9174,77.60086,40936773,4
Kaggis,        ,   ,12.90644,77.5438,+91 80 6532 1866,4.5
Tawa the North Indian Homely Food,Indian        ,   ,12.93038,77.63041,+91 96636 50126,4.5
Carnival Cakes & Breads,        ,   ,12.9262,77.67168,+91 80 2574 7128,3.5
Ranganatha Veg,Indian Cafe       ,Vegetarian Friendly   ,12.960406,77.55758,+91 87220 04883,4
Sweet Moment,Street Food        ,   ,13.01315,77.63565,+91 97410 78826,4.5
Bangarpet Pani Poori,        ,   ,13.01725,77.65501,+91 81478 18322,3.5
Iyengar's Bakery,        ,   ,12.98457,77.55415,+91 80 2311 9730,4
Swathi Signature Restaurant,Indian        ,   ,12.97475,77.5093,+91 80 2550 7575,4.5
Wow! Momo,Asian Tibetan       ,   ,13.04094,77.62035,+91 80 2548 9111,3.5
South Point Pub,Pub        ,   ,12.94471,77.57996,+91 80 2656 3642,3
Swaad Ambarsariya,Indian Middle Eastern Afghan      ,   ,12.932032,77.6331,,5
Adyar Ananda Bhavan,Indian        ,Vegetarian Friendly   ,13.02207,77.62717,+91 80 4205 8999,3.5
Sri Devi Sagar,Indian        ,   ,12.91175,77.56718,+91 94483 23971,3.5
Mira's Dial-A-Cake,        ,   ,12.879376,77.5443,+91 89718 79019,3.5
Arya's Food Corner,        ,   ,12.97259,77.61853,+91 80 6050 1120,4
Athithi Multi Cuisine Family Restaurant,Chinese        ,   ,12.95584,77.7155,+91 97424 18095,4
Kanti's,        ,   ,12.97189,77.65482,+91 80 2529 6559,4
Basaveshwar Khanavali,Indian        ,   ,12.999349,77.5724,+91 80 2334 3399,5
L.J. Iyenger Bakery,        ,   ,12.88211,77.6037,+91 98862 28568,4.5
Barista Lavazza,        ,   ,12.84336,77.70107,+91 80 3029 9888,4.5
Cafe Noir,        ,   ,12.93253,77.58598,+91 80 4336 4790,4.5
Patil Vegetarian,Cafe        ,Vegan Options   ,13.0397,77.51831,+91 94811 83467,4
Maharaja Multicuisine Restaurant,        ,   ,13.00838,77.56068,+91 80 6533 7788,5
Sri Ganesh Fruit Juice Centre,        ,   ,12.94966,77.70179,+91 99016 96666,4.5
Impala Biryani,        ,   ,12.91081,77.59985,+91 91413 99300,3.5
Secret of Bangalore,        ,   ,12.9189,77.5136,+91 76187 29489,3
Kolkata Famous Kati Roll,Fast Food        ,   ,13.00242,77.52604,+91 70266 61865,4.5
Fish And Spice,Chinese Seafood Thai      ,   ,12.99802,77.60908,+91 80 4142 6974,3
Subway,        ,   ,12.97954,77.51066,+91 80 2544 5054,4.5
Soho Bar And Grill,        ,   ,12.94437,77.5727,+91 80 4160 9443,3.5
Gam's Delicacy,Indian        ,   ,12.936109,77.61525,+91 80 4965 2714,3.5
New Royal Hotel Restaurant,Chinese Arabic       ,   ,12.94417,77.59707,+91 88921 69245,3.5
Melting Melodies,Cafe        ,   ,12.90642,77.59026,+91 88841 67822,4
Sri Krishna Bhavan Sweets,        ,   ,13.00158,77.54859,+91 94488 47242,4
Sri Sai Tiffin Centre,Cafe Seafood       ,Vegetarian Friendly   ,12.90376,77.63114,+91 98454 64232,4
Mamaji,Indian Asian       ,Vegetarian Friendly   ,12.85852,77.64618,+91 80 6134 4889,3
Bridgeway,Chinese Indian       ,   ,13.04015,77.59959,+91 80 2675 3339,3
Annapurneshwari Hotel Restaurant,Asian        ,   ,13.05187,77.51397,+91 90083 11683,5
West Wood,Chinese Indian       ,   ,12.98059,77.57466,+91 80 4240 2222,4
Just Bake,Indian        ,   ,12.95042,77.57682,+91 80 4172 3727,3.5
Beijing Hotel Restaurant,Chinese        ,   ,12.98443,77.56378,22453482,5
Chaatimes,Indian        ,   ,12.92869,77.58283,+91 97428 23639,4
Amma's Pastries,        ,   ,13.03022,77.55962,+91 80 4127 8726,4
Hotel Kundapra Heritage Restaurant,Chinese Seafood       ,   ,12.95687,77.53086,+91 99451 22210,4
The Koozh House,Chinese Indian Thai      ,   ,13.021814,77.64096,+91 84960 05550,5
Hotel Sai Rennaisance Restaurant,Indian        ,   ,12.95584,77.7155,+91 80 2845 6266,4
Sri Ganesh Darshan,African        ,   ,12.9833,77.5833,+91 97404 70136,3
The Paramount Hotel Restaurant,Chinese        ,   ,12.97825,77.72772,+91 95382 23322,4
Wangs Kitchen,Chinese        ,   ,12.9137,77.6,+91 80 3256 9593,4
Kritunga Restaurant & Take Away,Indian        ,   ,13.06989,77.59283,+91 77954 95029,5
Adyar Ananda Bhavan,Indian        ,   ,13.04983,77.61607,,3.5
Soundary Paradise,Indian        ,   ,13.04385,77.51025,+91 80 2839 7830,5
Smoke House Deli Whitefield,Cafe International European Deli     ,   ,12.989622,77.728226,+91 86575 60513,
Amma's Pastries,Cafe        ,   ,12.91652,77.60943,+91 80 2678 0727,4.5
Komala Vilas,        ,   ,12.98598,77.60704,+91 99005 12451,5
KFC,American        ,   ,12.85687,77.58523,+91 93430 04343,3.5
Shiv Sagar Veg Restaurant,        ,   ,12.981914,77.60828,+91 98328 07232,
The Magic Chef,Chinese        ,   ,12.80644,77.69863,+91 81059 53923,4.5
Punjab Junction,Chinese Indian       ,   ,12.98515,77.67391,+91 80 6598 5885,4
K C Das Sweets,        ,   ,12.9639,77.61185,+91 80 4157 0064,4
Cake House - Story Cafe,Cafe        ,   ,13.02617,77.6327,+91 81053 95198,5
Chili's American Grill & Bar,Mexican American       ,   ,13.010822,77.554886,+91 80 2268 2125,4
Singapore Street-Asian Bistro @ Kammanahalli,Asian Indonesian Singaporean Malaysian     ,   ,13.022219,77.63744,+91 99451 91701,
Kanti Sweets,Cafe        ,   ,12.9317,77.47283,+91 80 4123 0605,4.5
Chettinad Express,        ,   ,12.96793,77.53795,+91 80 4121 6333,3.5
Juice Junction,        ,   ,12.96886,77.60041,+91 80 2210 9112,4.5
Quiznos,American        ,   ,13.03293,77.63523,,4
Sherlock's Pub,        ,   ,13.02263,77.62498,+91 88803 00600,4.5
Adyar Ananda Bhavan Sweets and Snacks,Healthy        ,   ,13.03718,77.52421,,4
Barbeque Nation,Indian Barbecue Grill Middle Eastern Afghan    ,   ,12.957249,77.745026,,5
Cream Chemistry,Indian        ,   ,12.99709,77.61095,+91 99160 25496,4
Absolute Shawarma,Mexican Arabic       ,   ,12.939355,77.68946,+91 91489 72010,4
"Dilli Chowk, Uttarahalli Road, Bangalore",Indian        ,   ,12.896328,77.551155,,3
Tango Sandwich Corner,        ,   ,13.00642,77.5488,+91 98450 32517,4
A2B Veg Restaurant,Indian        ,   ,12.82187,77.68624,+91 1800 103 6363,3.5
Donne Biryani Mane,        ,   ,12.95929,77.51926,+91 80 6598 3555,4
Cafe Idly,Fast Food        ,   ,12.99912,77.61799,+91 98459 38663,4
Mas Family Restaurant,Chinese        ,   ,12.90376,77.63114,+91 80 2552 1569,4
Costal Waves,Chinese Bar Pub Diner Dining bars Beer restaurants   ,   ,12.805124,77.70056,+91 79967 17717,5
Iyengar's Bakery,        ,   ,13.00197,77.58129,+91 99808 09010,4
Goli Vada Pav No. 1,Fast Food        ,   ,13.05623,77.58905,+91 97403 13131,4
Kabab Mirchi,Chinese        ,   ,12.98377,77.6923,+91 80 2540 0809,4
ASHA SWEET CENTER - Gandhi Bazaar,Indian Fast Food Street Food      ,   ,12.94567,77.57095,+91 80 2667 1668,4
K C Das - Treat,Indian        ,   ,12.98443,77.554,+91 80 2335 1481,4.5
Metropole Restaurant,Chinese Japanese Indian      ,Vegetarian Friendly   ,12.98378,77.60357,+91 85473 04924,4.5
Wang's Kitchen,Chinese        ,   ,12.92751,77.54713,+91 80 3925 3925,4.5
Cafe De Verve,International Turkish       ,   ,12.97857,77.63365,+91 80 4116 1316,4
Hot Pot,        ,   ,12.97633,77.71019,+91 96200 93829,3
Arya Kerala Mess,Chinese        ,   ,13.0069,77.59342,+91 74060 08551,4
Kamat Restaurant,Indian        ,   ,12.96437,77.57115,+91 80 2222 4802,4
Ice Thunder,Indian        ,   ,12.94271,77.57117,+91 98453 66565,3.5
Gustum,Indian Contemporary       ,   ,12.913903,77.638504,+91 98757 63950,5
HighDrate Resto Pub,Italian American Indian Pub Gastropub Beer restaurants   ,   ,12.902959,77.52243,+91 96205 74747,5
Kolkata Famous Kati Roll,Fast Food        ,   ,12.93579,77.60798,+91 81475 11301,5
Upahara Darshini,        ,   ,12.936388,77.57679,+91 99009 00043,4
Drunkling,        ,   ,12.94089,77.5352,+91 80 2550 5542,4
Shankar's Kitchen Green Dine,Indian        ,   ,12.807872,77.69834,+91 99862 77775,4
Vani Hindu Military Hotel Restaurant,        ,   ,12.978,77.63958,+91 93418 82194,5
Bun World,        ,   ,13.00687,77.5728,+91 80 2331 4456,3.5
Tea Mount,        ,   ,12.95976,77.64873,+91 93794 52397,4
Sbarro,Italian Pizza       ,   ,12.99278,77.57153,+91 80 2266 7343,4
The Rendezvous,Italian Bar International Contemporary Pub    ,Vegetarian Friendly   ,12.93441,77.62984,+91 98807 76194,3.5
Dalma Hotel Restaurant,Indian Asian       ,   ,12.93629,77.61678,+91 80 4166 0921,3
Cuppa,        ,   ,12.98093,77.64417,+91 80665 12975,4
New Prashanth Hotel,        ,   ,13.03409,77.62073,,3.5
Lan Thai,Asian Thai       ,   ,12.91693,77.63263,+91 74064 65753,4
The Chocolate Room,Cafe        ,   ,12.916343,77.59222,+91 89050 00555,3.5
Barista Lavazza,Cafe        ,   ,12.95644,77.64148,,4
Calcutta Victoria Chat House,Indian Fast Food       ,   ,12.88346,77.5788,+91 99720 19567,3.5
Namma Kudla Restaurant,Seafood        ,   ,12.91275,77.5868,+91 80 4207 5762,4.5
Marwa Treat,Chinese        ,   ,12.90533,77.61148,+91 90089 11128,4
Nandini Deluxe,Chinese        ,   ,13.01236,77.64779,+91 99021 77818,4
Lock N' Load,Chinese Seafood International      ,   ,13.0587,77.58253,+91 96208 11080,4
Hotel Southern Star Restaurant,        ,   ,13.04015,77.59959,+91 97408 14058,4.5
Goli Vada Pav No. 1,Fast Food        ,   ,12.97613,77.60127,+91 98491 52929,4
Vaishnavi Vaibhav,        ,   ,12.985236,77.67366,,4
Mykos Craft Kitchen &amp; Bar,European        ,   ,12.97194,77.59369,+91 72044 70378,
King Fish The Restaurant,Seafood        ,   ,13.03249,77.63464,23186179,4.5
Food Campus,        ,   ,13.03818,77.55716,+91 86940 96362,4
Hotel Sanman,Indian        ,   ,12.93695,77.58004,+91 80 2657 0065,4
My Little China,Chinese        ,   ,13.03831,77.64749,+91 97437 19481,4
Shiv Sagar,        ,   ,12.89001,77.59992,+91 80 2648 3631,3.5
Aashish Foods,        ,   ,12.94636,77.59225,+91 91648 70222,5
Nandhana Bake & Juice,Japanese        ,   ,12.94966,77.70179,+91 866 568 8323,4.5
Ande Ka Funda,        ,   ,12.94818,77.70754,+91 90365 27030,3.5
Peppa Zzing Restaurant,American Fast Food       ,   ,12.9819,77.59935,+91 98450 04541,5
Pizza Stop,Pizza        ,   ,12.96781,77.59638,+91 98801 60086,4
Hilal Restaurant,Chinese        ,   ,12.98874,77.60262,+91 80 2290 4433,3.5
Sagar Delicacy,Chinese        ,   ,12.98628,77.62253,+91 80 4147 1383,4
Mayuri Hotel Restaurant,        ,   ,12.94906,77.69768,,5
Cafe Coffee Day,Cafe        ,   ,12.93253,77.58598,+91 80 3248 6278,4.5
Sweet Chariot,Cafe        ,   ,12.99687,77.61421,+91 80 4091 5306,4
Esplanade,        ,   ,12.978,77.63958,+91 80 4092 7888,3.5
KFC,American        ,   ,12.96381,77.7177,+91 80672 80042,4.5
Domino's Pizza,Italian Pizza Fast Food      ,   ,13.02859,77.65219,+91 80 2542 4700,3.5
Pizza Stop,Pizza        ,   ,12.87895,77.51393,+91 89711 01406,4
Tamarind Restaurant,Thai        ,   ,13.09645,77.57841,28468892,4.5
House of Troy,Mediterranean        ,   ,,,+91 80 4907 0111,5
Bombay Dreams,        ,   ,12.97465,77.60788,+91 80 4099 0886,4
Palki Restaurant,        ,   ,12.95695,77.6649,+91 98800 78224,3.5
TGI Friday's,Bar Pub       ,   ,12.93322,77.56911,25307301,3.5
"Udupi Ruchi, JP Nagar 6th Phase",Indian        ,Vegetarian Friendly   ,12.90639,77.58499,,3.5
Cafe Coffee Day,Cafe        ,   ,12.96695,77.6209,+91 80 4001 2345,4
Domino's Pizza,Pizza        ,   ,12.82513,77.67101,+91 80 2783 9991,4
The Pet People Cafe,American        ,   ,12.912486,77.64442,+91 99007 03009,5
Upahara Bhavan,Chinese Indian       ,   ,12.85786,77.5891,+91 80 4097 2565,4
Forking Rolls,Chinese        ,   ,13.03664,77.52705,+91 98862 11165,3
MAFFEI KITCHEN,Lebanese Moroccan Mediterranean Greek     ,   ,12.935126,77.622826,+91 84948 29999,
Uttam Sagar,Indian        ,   ,13.00963,77.64326,+91 80 3252 8896,3.5
Foodies Restaurant,Chinese        ,   ,12.91369,77.6784,+91 80 6066 0555,5
Amruta Curries,        ,   ,12.91906,77.66851,+91 89046 66066,5
Mumbai Streat Food,Indian        ,   ,13.00197,77.58129,+91 74069 91219,4
Sbarro,Pizza Fast Food       ,   ,13.062186,77.47526,+91 80672 66261,4
Kalpavruksha Restaurant,        ,   ,12.88984,77.60046,26681202,4.5
Swathi Sagar,Indian        ,   ,12.91175,77.56718,+91 98452 00496,4.5
McDonald's - Marathahalli,Fast Food        ,   ,12.97969,77.69386,,4.5
Goli Vada Pav No. 1,Fast Food        ,   ,12.98464,77.5371,+91 99866 63883,4
The Hyderabad Southern Spice,Thai        ,   ,12.91473,77.58577,+91 93411 49997,4.5
Sheesh Kebaba,Indian Middle Eastern Afghan      ,   ,13.00047,77.61689,+91 80 2580 2222,3.5
Kerala Mess,        ,   ,12.88982,77.62572,+91 99864 79419,4
haagen-Dazs,American Cafe       ,   ,12.94417,77.59707,+91 80 2206 7777,4.5
Motis Kitchen,        ,   ,12.97966,77.67858,+91 99861 06775,4.5
Shri Shyam Thali,Cafe        ,   ,12.93629,77.61678,+91 87927 39892,4
A2b Adyar Ananda Bhavan,Asian        ,   ,12.98339,77.751976,,4
Aishwarya Parkland,Chinese        ,   ,12.88919,77.60229,+91 80 2659 1793,4
RS Shiv Sagar,        ,   ,12.96838,77.60101,+91 90665 13083,4.5
Andhra Biryanis,        ,   ,13.04204,77.61334,+91 96114 64339,4
Sweet Chariot,Deli        ,   ,12.947558,77.57155,+91 80566 21144,3
Anand Vihar,        ,   ,12.95933,77.57579,+91 80 2670 7261,4
Smally's Restrocafe,Chinese        ,   ,12.92419,77.65176,+91 96320 15858,4.5
Sri Kenchamba Restaurant,        ,   ,12.97802,77.57535,+91 80 3248 5390,4.5
Sara's Chat House,Fast Food        ,   ,12.99217,77.59421,+91 99020 65723,5
Just Bake,Cafe        ,   ,12.97097,77.60848,+91 97311 25409,3
Majestic Hotel Restaurant,Cafe        ,Vegetarian Friendly   ,12.97469,77.57556,+91 80 4151 1290,4
Shyvan Restaurant,Chinese        ,   ,12.96226,77.59493,+91 80 2223 4561,4
Atlas World Cafe,        ,   ,12.984685,77.57835,+91 80 4044 3636,5
Muniyappa Biryani,        ,   ,12.91666,77.60643,+91 99459 77704,4
New Imperial Restaurant,Chinese        ,   ,12.91826,77.57364,+91 80 2671 4439,3
Baskin-Robbins,        ,   ,12.9563,77.56746,+91 80 4115 5411,4
Soul,Indian        ,   ,12.839272,77.6592,+91 80 4431 0000,3
Yummy Kitchen,African        ,   ,13.0136,77.69186,+91 99169 47480,
Polar Bear,        ,   ,12.90924,77.63911,+91 80 2572 4666,4.5
Sravanya Foods,Chinese Indian       ,   ,12.93064,77.6855,+91 96324 10099,4
Cane Fresh,        ,   ,12.91644,77.59499,+91 98455 89141,4
Spice Up Restaurant,Chinese Thai       ,   ,12.90991,77.59333,+91 80 2658 2546,5
Sreeraj Lassi Bar,        ,   ,12.96142,77.5984,+91 96633 69936,4.5
Dhaba Stories,Chinese Indian       ,   ,12.908328,77.692955,+91 89717 42624,5
Asha Sweets,        ,   ,12.91005,77.57699,+91 80 4206 7320,3
Domino's Pizza,Pizza        ,   ,12.96776,77.49888,+91 80 2334 3330,4
Treat,        ,   ,13.04915,77.59564,+91 99161 88399,4
Deccan Paradise,Indian        ,   ,12.986947,77.73673,+91 89517 90942,
Infinitea,        ,   ,12.9693,77.62939,+91 80 4151 4100,4
55 Wall ST. Bar & Kitchen,Italian Chinese Indian Bar Pub Gastropub   ,   ,13.00555,77.59427,+91 70226 66677,2.5
Kalpavriksha Upahara,Indian Cafe       ,Vegetarian Friendly   ,12.92292,77.59353,+91 98447 30699,4.5
Koramangala,Chinese Indian Arabic      ,   ,12.93444,77.61127,+91 82989 89595,
Sri Venkateshwara Sweet Meat Stall,        ,   ,13.0136,77.69186,+91 93414 17016,4
Pizza Stop,Italian        ,   ,13.00697,77.57121,+91 98801 60086,4
Sree Bhagya Sagar,        ,   ,12.90376,77.63114,+91 80 2573 4446,4.5
Mugful of Stories,Cafe        ,   ,13.025392,77.63867,+91 98860 11631,3
New Swathi Deluxe,        ,   ,12.88982,77.62572,+91 98450 41736,4
Best Brews,        ,   ,12.9794,77.752,,5
Hotel Revoli Since - 1964 Restaurant,        ,   ,12.96181,77.59457,+91 98866 57465,4.5
Silsila,Chinese        ,Vegetarian Friendly   ,12.93441,77.62984,+91 80 4009 9660,3.5
Chai's Dosa Magic,Indian        ,   ,12.93629,77.61678,+91 89032 58886,4
Kanthi Sweets,        ,   ,13.00112,77.52843,+91 80 2296 0620,4
The Apple Refreshments,        ,   ,12.94966,77.70179,+91 90363 27880,4.5
Mabra Family Restuarant,Chinese Indian       ,   ,13.0426,77.57787,+91 93411 23700,3
Shree Channakeshwara Iyengar Bakery,        ,   ,12.97555,77.48422,+91 98446 37429,4.5
Andhra Spice Food Zone,Thai        ,   ,13.02672,77.63134,+91 80 2542 8422,4
Sai Bakery,        ,   ,12.94966,77.70179,+91 99868 90734,4.5
Atithi Satkar,        ,   ,12.93829,77.53666,+91 81476 31432,2.5
Kababi's,Indian        ,   ,12.88585,77.60239,+91 80 4216 5050,4
Aaha Bhojanam,Chinese Indian       ,   ,12.965642,77.718506,+91 81255 92559,4
Beijing Bites,Chinese Asian Thai      ,   ,12.96672,77.60893,+91 80 4124 6933,3.5
Lavazza Espression,Italian        ,   ,12.96615,77.64879,+91 80 4126 5329,4
Nithyothsav,Chinese        ,   ,12.972272,77.61506,+91 80 3051 9000,3
Chicago Pizza,Pizza        ,   ,12.95584,77.7155,+91 80 6565 6572,3
Hard Rock Cafe,American        ,   ,12.986781,77.7359,+91 89785 66444,4
Polar Bear,French Cafe Soups      ,   ,12.90393,77.56201,+91 98451 56331,4
Biriyani Adda,        ,   ,12.98446,77.55312,+91 96862 99377,4
Manu Hotel Restaurant,        ,   ,12.93528,77.63514,25539313,4.5
Vishnu Sagar,Chinese Fast Food       ,   ,12.98351,77.60667,+91 80 4123 9433,4
Flavour Of China,Chinese        ,   ,12.95998,77.63678,+91 80 4120 0882,4.5
Mafia Pub,Pub        ,   ,13.02182,77.53567,+91 98455 57576,4
Xo Belgian waffle,Belgian European       ,   ,12.91153,77.61004,+91 99209 50331,4.5
Sri Krishna Upahara,        ,   ,12.91352,77.58575,28918556,3.5
Glen's Bake House,American Pizza Cafe Asian Soups    ,   ,13.028203,77.57277,+91 63649 27081,2
Beijing Bites,Chinese        ,   ,12.919,77.58853,+91 80 4328 3000,3
Aishwarya Upahar,Chinese        ,   ,12.97648,77.62184,+91 94486 75760,4.5
Pizza Hut,Pizza        ,   ,12.96381,77.7177,+91 80 3377 3300,4.5
Sri Durga Chats Centre,        ,   ,12.94369,77.5706,+91 98455 20335,4
Cafe Mamma Mia,Italian Pizza Cafe International     ,   ,12.98464,77.5371,+91 99861 77667,3.5
Boca Grande,Italian        ,   ,12.92669,77.63353,+91 80 4111 0889,4
Papa John's Pizza,Italian Indian Pizza      ,   ,12.97015,77.609924,+91 1800 3010 7272,3
Meghana Foods,Indian        ,   ,12.97458,77.62451,+91 88806 09609,4.5
Melange,Chinese International       ,   ,12.84498,77.66555,+91 80 4934 3499,3.5
Hyderabadi Dum Biriyani Restaurant,        ,   ,13.00786,77.68353,+91 99000 87124,4
Tree Top Restaurant,International        ,   ,12.947998,77.59459,+91 80 4662 2000,4
Cafe Toscano,Italian        ,   ,12.99736,77.69069,+91 80 4652 4050,4.5
Night Cafe,Chinese Indian       ,   ,12.91088,77.60554,+91 95919 76004,5
Kanti's,Cafe        ,   ,12.970611,77.68177,+91 80 2523 8989,4.5
KFC,American Fast Food       ,   ,12.96849,77.57907,+91 80 4175 8292,3.5
K V Canteen,        ,   ,12.9835,77.60914,+91 97390 84547,5
Five Star Chicken,Pizza Fast Food       ,   ,12.91415,77.53812,,4
Downtown,International        ,   ,12.9682,77.60067,+91 80 2558 2050,4
Kruthika Chats,        ,   ,12.97269,77.61999,+91 99454 02833,3.5
Shanthi Andhra Mess,        ,   ,12.94966,77.70179,+91 95351 50487,4.5
Pizza Hub,Pizza        ,   ,12.96557,77.60625,+91 81056 87375,5
Paradise Biryani,Asian        ,   ,12.916004,77.64268,+91 91103 08183,4
BLR Brewing Co. - JP Nagar,Chinese Indian Brew Pub Bar Asian Pub   ,   ,12.906721,77.5897,+91 80 4680 1997,
Lungees Foods,Indian Seafood       ,Vegetarian Friendly   ,12.900074,77.6753,+91 91481 57530,4
Maachiz,Chinese Indian Fast Food      ,   ,12.961598,77.59859,,4
Bhagini,        ,   ,12.95584,77.7155,+91 80 3256 6333,4
Grand Hamza,        ,   ,12.99098,77.6006,+91 80 2286 0575,4.5
Mcdonald's,Fast Food        ,   ,12.97402,77.62361,+91 80660 00666,4
terrace grill,Barbecue        ,   ,12.98826,77.58261,+91 80 4243 4243,5
Shahi Darbar,        ,   ,13.0367,77.56148,+91 98487 00007,5
Papa John's Pizza,Italian Pizza Fast Food      ,   ,12.934562,77.611176,+91 1800 3010 7272,3
Marea - Bar Lounge,Chinese American Indian European     ,   ,13.05815,77.62371,+91 80 4646 7008,3.5
Sonakshi Sharma's Family Restaurant,        ,   ,12.93377,77.62336,+91 80 2552 4267,4
Sun Pub,Pub        ,   ,12.91873,77.51217,+91 98457 47506,3.5
Chemmeen,Indian Asian       ,   ,12.96892,77.60817,+91 99000 44130,5
Khooshboo,Indian        ,   ,12.97505,77.59981,+91 80 4215 6161,4.5
New Light Family Restaurant,Chinese        ,   ,13.01691,77.70435,+91 80 6575 4799,3.5
Siddy's Pizza,Italian Pizza Cafe Sicilian Southern-Italian    ,   ,13.100204,77.58042,+91 96118 09810,1
New Sagar Fast Food,        ,   ,13.01994,77.54398,+91 95915 42225,3.5
Sri Udupi Garden,Indian        ,   ,12.83181,77.703636,,3
Kuttanadu Restaurant,Indian        ,   ,12.92003,77.65162,+91 80 4212 0507,3.5
CreamVilla,Cafe        ,   ,12.907164,77.6946,+91 91089 29630,4.5
Manak Mewa Dry Fruits Shop,Indian        ,   ,12.97182,77.57687,+91 80 2225 2235,5
Beijing Bites,Chinese        ,   ,12.95644,77.64148,+91 80 6453 1417,3.5
Adyar Ananda Bhavan Sweets & Snacks,Indian        ,   ,12.96339,77.59599,,3.5
Fusion Lounge,Chinese Indian International      ,   ,12.98735,77.60812,+91 89710 02066,2.5
Hotel Jade Empire Restaurant,Chinese        ,   ,12.82526,77.68355,+91 95906 88103,3
Udupi Garden Restaurant,        ,   ,12.97897,77.75335,+91 80 2845 6757,3.5
Upsouth,Indian        ,   ,12.92091,77.66485,+91 80 4121 3434,4
Jcubez,Pub        ,   ,12.92587,77.56392,+91 80 4214 4026,4
Daily Bread,        ,   ,12.95584,77.7155,+91 80 2522 0008,4
thoda aur,Northern-Italian        ,   ,12.930343,77.6332,,5
Papa John's Pizza,Pizza Fast Food       ,   ,12.892095,77.58181,+91 73531 23472,4
RK's Dum Biryani,        ,   ,13.01069,77.55452,+91 98867 73807,5
Sultan's Restaurant,Chinese        ,   ,12.97824,77.5442,+91 99457 81579,4
Paratha Lounge,Indian        ,   ,13.02704,77.66544,+91 99583 01002,4
Golden Metro Hotel Restaurant,Chinese Indian International      ,   ,12.98604,77.57227,+91 78994 84432,4
KFC,American        ,   ,12.93163,77.61369,+91 80 4149 4959,4
Martin's Cafe,Spanish        ,   ,12.95602,77.7121,+91 99018 19494,4
Egg Attack,Street Food        ,   ,12.91381,77.60873,+91 99097 85585,5
Five Star Chicken,Chinese        ,   ,12.95961,77.63685,+91 84969 66660,5
Burgundy,International        ,   ,12.97798,77.4764,+91 80 4251 2345,3.5
Bo Tai,Chinese Asian Thai      ,   ,12.96843,77.59477,+91 78998 00900,3.5
24 Carats,Indian        ,   ,12.98238,77.5932,+91 80 2222 8123,3.5
Kaayal,Indian        ,Vegetarian Friendly   ,13.03418,77.61653,+91 80 2520 5578,3.5
Domino's Pizza,Pizza        ,   ,12.90578,77.5427,+91 80 2666 1339,4.5
Aqua Grill,Seafood        ,   ,12.97187,77.74771,+91 80 4020 0200,4.5
Pizza Stop,Italian Pizza Fast Food      ,   ,12.88045,77.57926,+91 89711 01406,3.5
The Big Barn,Indian Pizza Thai Pub Northern-Italian    ,   ,13.060544,77.56072,+91 89516 84455,3
Barista Lavazza,Cafe        ,   ,13.04334,77.59912,+91 80 6535 8640,4.5
JS Food Court,        ,   ,12.93326,77.61175,+91 99001 80860,4.5
Onesta,Italian        ,   ,12.97526,77.53446,+91 89040 01530,4
Bakener Sweets,Seafood        ,   ,12.97303,77.57746,+91 98443 45921,4
Kanti Sweets,Indian Cafe       ,   ,13.09906,77.57618,+91 80 2296 0614,4
The Sai Leela Hotel Restaurant,        ,   ,13.10906,77.58057,+91 80 2846 8555,4
Mayura Bakery & Sweets,Cafe        ,   ,12.97726,77.54597,+91 90088 00784,3.5
Mast Kalandar,        ,   ,13.01949,77.70823,+91 80 6452 2222,3.5
Dosa Plaza,Indian        ,   ,12.97029,77.52996,+91 80 2244 3878,4
Calvin's,International        ,   ,12.91855,77.6425,+91 80 2572 4134,4.5
Pot Biryani,Indian        ,   ,12.9449,77.64926,+91 96000 25811,4
Metro le Royale,Chinese Fast Food       ,   ,13.07864,77.56084,+91 80 2321 5123,4
Baskin Robbins,        ,   ,12.88995,77.60005,+91 80 4110 9674,5
Malabar Kitchen,        ,   ,12.970802,77.60073,+91 99466 10099,3.5
Ammi's Biryani,        ,   ,12.92091,77.66485,+91 80 3945 7777,3.5
Haldiram's Restaurant,Indian        ,   ,12.962484,77.588455,+91 70300 00146,1
Domino's Pizza,Pizza        ,   ,12.847718,77.664566,+91 80 6573 3856,4
Rockstone Ice Cream Factory,        ,   ,12.99278,77.57153,+91 80 2266 7247,4.5
Polar Bear,        ,   ,12.91838,77.48294,+91 97427 22555,5
Adigas Maiya,        ,   ,12.92507,77.58488,,4
Bengaluru Bites,Fast Food        ,   ,12.957174,77.51926,+91 90668 91945,
Tex Mex Grill,Mexican        ,   ,13.01928,77.5889,+91 76765 54493,4.5
Bharathi Refreshments,        ,   ,12.95442,77.58961,+91 98866 37403,4
Shiv Sagar,Indian        ,   ,13.00412,77.57126,+91 80 2266 7356,2.5
Bon South Malleshwaram,Indian        ,   ,12.99278,77.57153,22667377,4
Tuck Shop,American        ,   ,12.9899,77.50987,+91 88613 35567,3.5
The Bangalore Street Club,        ,   ,12.97638,77.62667,+91 80 4170 8091,4
Swaad Dum Biryani House,        ,   ,12.92063,77.67046,+91 80 3190 9191,3.5
California Burrito,        ,   ,13.04813,77.57499,+91 80 4371 5434,4
Ace Iyengar Home Products,        ,   ,12.99875,77.56947,+91 81231 15862,4
Jugs,European        ,   ,12.93435,77.62362,+91 80 4965 3086,3.5
Refresh,Fast Food        ,   ,12.96627,77.71648,+91 80 4146 6438,5
Rolls on Wheels,        ,   ,12.90628,77.69856,+91 94814 87381,4
Chilly's,Italian Chinese       ,   ,12.99371,77.70238,+91 80 4148 7799,3.5
Srinidhi Hindu Military Hotel Restaurant,Fast Food        ,   ,12.93686,77.57883,+91 99455 26733,5
Vasudev Adiga’s,Fast Food        ,   ,12.975696,77.60362,+91 84949 12612,3
Subway,Fast Food        ,Vegan Options   ,12.95584,77.7155,+91 80 3221 9559,3.5
Sunny's Indian & Thai Kitchen,Thai        ,   ,12.975,77.5993,+91 80 4125 5157,3.5
Dolci,Italian Fast Food       ,   ,12.98652,77.59145,+91 80 4097 7132,3.5
Barbeque Nation,Indian Barbecue Asian      ,   ,12.97473,77.62311,+91 80 6902 8722,4
Bliss Chocolate Lounge,        ,   ,12.92564,77.61758,+91 80 2206 7901,4
The Corner,Cafe        ,   ,12.973172,77.621956,+91 80 4936 1234,3
K.C. Das Sweet Spot,        ,   ,12.94369,77.57043,+91 98451 73245,4
Pool Bar At Renaissance Bengaluru Race Course Hotel,Indian Bar Cafe Fast Food Healthy    ,   ,12.98409,77.58632,+91 80 4685 5555,
Nisarga Family Restaurant,Chinese        ,   ,12.97141,77.58097,+91 77956 81594,4
Domino's Pizza,Pizza        ,   ,12.91458,77.71611,+91 80 6888 6888,4
Madurai Idly Dosa Centre,        ,   ,12.95654,77.69644,+91 90359 83391,4.5
Gorilla Barfare,Bar Pub       ,   ,12.93814,77.61877,+91 98860 78879,4.5
KFC,American        ,   ,13.0328,77.56953,+91 80 4211 1515,4
Taja Masala Soda,Indian Fast Food       ,   ,12.9408,77.56483,+91 99002 52146,4
Cool Joint,        ,   ,12.98174,77.61035,+91 80 2297 7788,4
Cafe Coffee Day,        ,   ,12.95584,77.7155,+91 80 3252 8017,4.5
Cravingz,Cafe Fast Food Fusion      ,   ,12.97897,77.75335,+91 80 4962 6256,4
Fuel Resto Bar,        ,   ,12.964821,77.59967,+91 80 4348 4348,4.5
Cirrus Restobar,        ,   ,12.97908,77.64082,+91 80665 37455,3
Chilli Pepper Restaurant,Asian        ,   ,12.95705,77.70097,+91 80 3297 2076,3.5
Simply South,Indian        ,   ,12.92091,77.66485,+91 95383 21227,4
Pizza Stop,Pizza        ,   ,12.91906,77.66851,+91 99809 27755,3
S.L.V South End,        ,   ,12.93686,77.57883,+91 99807 01499,4
Hari Super Sandwich,        ,   ,12.92827,77.58532,+91 98444 17049,4
DVG Benne Dosa,        ,   ,12.95504,77.64193,+91 76248 38080,3.5
Domino's Pizza,Pizza        ,   ,12.90626,77.59003,+91 80 2659 0265,3.5
Pizza Hut,Pizza        ,   ,12.98289,77.73364,+91 80 6000 9000,4.5
The Thick Shake Factory,Cafe        ,   ,12.93624,77.61678,+91 80 4955 3986,4
Leela's Kitchen,        ,   ,13.01318,77.64661,+91 99168 03920,4.5
Sbarro,Italian Pizza       ,   ,12.99371,77.70238,+91 80 6569 0909,3
Beijing Bites,Chinese Thai       ,   ,12.99055,77.61067,+91 80661 41034,3.5
Palki,Chinese        ,   ,12.96756,77.55396,+91 80 4115 8224,3
Goli Vada Pav No. 1,Fast Food        ,   ,12.93579,77.60798,+91 97412 34596,3.5
Kinpeetos,        ,   ,12.91746,77.58648,+91 85859 82807,4.5
Au Bon Pain,Cafe        ,   ,12.98737,77.59228,+91 80 4145 6642,3.5
Bismillah Hotel,Fast Food        ,   ,12.89575,77.63905,+91 96636 73278,4
Samudra Bar & Restaurant,        ,   ,12.98879,77.57526,+91 80 2356 5883,4.5
Ragoo's,Italian        ,   ,12.933784,77.573944,+91 80 2676 2888,3.5
Faaso's,Fast Food        ,   ,12.92477,77.63802,+91 78488 23939,3.5
Cheta's Chai,Indian        ,   ,13.074978,77.56154,+91 99453 19754,4
Pizza Hut,Pizza        ,   ,12.96294,77.64171,+91 80 6000 9000,4
surya refreshments,Indian        ,   ,12.9968,77.56951,,3.5
New Royal Restaurant,        ,   ,13.00686,77.59629,+91 99004 13213,4.5
Aroy Restaurant,        ,   ,12.8875,77.58033,40939311,3
Kamat Hotel Restaurant,        ,   ,12.98743,77.61873,+91 80 2225 8225,4.5
Cafe Coffee Day,Cafe        ,   ,13.00816,77.68531,+91 80 4001 2345,4
Subway,        ,   ,12.96171,77.63914,+91 80 6547 0057,4
White Horse Bar & Restaurant,        ,   ,12.92894,77.59457,+91 80 2357 7073,4
Club Magnolia,Indian        ,   ,12.96464,77.57409,+91 99455 64916,2
Starbucks,        ,   ,12.88527,77.60234,,5
Dharwad Mishra Pedha,        ,   ,12.94498,77.57106,+91 90084 52871,3
Amrutha Veg Restaurant,        ,   ,12.92215,77.65154,22389900,4.5
Zeeshan Cafe,Chinese Cafe       ,   ,12.91333,77.60216,+91 99726 06685,4.5
"Memories of China, HBR Layout, Bangalore",Chinese        ,   ,13.04124,77.62416,,5
Potenza Tandoori,Fast Food        ,   ,12.94536,77.59205,+91 97393 78319,4
Good Luck,        ,Vegetarian Friendly   ,12.96273,77.70154,,3.5
"No 10 Fort Cochin, Indira Nagar",Asian        ,   ,12.937284,77.62688,+91 90837 77666,4
Natural Ice Cream,        ,   ,12.93058,77.57626,+91 80 2676 2288,4.5
The Food Corner - Pure Veg,Chinese        ,   ,12.91423,77.60666,+91 70223 77447,4
KFC,American Fast Food       ,   ,12.93015,77.55269,+91 80 4120 8887,5
Wink,        ,   ,12.97297,77.60907,-6604534,5
Venezia,Italian American Pizza Fast Food Arabic    ,   ,12.926974,77.57663,+91 89048 70485,2
Vasudev Adigas,Indian        ,   ,12.97457,77.57763,+91 84949 11150,4
Singh Saahab,Chinese Indian Grill      ,   ,12.88453,77.61371,+91 92060 70519,4
Silk Winds,Chinese Thai       ,   ,12.98116,77.57522,,4
Mishra Pedra,        ,   ,12.9472,77.57152,+91 98456 09949,4.5
Grab 'N' Go,Fast Food        ,   ,12.99366,77.73265,+91 80 4312 5500,3.5
Bliss Chocolate Lounge,Cafe        ,   ,12.99387,77.5715,+91 80 3016 0153,5
Au Bon Pain,Cafe        ,   ,12.92091,77.66485,+91 80 3247 9923,4.5
Mcdonald's,Fast Food        ,   ,13.02847,77.57146,+91 80660 00666,4.5
KM Bakery,        ,   ,13.0056,77.59348,+91 97315 33529,4
Ur Cutlet Factory,        ,   ,12.98003,77.6464,+91 96204 99934,3
MMA Kababs Rolls & Biryani Center,Chinese Japanese Barbecue Asian Arabic    ,   ,12.9838,77.63968,+91 99724 95393,3.5
Bamboo Shades,        ,   ,12.84689,77.67172,+91 70222 81101,3.5
Punjabi Khazana Restaurant,Indian        ,   ,12.97908,77.64206,+91 93437 31942,4
Mustard Food Court,Indian        ,   ,12.84532,77.66084,+91 99722 22840,3
Nandhini Delux Banashankari,Indian        ,   ,12.922203,77.55997,+91 98459 43934,4
Classic Lassi Bar,        ,   ,12.85898,77.56951,,4.5
Tandoor and Spice,Indian        ,   ,12.899698,77.594734,+91 80734 11669,4.5
Ching's,Asian        ,   ,13.05695,77.60337,+91 80 4090 8601,4
The Colony Gastropub,Italian Pub Gastropub      ,   ,12.909428,77.651825,+91 82963 46662,3.5
Amigoo Bistro Bar,Mexican Indian       ,   ,12.970845,77.64108,+91 76764 41388,
Brahmins Thatte Idli,Indian International       ,   ,13.0263,77.58938,+91 99006 44777,4
Cafe Coffee Day,        ,   ,13.05859,77.63084,+91 93796 06195,4.5
Goli Vada Pav No. 1,Fast Food        ,   ,12.93087,77.58384,+91 81975 10861,3.5
Madurai Meenakshi Vilas,Indian        ,   ,12.92091,77.66485,+91 90368 31700,4.5
"Cafe Delhi Heights, Forum Rex Mall",Indian        ,   ,12.853488,77.66418,+91 91486 14033,4
Biriyani Mane,        ,   ,12.91692,77.59426,+91 80 2658 5855,4
Via Milano,Italian Pizza Mediterranean European Greek    ,   ,,,+91 80 4333 5333,3
Sri Guru Raghavendra Hot Chips,        ,   ,12.94966,77.70179,+91 94892 92615,4.5
Central Bakery & Sweets,        ,   ,12.94966,77.70179,+91 88846 83900,4.5
Kamat Ahar Restaurant,        ,   ,12.93953,77.5829,32488588,3.5
Phileas Hogg,        ,   ,12.98377,77.6923,+91 80 2522 3828,4
Treat,        ,   ,12.98216,77.64579,+91 80 2528 2137,3.5
Subway,Fast Food        ,   ,12.97465,77.60788,+91 80 4112 1905,4.5
New Shanthi Sagar,        ,   ,12.9563,77.56746,+91 80 2667 9822,4
Narjuna Restaurant,        ,   ,12.97936,77.60361,2559 0777,3.5
Sri Sai Ram Hot Chips,        ,   ,13.00856,77.56798,+91 97861 02304,4
Crumb Together,Indian Seafood       ,   ,12.907013,77.60022,+91 80 4216 1818,3
Risalo Pizzeria,Italian Pizza       ,   ,12.978787,77.69754,+91 88844 49930,
Petoo,Indian Middle Eastern Afghan      ,   ,13.02587,77.52102,+91 80 4375 2124,5
Dasaprakash At The Boulevard,Mexican Indian Cafe Fast Food     ,   ,12.976033,77.60482,+91 80 2558 2222,3
Pearl - The Nesara Grand,Chinese        ,   ,13.05689,77.58333,+91 80 4219 5493,3.5
KFC,American Fast Food       ,   ,12.95916,77.66194,+91 80 4095 5557,3.5
Jain Bakes,        ,   ,12.99578,77.57639,+91 77951 59636,5
New Prasiddi,Seafood        ,   ,12.94757,77.57385,+91 80 4115 6516,4
New Punjabi Hotel Restaurant,Chinese        ,   ,12.93579,77.60798,+91 85536 04090,3
Shastry Ice Creams,        ,   ,12.91175,77.56718,+91 99450 43990,4.5
Mangala Hotel Restaurant,        ,   ,13.03685,77.52583,+91 80 4094 4279,2.5
Fat Buddha,Thai        ,   ,13.11819,77.61765,+91 80 4123 5139,3.5
Ambur Biriyani,        ,   ,12.95628,77.69416,+91 96636 00586,4
Trident Ghar Ka Khana,Japanese Indian       ,   ,12.92126,77.60549,+91 93428 18067,4.5
Sri Lakshmi Vaibhava,Seafood Fast Food       ,   ,12.95654,77.69644,,4
B-Hive Pub,Indian Brew Pub Fast Food Contemporary Pub Diner   ,   ,12.92387,77.64001,+91 80 4171 1118,3.5
Kanchan's cafe,Indian        ,   ,12.960652,77.604836,,3
Wokanaka,Chinese        ,   ,13.02785,77.67248,+91 80 4164 0002,3.5
New Punjabi Hotel Restaurant,Chinese Indian       ,   ,12.95291,77.65835,+91 98863 89955,3.5
Khandani Rajdhani,Indian        ,   ,12.916157,77.59226,+91 80 4208 8757,3.5
Sendhoor Coffee,        ,   ,12.93697,77.62023,,4.5
By Chance,Indian Bar Pub Central Asian     ,   ,12.96732,77.60651,+91 95380 77777,3
Ray & Ray Restaurant,        ,   ,12.94966,77.70179,+91 78290 92541,5
Ghar Ka Zaika,        ,   ,12.8961,77.58181,+91 80 4224 4881,4
Goli Vada Pav No.1,        ,   ,12.98991,77.6632,+91 98868 58953,4
ASHA SWEET CENTER - Magadi Road,Indian Fast Food Street Food      ,   ,12.98307,77.53073,+91 80 4205 7150,4.5
Cuppa Bistro,Pizza Cafe       ,   ,12.91706,77.63106,+91 80 4097 6113,4
Vyanjan,Chinese        ,   ,12.8437,77.65381,+91 80 3248 9796,4
Orange Country,        ,   ,12.98091,77.61058,65584242,5
Annapoorna Restaurant,        ,   ,12.95917,77.65751,+91 99169 98864,3.5
Parimala Sweets,        ,   ,12.92884,77.58361,+91 80 4153 7786,4
Srinidhi Sagar,Chinese        ,   ,12.92091,77.66485,+91 98451 44904,4
Bhavani Sri Upahara,Indian        ,   ,12.9708,77.66591,+91 72596 66155,3.5
Devi Ice Land,        ,   ,13.00774,77.59387,+91 90363 07185,4
Lychees Restaurant,        ,   ,13.00188,77.59574,+91 80 4128 9669,4
Polar Bear,        ,   ,12.85852,77.64618,+91 97406 08165,4.5
The Bakery World,        ,   ,12.953,77.57748,+91 80 4093 7384,3
Polar Bear,        ,   ,12.9938,77.5715,+91 80 2331 9977,4.5
Chipped Cup Cafe,Italian Fast Food European      ,   ,12.978979,77.64058,+91 99005 02082,
Taste Of Rampur,        ,   ,12.92984,77.58361,42156000,2.5
Nana&#39;s Cafe,        ,   ,13.070601,77.791855,,5
Krishna Punjabi Restaurant,        ,   ,12.97323,77.75663,+91 99016 59900,4
Ammis Biryani,Indian        ,Vegetarian Friendly Halal  ,12.96864,77.70157,+91 80 3945 7777,3
Barbeque Nation,Barbecue        ,   ,12.84915,77.67292,+91 80 6480 6060,5
Avanti Indian Barbeque & Grill,Indian Barbecue       ,   ,12.95644,77.64148,+91 80666 66555,4
Hotel Royal Durbar Restaurant,        ,   ,12.9753,77.62202,+91 80 2571 2882,3.5
Ragoos Restaurant,        ,   ,12.9463,77.57373,+91 80 2676 2888,2.5
The Euro Kitchen,        ,   ,12.91246,77.64996,+91 80 6888 8050,2.5
F V Sagar Veg,Cafe        ,Vegetarian Friendly   ,13.00453,77.54787,+91 90080 99071,4
New Shanthi Sagar,Cafe        ,Vegetarian Friendly   ,12.9776,77.54165,+91 98456 97407,4
Bunt's Biriyani Paradise,Chinese Seafood       ,   ,12.94089,77.5523,+91 80 2669 7231,5
The Patio,Chinese Fast Food       ,   ,13.03883,77.59418,+91 98865 89842,5
Dum Biryaani Corner,Fast Food        ,   ,12.97805,77.63611,+91 80 2211 4467,4
Polar Bear,        ,   ,13.04898,77.60156,+91 98451 56331,4.5
Pavithra Paradise,        ,   ,12.98558,77.54282,+91 80 4128 7200,2
Khan Saheb Grills & Rolls,Chinese Barbecue Asian      ,   ,12.99802,77.60908,+91 77600 73333,4
Moplah's,Indian Cafe Seafood      ,   ,12.94047,77.62596,+91 88679 19837,4
Krishna Cake Palace,        ,   ,13.05069,77.50781,+91 94480 70794,4
Costal Mama,Seafood        ,   ,12.86257,77.57452,+91 80 4173 3334,4
Copper Chimney,Indian Healthy       ,   ,12.995802,77.696396,,3
Abhishek Bakery & Sweets,        ,   ,13.04956,77.61184,+91 96208 69683,5
Tasty Paradise,Chinese        ,   ,12.99002,77.57286,+91 80 4370 6070,4.5
Big Straw,Cafe        ,   ,12.92312,77.6145,+91 80 4224 8555,4.5
Thunder Fried Chicken Restaurant,        ,   ,13.00686,77.59629,+91 80 2290 7009,4
Papa John's Pizza,Italian Pizza Fast Food      ,   ,12.991775,77.5709,,3.5
Rayaru's Kitchen,Indian        ,   ,12.972595,77.637825,+91 80 2525 9414,4
Paradise Food Court,        ,   ,12.91138,77.58888,+91 80 6900 1678,4.5
Agarwal Sweets & Condiments,        ,   ,12.95389,77.56755,+91 97414 14356,4.5
Kake Da Dhaba,        ,   ,12.97427,77.6229,+91 91648 80137,4.5
Hyderabad Chefs,        ,   ,12.94295,77.52582,+91 80 4965 3058,4.5
Sreeraj Lassi Bar,        ,   ,12.92893,77.59478,+91 80 4219 8037,4.5
Empire Restaurant,Indian        ,   ,12.92798,77.60047,+91 80 4120 5885,3.5
Banashankari Donne Biriyani,        ,   ,13.01701,77.70459,+91 87224 45555,4
Swaad Bagicha,Chinese        ,   ,12.92801,77.67657,+91 99167 29127,5
Sweet Chariot,        ,   ,12.92814,77.58985,+91 80 4121 0302,4
Haut Koko,Cafe        ,   ,13.0266,77.57986,+91 99800 45131,4.5
Eatery,        ,   ,12.93579,77.60798,+91 97435 24748,4.5
Spicy House,Chinese        ,   ,12.95126,77.69789,+91 80 4206 2895,4
Falafel Factory,Lebanese Mediterranean Turkish Middle Eastern Arabic    ,   ,13.01525,77.63933,+91 78290 89966,3
Papa John's Pizza,Pizza Fast Food       ,   ,13.040768,77.51655,+91 98441 40291,4
An Elegant Elephant,Indian        ,   ,12.93441,77.62984,,3.5
Aarya,International        ,   ,13.00885,77.55446,42671166,3
La Vie en Rose,        ,   ,12.97459,77.61004,+91 90089 32107,4
Domino's Pizza,Pizza        ,   ,12.99654,77.65715,+91 80 6546 7758,4
Casa Fresco,Italian American Cafe      ,   ,12.919451,77.64874,+91 95386 12243,
Cafe Coffee Day,Cafe        ,   ,12.90626,77.59003,+91 93418 34655,3
Dande's Hyderabadi Biryani,        ,   ,12.90569,77.62995,+91 80 4166 7966,4
Tahini And Toum,Lebanese Mediterranean Turkish Middle Eastern     ,   ,12.97194,77.59369,+91 99013 44546,
Thai House,Thai        ,   ,12.98121,77.64079,+91 80 4865 8489,3.5
Tattva Cafe,        ,   ,12.92669,77.63353,+91 99000 38175,3.5
Tapout tavern,Italian Chinese Indian      ,   ,12.913822,77.66647,+91 80 4370 3344,3
Mystique Palate,Italian Chinese Fast Food Asian Tibetan    ,   ,12.959011,77.71406,+91 93535 03371,5
Meghanas Donne Biriyani,Japanese        ,   ,12.87923,77.59838,+91 81474 66686,4.5
Keerthi Bakery & Sweets,        ,   ,12.95529,77.5375,+91 81237 95123,4
Delicatessen,Cafe Deli       ,   ,12.9496,77.74523,,4.5
Beijing Bites,Chinese Thai       ,   ,12.98392,77.72893,+91 80 4111 4588,4
New Punjabi Green Restaurant,Chinese Indian       ,   ,12.96036,77.64439,+91 80 2527 1009,3.5
Brigade Gardens,        ,   ,12.96663,77.60657,+91 80 4153 9856,3
Sri Sai Bhavan,Indian        ,   ,12.95739,77.71455,,4
Melt,Chinese Indian       ,   ,12.899648,77.59484,+91 80 4965 3539,3.5
Calcutta Chaat,        ,   ,12.95917,77.65751,,3
Parimala Sweets,        ,   ,12.93915,77.56924,+91 97380 13202,3
Cake Of The Day,        ,   ,12.92932,77.55286,+91 80 2297 7725,4.5
Happy Belly Bakes,Cafe        ,   ,12.967553,77.59998,+91 80 4865 4072,5
Cookie Man,Cafe        ,   ,12.93579,77.60798,+91 80 2206 7766,3.5
Udupi Veg Hotel Restaurant,Indian        ,   ,13.01541,77.70135,+91 94485 74040,3.5
Suhk Sagar,Fast Food        ,Vegetarian Friendly   ,12.93435,77.62362,+91 80 2553 8888,3.5
Just Bake,        ,   ,12.84511,77.65975,+91 80 2852 8192,4.5
Mangrove,American        ,   ,13.01153,77.64649,+91 80 2545 0306,4.5
Ande Ka Funda,Fast Food        ,   ,12.93611,77.57292,+91 85531 26419,4
Taste It Sarovara,Chinese        ,   ,12.8952,77.58168,+91 80 4160 2718,4
Smoke de Burger,        ,   ,12.93399,77.61646,+91 95910 66373,5
Biryani Corner,        ,   ,12.99412,77.72247,+91 88928 35009,5
Andaaz Apnaa Apnaa,Cafe        ,   ,12.95961,77.63685,+91 97324 44650,4
The Mask,International        ,   ,12.90633,77.58137,+91 99000 10540,4
Hotel Ruchipriya Restaurant,        ,   ,12.95523,77.58686,+91 80 2224 7073,5
Punjabi Times,        ,   ,13.04265,77.5501,+91 80 4121 4121,4
Baskin-Robbins,        ,   ,12.97097,77.60848,+91 96201 02426,4
New Zealand Natural,        ,   ,13.01465,77.48791,,4
Mayura Family Restaurant,Chinese        ,   ,12.82045,77.67668,+91 95359 78088,4.5
L J Bakery,Indian        ,   ,12.9535,77.58119,+91 98459 78820,4
Verve,Mediterranean European       ,   ,12.98093,77.61021,+91 80 2558 4242,3.5
Foodies Express,Chinese        ,   ,12.94062,77.57289,+91 78293 44344,4
Sitara,        ,   ,13.02668,77.53523,,4
Pathaan Saheb,Fast Food        ,   ,12.88585,77.60239,+91 97417 14444,4.5
Pelican Pub,        ,   ,12.93792,77.69962,+91 80 4225 5577,
Butter Side Up,        ,   ,12.93733,77.68614,+91 90087 44558,4
Chai Point,Cafe Fast Food       ,   ,12.93343,77.63611,+91 80 4513 3540,4
Daily Bread,Cafe        ,   ,12.97678,77.61952,+91 80 6452 6669,3.5
Felix Alter Ego,American Bar Pub      ,   ,12.973432,77.62042,+91 80 2208 6644,
Swensen's,        ,   ,12.98425,77.73368,+91 80 2802 6546,4.5
Hyderabad Deccan Paradise,Chinese        ,   ,12.93859,77.62972,+91 93414 06651,3.5
Pizza Corner,Pizza        ,   ,12.96381,77.7177,+91 80 2593 9306,5
Sri Thirumala Delux Family Restaurant,        ,   ,13.05241,77.59341,,4
29 Degrees North,Indian Fast Food       ,   ,13.013796,77.660385,+91 80 2542 2929,4
Obsidian Sports and Music Bar,International        ,   ,13.02725,77.57176,+91 80 4300 1000,4
Rahmania Hotel Restaurant,        ,   ,12.9887,77.60261,,3.5
Sri Brahmalingeshwara Condiments,        ,   ,12.9346,77.6121,+91 96117 38375,4.5
Cuppa,Healthy        ,   ,12.92631,77.60223,+91 80 4209 3728,5
Five Element Eatery,        ,   ,13.00146,77.59939,32904513,3.5
Hotel Ruchi Priya Restaurant,        ,   ,12.95104,77.60882,22247073,4.5
Kolkata Famous Kathi Rolls,        ,   ,12.93925,77.56924,+91 88927 82739,3.5
Barbeque Nation,Indian Seafood Barbecue Grill     ,   ,13.02375,77.6342,+91 80 6902 8722,2.5
Paradise,Indian        ,   ,12.98433,77.74155,,4
Vasudev Adiga's,        ,   ,12.84498,77.66555,+91 80 4092 7272,4.5
Indira Darshini,        ,   ,12.98206,77.59917,+91 80 2286 3591,4
Dillii Darbar,Indian        ,   ,12.98289,77.73364,+91 96205 37342,4.5
Polar Bear,        ,   ,12.91873,77.51217,+91 80 2860 1608,3.5
Shetty Lunch Home,        ,   ,12.920323,77.58371,+91 99868 96336,4
Beijing Bites,Chinese Thai       ,   ,12.99697,77.61422,+91 80 4125 1616,3
Sheeshkebab,Middle Eastern Persian       ,   ,13.000378,77.6168,+91 80 2580 2222,
Trishna,Indian Asian       ,   ,13.01253,77.65028,9.18E+13,4
South Bound Pub,        ,   ,12.97548,77.53333,,5
New Kohinoor Hotel Restaurant,Indian        ,   ,12.9688,77.58095,+91 80 2558 6723,4
Soho Cafe,        ,   ,12.97613,77.60127,+91 80 4022 2999,4
Biriyani Paradise,Chinese        ,   ,13.01344,77.63554,+91 80 2543 5888,4
Adda 1522,        ,   ,12.972649,77.62672,+91 99166 61522,5
Connexions Bar,        ,   ,12.84483,77.67889,+91 80 3985 4710,4.5
Meat and Eat,Steakhouse        ,   ,12.86058,77.66098,+91 95382 70693,3.5
Cremee,        ,   ,12.97738,77.65945,(+91) 80252419260,4
Vanas,Indian        ,   ,13.020824,77.63421,+91 80 4302 1217,4
Rolls on Wheels,Fast Food        ,   ,12.93999,77.55347,+91 80 2671 6848,4
Varenyam,        ,   ,12.84538,77.66575,+91 98458 73455,3.5
The Pizza Bakery,Italian Pizza European Neapolitan Campania Southern-Italian   ,   ,12.933443,77.61474,+91 77604 62288,
Au Bon Pain,        ,   ,12.9938,77.5715,+91 80 2266 7435,5
Burger Man,Fast Food        ,   ,12.90376,77.63114,+91 95355 17487,3.5
Lit Gastropub,Bar Pub Gastropub      ,   ,12.91842,77.58361,+91 98455 88771,3
Vegan Vogue,American Cafe European Central European Central Asian    ,   ,12.962484,77.588455,,
Hotel Nattinpuram,Indian        ,   ,12.973724,77.69405,+91 99959 20187,5
Flamenco,Italian American Cafe Fast Food     ,   ,13.00689,77.54302,+91 96202 67307,3.5
Chandana Biryani,Indian        ,   ,12.92215,77.6497,+91 97401 43801,4
Jashn,Asian        ,   ,12.92688,77.50144,+91 80 4512 8713,3
Sri Ganesh Upahara Veg,        ,   ,13.00602,77.53669,+91 81052 31425,4
The Chameleon Corner Bar,Indian Bar Pub      ,   ,12.81545,77.68976,+91 98458 73455,4
Durgamba Veg Meals,        ,   ,12.97768,77.74289,41163056,5
Go Pub,Pub        ,   ,12.90566,77.5077,+91 78996 83273,3
New Shanti Sagar,Indian        ,   ,13.014,77.54408,+91 80 2362 3588,3.5
Mangalore Lunch Home,Chinese Seafood       ,   ,13.01257,77.59586,+91 95910 06708,4
Subway,        ,   ,12.96381,77.7177,+91 80 2593 9393,3.5
Domino's Pizza,Pizza        ,   ,13.02134,77.51643,,4.5
Nostradamus Bar & Lounge,Chinese International       ,   ,12.99038,77.59003,+91 80 3988 4422,4.5
Pizza Hut,Italian Pizza Fast Food      ,   ,12.9563,77.56746,+91 80 3377 3300,3
Imperial Restaurant,Chinese Indian       ,   ,12.94083,77.63107,+91 80 2563 3136,4
Rahham's International,Chinese Indian       ,   ,12.985077,77.596535,+91 80 2220 8700,3.5
Eat 'N' Meet,Chinese        ,   ,12.85407,77.64387,+91 90084 44844,4.5
Elephant's High Cafe,Indian        ,   ,13.069779,77.46593,+91 98450 67548,1
Hotel Regency Park Restaurant,Chinese        ,   ,13.02279,77.63723,+91 80 4173 2143,3
Sri Ganesh Juice Junction,        ,   ,12.94341,77.61948,+91 95912 74301,4
Morf The Pub,American Bar Barbecue Asian Pub Beer restaurants   ,   ,12.934256,77.61012,+91 96639 95220,
Sri Venkateshwara Sweets & Chats,        ,   ,13.02714,77.55833,+91 94489 37183,4.5
Hotel Athithi Grand Restaurant,Chinese        ,   ,12.87591,77.54398,+91 80 2686 0102,3.5
Dakshin Tiffin Center,Seafood        ,   ,12.91418,77.62533,+91 99001 62288,5
Chow San Chinese and Thai Restaurant,Chinese Asian Thai      ,   ,12.88919,77.60229,+91 80664 99766,4.5
Adaa,Indian        ,   ,12.98574,77.5072,,3.5
Juice Junction Food Court,Indian Cafe       ,Vegetarian Friendly   ,12.94377,77.56788,+91 99862 82260,3.5
Kanti Sweets,Cafe        ,   ,13.02727,77.63481,+91 80 4161 2044,5
Bharani Sweets,        ,   ,12.95917,77.65751,+91 93437 58398,4
Blue Fin Seafood,Seafood        ,   ,12.97097,77.60848,+91 98802 45744,5
Cafe Zubaan,Lebanese Mediterranean Turkish Middle Eastern Arabic    ,   ,12.940248,77.624146,+91 77600 40004,
Atithi Grand Veg Hotel,        ,   ,12.87972,77.76087,,3.5
Calicut Restaurant,Chinese        ,   ,13.03022,77.55962,+91 80 2360 3360,3.5
Sweet Moments,Indian        ,   ,13.01333,77.6355,+91 98444 95862,5
Smoor Kamanahalli,Italian Chinese Belgian Cafe European Asian   ,   ,12.962484,77.588455,+91 95350 59858,5
Just Bake,        ,   ,13.01296,77.64785,+91 80 4161 4026,4
Bake Land,        ,   ,12.92119,77.60548,+91 80 2590 3403,4
Sakhi Bar & Restaurant,        ,   ,12.91175,77.56718,+91 80 2237 4618,4
Restaurant at Hotel New Shanti Sagar,        ,   ,12.97457,77.57763,22265766,4
Egg Clasico,French Japanese British Eastern European     ,   ,13.016313,77.67848,+91 94008 27374,
My Bar,Barbecue        ,   ,13.01495,77.6591,+91 80 4091 0013,4
Taste Of Tibetr Restaurant,        ,   ,12.93206,77.58397,40365000,4
Dine @ 9 Parata Corner,Chinese        ,   ,12.97815,77.63664,+91 99163 97087,3
Ashish Food,        ,   ,12.9337,77.56821,+91 78295 55999,4
New Shanthi Sagar,        ,   ,12.956205,77.53253,22440505,3
Eatapita,Lebanese Pizza Mediterranean Turkish Greek Middle Eastern   ,   ,13.01511,77.63217,+91 80 6050 6020,
Vikings,Indian Brew Pub Pizza Pub     ,   ,12.97408,77.53556,23467992,3
Subway,Fast Food        ,   ,12.92091,77.66485,+91 80 3244 5444,4
Komala Sweets,        ,   ,12.99107,77.61414,+91 98456 29404,5
Papa John's Pizza,Italian Pizza Fast Food      ,   ,12.837778,77.65522,,3.5
Sri Ganesh Bavana,Indian        ,   ,13.00528,77.70836,+91 98451 65263,4.5
Chocolate Junction,        ,   ,12.98339,77.61682,+91 80 2555 5195,3.5
New Shanthi Sagar,        ,   ,13.10035,77.59545,+91 80 2349 5453,4
Rangla Punjab,Indian        ,   ,12.92466,77.48516,+91 88848 68470,3.5
Jumboking,Cafe        ,   ,12.91047,77.60998,+91 80 4163 3599,4.5
Hotel Savitha Family Restaurant,        ,   ,12.93435,77.62977,+91 80 2550 5786,4.5
Equinox,        ,   ,12.92091,77.66485,+91 80676 56565,4
Flavors Ice Cream,        ,   ,12.97413,77.62374,+91 80661 41160,4.5
The Cake Tin,        ,   ,12.93625,77.61332,+91 97405 88110,4.5
Annapoorni,        ,   ,12.9704,77.64634,+91 80 4203 6008,3.5
Kartik's Mithai Shoppe,        ,   ,12.98352,77.75467,+91 80 4168 4166,4
The Bicycle Cafe,Italian American International British     ,   ,13.04015,77.59959,+91 98864 11099,4
Nalukettu,Indian Seafood       ,   ,13.00769,77.63433,+91 99004 20120,3
WhollyPita,African Barbecue Canadian Latvian Eastern European Armenian   ,   ,12.93713,77.62129,+91 96209 11234,
Gyaani Da Punjabi Dhaba,Indian        ,   ,12.93629,77.61645,+91 96864 07198,3.5
Cafe Coffee Day,        ,   ,12.91651,77.64011,+91 80 6531 2591,4
Grab Eat,        ,   ,12.93629,77.61678,+91 80 4094 4009,3.5
Cakes & Coffee,Cafe Soups       ,   ,12.90393,77.56201,+91 94482 17763,3
Coasta Bay,Indian Seafood       ,   ,12.99371,77.70238,+91 99401 01089,3.5
Kobe Sizzlers,American Steakhouse Seafood Barbecue Eastern European South American   ,   ,13.04135,77.61885,+91 80500 01657,1
Hot Wok Restaurant,Chinese        ,   ,12.97963,77.64079,+91 80 2521 1347,3.5
Toscano,Italian        ,   ,12.989536,77.7281,+91 76193 20579,
Domino's Pizza,Italian Pizza       ,   ,12.93801,77.56155,,3.5
Baskin-Robbins,        ,   ,12.9241,77.56408,+91 80 4215 1032,4.5
KFC,American Fast Food       ,   ,13.01081,77.69198,+91 80 4219 8198,4
Howrah Bridge,Seafood        ,   ,12.95584,77.7155,+91 98865 60881,3.5
Amber Rush,Pub        ,   ,12.96838,77.60101,+91 95388 92287,3.5
Beijing Bites,Chinese Thai       ,   ,12.848735,77.6576,+91 80 4953 5288,3
Japan Travel Cafe Azuki,        ,   ,13.02809,77.53775,+91 70222 51016,3.5
Inchara Family Restaurant,Chinese        ,   ,13.01532,77.66194,+91 80 4093 7198,3.5
BG's,        ,   ,12.92437,77.6737,+91 8071 203 040,4.5
T-Time Lounge,Chinese Cafe       ,   ,12.91889,77.59777,+91 95352 54890,4
Qwiky's Coffee,Pub        ,   ,12.93916,77.62566,+91 80 4121 7849,4
P.V.R. Bar and Restaurant,        ,   ,12.8988,77.62658,+91 98866 31581,3
Veruthe Oru Thattukada,Indian Seafood       ,   ,12.85946,77.5684,+91 99866 88666,3.5
Chettinad Food Paradise,Indian        ,   ,12.98377,77.6923,+91 81055 18125,4.5
Kahani Taste Ki,Asian        ,   ,12.97194,77.59369,+91 99457 87330,3
Malabar Plaza,        ,   ,12.90376,77.63114,+91 94812 36150,4
Petoo,Indian        ,Vegetarian Friendly   ,12.89139,77.60764,+91 98450 08658,3
Mayu Restaurant,        ,   ,13.04851,77.52356,+91 80 2839 0886,4
New Shanthi Sagar,Cafe        ,Vegetarian Friendly   ,12.90869,77.61038,+91 80 2668 2939,5
Curries & Pickles,        ,   ,12.95245,77.70054,,4.5
Bold,        ,   ,12.951708,77.6995,+91 80 2523 0288,3
Marination,Chinese Indian Fusion      ,   ,12.941377,77.69675,+91 99802 82900,4
Sapthagiri's Naidu Eating Point,        ,   ,12.99443,77.61666,+91 80 2598 0721,5
Ambarsaria,        ,   ,12.97063,77.51111,+91 97392 78738,5
Kanti Sweets,        ,   ,12.97826,77.63913,+91 80 2296 0604,4
Sri Maruthi Stores,        ,   ,12.90882,77.57287,+91 80 2691 0126,4
Punjab-E-Xpress,Chinese Indian       ,   ,12.98416,77.60715,+91 96865 48189,4
Chowmein,Chinese Indian Thai      ,   ,13.03636,77.56653,+91 70909 25145,3
Dugout Sports Bar,        ,   ,12.93327,77.61509,+91 80 4200 0620,3
New Udupi Nalapaka,Indian        ,   ,12.94037,77.57401,,
Cafe Coffee Day,        ,   ,12.91833,77.57364,+91 93437 12974,4
Chandu Dhaba,Chinese        ,   ,13.06133,77.58585,+91 81233 45788,4.5
Barbees Restaurant,        ,   ,12.999805,77.71986,+91 80666 57272,5
Portabella Restautrant,European        ,   ,12.99668,77.5452,40401313,4
Sri Ganesh Bombay Vada Pav Corner,Indian        ,   ,12.98512,77.57509,+91 90192 33530,4.5
Funky Punjab,Indian        ,   ,12.89927,77.59078,+91 77606 86868,3.5
Gunpowder,Asian        ,   ,12.93629,77.61678,+91 74062 96387,3.5
Greasy Spoon,American        ,   ,12.91749,77.61455,+91 90080 07155,4.5
Paratha Point,        ,   ,13.01912,77.70436,+91 88803 80304,5
Chichabas Taj,        ,   ,13.000359,77.617355,+91 78996 77677,4
Blue Bell Sweets,        ,   ,12.97623,77.60187,+91 80 2221 1421,4.5
Parika Sea Food Multi Cuisine Fine Dine,Seafood Asian       ,   ,13.00198,77.69924,66492519,3
Cafe Coffee Day,        ,   ,12.92669,77.63353,+91 92436 08411,4
Shanthi Sagar Veg,        ,   ,12.95624,77.69438,25237845,4
Nando's Sarjapur Road,European Grill Healthy Portuguese     ,   ,12.924198,77.62888,1.07E+11,
California Burrito,Mexican American Cafe      ,   ,12.94818,77.6796,+91 80 3951 5101,4
Five Star Chicken,Fast Food        ,   ,12.89489,77.59938,+91 95384 94895,4
KFC,American        ,   ,12.92091,77.66485,+91 80 4094 6333,3.5
Au Bon Pain,        ,   ,13.02152,77.54603,+91 80 2337 0446,3.5
Malnad Spicy,Indian Asian       ,   ,12.950656,77.69957,,4
Green Chillies,        ,   ,12.86932,77.58154,+91 80 4091 9901,3
Zayakedar,        ,   ,12.92194,77.6761,+91 73538 73568,4
Shree Mithai,        ,   ,12.90626,77.59003,+91 80 2572 7337,3.5
Chai Point,        ,   ,12.98392,77.72893,+91 92431 50001,4
Parotta Kadai,        ,   ,12.845661,77.65902,+91 97316 12301,3
Ujjwala Bat & Restaurant,Caribbean        ,   ,13.02993,77.5595,+91 90089 18789,3
Eat Eroo,Chinese        ,   ,12.95512,77.50186,+91 95355 80789,4
Calcutta Chats,        ,   ,12.9682,77.60067,+91 97402 92604,4
Ivory Spice,Thai        ,   ,12.97755,77.73793,+91 80 2845 4433,5
Nandhini Fine Family Dining,Seafood        ,   ,12.91975,77.59439,+91 99452 37019,4
Elements Restaurant,        ,   ,12.98416,77.53275,+91 80 4032 4032,3.5
Sri Asha Fruit Juice Centre,        ,   ,12.9712,77.57401,+91 99004 53622,4.5
The Gobi Parota Express,Chinese        ,   ,13.00569,77.57187,+91 98450 05433,4
Biryani Place,        ,   ,13.03476,77.5681,+91 99801 15568,4.5
Rayaan's Restaurant,Chinese        ,   ,12.90726,77.63803,+91 80 2258 0454,4
Chefs Bank,Chinese        ,   ,13.02328,77.5629,+91 80 4259 5959,4
Matka Pir's Chote Nawab,Fast Food        ,   ,12.96627,77.71648,+91 80 4201 3422,5
Kanti Sweets,        ,   ,12.96743,77.71623,+91 80 4205 5544,3.5
Srinidhi Sagar,        ,   ,12.97815,77.63664,+91 80 2535 4689,4
Mcdonald's,American Fast Food       ,   ,12.99298,77.66053,+91 96201 71132,3.5
Mars Chicken Delight,Chinese        ,   ,12.92669,77.63353,+91 80 4110 2425,4
KC Das - Sweet Paradise,        ,   ,13.02295,77.53417,+91 97407 36386,4
Seasons Sea Food & Arabian Restaurant,Chinese Asian Middle Eastern      ,Vegetarian Friendly Halal  ,12.88919,77.60229,+91 74111 15522,3
Slv,Indian        ,   ,12.87954,77.60573,,3.5
The French Loaf,French        ,   ,12.97815,77.63664,+91 80 3221 1853,4
Fish Land,        ,   ,13.02777,77.58598,+91 78295 09362,5
Sree Krishna Sagar Greens,Cafe        ,Vegetarian Friendly   ,12.91056,77.62691,+91 80 4170 9662,3.5
SLV Refreshments,        ,   ,12.90133,77.56033,+91 94804 30552,4.5
Madhushala,Chinese Indian International Contemporary NorthEastern Chinese    ,   ,12.97353,77.62281,+91 80 3014 8500,3.5
Hind Ka Chulah,Indian        ,   ,12.87555,77.59221,+91 96864 34617,2.5
Sri Bhavani Bar & Restaurant,        ,   ,12.97342,77.57283,+91 80 2287 3008,4.5
Noodle Noodle,Chinese        ,   ,12.92226,77.65152,+91 96862 23357,3.5
Shiva's Kabab Corner,Chinese Indian Arabic      ,   ,13.06352,77.58549,+91 80 6598 5069,4
Punjabi Mess,Indian        ,   ,12.89948,77.58522,,4.5
Cheta Sagar,Indian        ,   ,12.93629,77.61678,+91 90362 32116,4.5
Food Ras,Chinese Japanese Indian European Thai    ,   ,12.841502,77.644966,+91 81050 72397,3
Namdhari's Salad & Bar,        ,   ,13.09957,77.57891,+91 80 4204 4187,4.5
Cafe At Saanchi,Middle Eastern Persian       ,   ,12.962484,77.588455,,
Baskin-Robbins,        ,   ,12.93278,77.58614,+91 80 4146 0715,4
Shanthi Sagar Restaurant,Indian Cafe       ,   ,13.02725,77.57176,+91 94481 80905,3.5
OJ Japanese Restaurant,Japanese        ,   ,13.01949,77.70823,+91 80 4190 3000,4.5
Polar Bear,        ,   ,12.98464,77.5371,+91 80 2351 9466,3.5
Lakshmi Fast Food,Fast Food        ,   ,12.92189,77.61909,+91 90354 47132,4
Royal Lush,Chinese        ,   ,12.910851,77.6848,+91 96866 66551,3
The French Loaf,French        ,   ,12.91644,77.61408,+91 80 3248 9798,4
Chaitanya Bar & Restaurant,        ,   ,12.96294,77.64171,+91 80669 52442,4
Barista Lavazza,        ,   ,12.949098,77.64399,+91 80 3201 8861,4
Shree Saraswathi Sweets Centre,        ,   ,12.93546,77.61556,(+91) 80 412171790,4
California Burrito,Mexican        ,   ,12.88471,77.5965,+91 80 3951 5101,4
Chai Point,        ,   ,12.97338,77.62846,+91 88924 23234,4
Domino's Pizza,Pizza        ,   ,12.97765,77.74307,+91 80 2841 9555,3
The French Loaf,French        ,   ,12.91191,77.54834,+91 80 3248 0810,5
The Panda House,        ,   ,12.95963,77.58321,+91 80 2670 1494,5
Santhanam Sweets & Savouries,Japanese        ,   ,12.98357,77.60866,+91 80 2554 1268,4
Pop'Z Kitchen,        ,   ,12.96657,77.6007,+91 99029 27708,4
Cane & Corn Point,        ,   ,12.91951,77.66766,+91 81058 20208,4
Chai Chowk,Chinese        ,   ,12.93981,77.61814,+91 80 4219 7999,3.5
Food Station,Indian        ,   ,12.99866,77.56547,+91 99165 83329,4.5
Pizza Hut,Pizza        ,   ,13.04898,77.60156,+91 80666 99000,4
The Diner Restobar,Italian American Indian Asian     ,   ,12.984328,77.73369,+91 98455 78155,
Swaadam Veg,Healthy        ,   ,12.92651,77.61688,+91 80 4999 4999,4
Amma's Pastries,        ,   ,12.98743,77.61873,+91 80 2557 0666,3.5
Grazers,        ,   ,12.932826,77.58365,+91 80 2665 0668,5
Ayodhya Aahar,        ,   ,13.03065,77.57424,+91 90084 20710,4
Litti House,Indian        ,   ,12.97043,77.71237,+91 90355 31777,5
Sri Rajalakshmi Sweets,Indian        ,   ,13.01397,77.68073,+91 80 2540 0736,4
Chicken County,Indian        ,   ,12.97546,77.57559,+91 81528 84000,4
Prince Paradise Restaurant,Italian Chinese Indian International     ,   ,12.90119,77.65527,+91 95356 19733,4
Arunachala Ambur Briyani,        ,   ,12.94966,77.70179,+91 80950 61381,4
L.J. Iyengars Cakes 'N' Cookies,        ,   ,12.99605,77.55371,+91 89510 32030,4.5
Konark Family Restaurant,Indian        ,   ,12.90731,77.60463,+91 99453 51302,2
Papa John's Pizza,Italian Pizza Fast Food      ,   ,12.99763,77.54759,+91 1800 3010 7272,3.5
Om Ganesh Fruit Juice Centre,Indian        ,   ,12.97425,77.62397,+91 97387 66224,4.5
Mast Kalandar,        ,   ,12.88968,77.60087,+91 80 4219 2828,4.5
Just Bake,        ,   ,12.98835,77.57713,+91 96320 77822,4
Delhi Walle,Indian        ,   ,12.98425,77.74919,+91 98456 23510,3
New Refreshment,        ,   ,12.9833,77.5833,28374580,4
Club 9,Thai        ,   ,12.97505,77.59981,+91 99641 71715,3
Sweet Chariot,Cafe        ,   ,12.95973,77.64608,+91 80 4112 3566,3.5
F4U,        ,   ,12.90971,77.47179,,4
Navrang Kabab Korner,        ,   ,12.98862,77.5593,+91 80673 31000,4
Food and You,        ,   ,12.93399,77.61646,+91 98863 60205,4
Japan Travel Cafe Azuki,        ,   ,12.96667,77.59898,+91 70222 51016,5
McDonald's,American        ,   ,12.87489,77.63536,+91 80660 00666,4
Checkered Bar,        ,   ,12.98965,77.71858,+91 80 4198 5555,4
Goli Vada Pav No. 1,Fast Food        ,   ,13.00518,77.70292,+91 74112 32841,3.5
Paratha Plaza,        ,   ,12.90924,77.63911,+91 82773 89460,3.5
Chandu's Delux,        ,   ,12.99923,77.57287,+91 80 2346 5257,4
Chaiffee Cafe,Indian        ,   ,13.047682,77.576164,+91 95604 13448,4
Cheff Inn Regency Restaurant,Indian        ,   ,12.95691,77.64148,25358393,5
Gurukrupa Darshani,        ,   ,12.97465,77.6246,+91 99450 06372,4
New Krishna Sagar,        ,   ,13.01088,77.64293,+91 98452 81407,4.5
Cafe Oz,International        ,   ,13.06645,77.53234,,3.5
Shilpa Tiffin Center,Seafood Fast Food       ,   ,13.10246,77.60483,+91 97391 60239,4
Anmol Raj Thall,        ,   ,12.99292,77.59112,+91 77604 64521,5
Dynasty Family Restaurant,Chinese        ,   ,12.95639,77.59233,+91 80 2224 8656,4
JamayCafe,Cafe        ,   ,13.02857,77.65225,+91 80 6532 6666,5
Domino's Pizza,Pizza        ,   ,12.94088,77.68622,+91 80 2363 4000,3.5
Hotel Janatha Veg Restaurant,Cafe        ,Vegetarian Friendly   ,12.9833,77.5833,+91 88812 35822,4
Goli Vada Pav No. 1,Fast Food        ,   ,12.94753,77.59741,+91 81840 38001,4
Chaayos,Indian        ,   ,12.98392,77.72893,+91 96061 29955,4
Raichur Biryani House,        ,   ,12.97402,77.62361,+91 97318 79242,4
Hotel Gurudarshan Restaurant,        ,   ,12.93974,77.5734,,3
Bruhaniya Pure From Nature,Fast Food        ,   ,12.90376,77.63114,+91 95358 79557,4
Best Friends Fast Food & Snacks,Fast Food        ,   ,12.94966,77.70179,+91 81237 36358,5
Udipi Malini Grand,Indian        ,   ,12.962484,77.588455,,5
Five Star Cafe,Fast Food        ,   ,12.97623,77.60187,+91 80 2224 5222,3.5
Ambur Dum Birayan,        ,   ,12.92923,77.63471,+91 97393 74751,4
Cholas,        ,   ,12.97815,77.63664,+91 80 4095 5665,4
Kanti Sweets,        ,   ,13.04015,77.59959,+91 80 2271 2674,4
Chinmayee's,Chinese        ,   ,,,+91 80 4130 3062,4
Blytons,Bar Pub       ,   ,13.06352,77.58549,+91 80 4372 1723,3.5
Creamist,        ,   ,12.94011,77.62641,+91 78999 01513,4.5
Beijing Bites,Chinese Thai       ,   ,12.92113,77.66303,+91 80 4093 2488,3.5
KFC,American        ,   ,12.98289,77.73364,+91 80 4188 0000,3.5
Polar Bear Ice Cream,        ,   ,12.91462,77.60317,+91 80 4121 1113,3.5
Goli Vada Pav No. 1,Cafe Fast Food       ,   ,12.93629,77.61678,+91 80 6999 9150,4
Delhi Darbar,Chinese        ,   ,12.9783,77.68194,+91 98868 20636,4.5
The Grill House,        ,   ,13.04421,77.63999,+91 76766 29910,3.5
Gramina Thindi,        ,   ,12.9969,77.50749,,4.5
H2O Marathahalli,        ,   ,12.96941,77.70071,+91 80 3022 4000,5
Udupi Krishna Vihar,        ,   ,12.88585,77.60239,+91 80 4090 5050,4.5
Jugni Kitchen & Bar Koramangala,Indian        ,   ,12.936392,77.62135,+91 89712 63741,
The Lounge,International        ,   ,12.9682,77.60067,+91 80 4141 4219,4
Auntie Fung's,        ,   ,13.09768,77.59644,+91 98860 71246,5
Shappu Curry's,Asian Arabic       ,   ,12.962248,77.64468,,3
CC Lounge,Italian Chinese International      ,   ,12.92564,77.61758,+91 80 2206 7188,4
Cuppa Redefined - Ms Ramaiah,American Pizza Cafe International     ,   ,13.030136,77.56332,+91 97394 58077,
Kenzai,Chinese Asian Korean      ,   ,13.027989,77.57294,+91 80 2341 7872,1
Wat Bar,        ,   ,12.95953,77.65049,+91 80 4249 4949,3
Pizza Hut,Pizza        ,   ,12.98289,77.73364,+91 80 2802 6591,3.5
Janardhans,        ,   ,12.98385,77.57826,+91 80 2225 4444,4
Orange Peel,French European Asian      ,   ,12.98287,77.60106,+91 99801 67551,4
The Grill House Indiranagar,Steakhouse        ,   ,12.972432,77.63734,+91 80 3297 2411,
Odia Dine,        ,   ,12.95851,77.65468,,3.5
UpSouth,        ,   ,12.9064,77.57438,+91 80 2563 9345,3.5
Sri Sai Tiffin Centre,Fast Food        ,   ,12.96797,77.57472,+91 99868 09665,4
Kanti Sweets,        ,   ,12.92091,77.66485,+91 80 4092 9390,3.5
Baskin-Robbins,Cafe        ,   ,12.98835,77.57713,+91 96320 77822,4.5
Foodies Junction,        ,   ,12.94623,77.59575,+91 98457 33552,3.5
Bhagini Park,Chinese        ,   ,12.95707,77.73703,+91 80 2845 7171,4.5
Nisarga,        ,   ,12.98464,77.5371,+91 80 2323 8184,4
Juice Up,Fast Food        ,   ,12.92384,77.67577,+91 99027 29157,4.5
Lincoln Gastro Co,Cafe        ,   ,13.03022,77.55962,+91 78299 88887,3.5
Adda Snacks Corner,Fast Food        ,   ,12.93787,77.56669,+91 98869 23744,4
TummyKhush,Indian Cafe       ,   ,13.01563,77.52472,+91 99648 66771,4
Little India Restaurant,Indian        ,   ,12.94604,77.64909,41210153,3.5
Domino's Pizza,Fast Food        ,   ,12.95291,77.65835,+91 80 2523 3391,3.5
The 4th Meal,        ,   ,12.9298,77.51096,+91 76248 93740,4.5
Raj's Cafe,        ,   ,13.06771,77.57309,+91 99866 77599,5
Shetty Lunch Home,Indian        ,   ,13.02945,77.6077,+91 89718 97132,4.5
Aquarium,Seafood        ,   ,13.00079,77.61353,+91 80 4123 8463,3
Cafe Daily Bread,        ,   ,12.91666,77.60643,+91 99006 63000,4.5
Cafe Thulp,Cafe        ,   ,13.01012,77.62744,+91 80 2548 7788,4.5
MALLATHAHALLI CAFE,        ,Vegetarian Friendly   ,12.93945,77.47529,+91 98456 01219,4.5
Dalchini,Indian        ,   ,12.931458,77.685905,+91 73383 43838,4
Roy Hotel & Restaurant,        ,   ,13.0328,77.56953,+91 99164 18086,4.5
Food Trip,Southwestern Asian       ,   ,12.94495,77.54145,+91 99000 73288,4
Koyla,Chinese        ,   ,12.96674,77.60675,22106466,4
Club 99,        ,   ,12.93513,77.61405,,3
Lemon Rice,        ,   ,12.98412,77.61417,+91 97428 62936,4
Chung Wah,        ,   ,13.04172,77.61183,+91 80 2333 9666,3
Spicy Hub,        ,   ,12.91518,77.63591,+91 81053 66669,4.5
Sizzling Szechvan,Chinese Thai       ,   ,12.97988,77.72366,+91 80 4148 8866,3.5
Samrat Bar And Restaurant,        ,   ,13.03881,77.60119,23630507,4
Akshara,Indian Seafood Asian Grill Soups    ,   ,12.98134,77.69372,+91 80 2540 1351,4
Cold Stone Creamery,American        ,   ,12.956675,77.731895,+91 80 4956 9885,5
The Nesara,Chinese        ,   ,13.05183,77.50789,+91 80 2839 7822,4.5
Thalassery Mess,        ,   ,13.0588,77.56509,,4.5
Barleyz - Bbq Garden,        ,   ,12.93653,77.62752,+91 80 4965 2653,4
A2B - Adyar Ananda Bhavan,        ,   ,12.98841,77.61888,,4
The Taj Hotel Restaurant,        ,   ,12.96342,77.58154,+91 80 2233 1186,5
Smoor Koramangala,Chinese Belgian Cafe European Asian Contemporary   ,   ,12.934976,77.613014,+91 95350 59858,3.5
Fairways,Chinese        ,   ,12.797026,77.41377,+91 80 2263 2222,1
Magic Bowl,Chinese Indian       ,   ,12.84946,77.65779,+91 73533 10000,3.5
Yelahanka Country Club,        ,   ,13.06502,77.54414,+91 80 2847 8784,2
Subway,Fast Food        ,   ,12.98166,77.62791,+91 80 4113 3300,4
Sudha Chaat,Indian        ,   ,12.96043,77.60214,,4
Bon Sante,        ,   ,12.97336,77.60626,+91 80 4112 1962,4.5
Kamat Hotel Restaurant,        ,   ,12.97411,77.57444,+91 80 2225 8225,4
Southbound Pub,        ,   ,12.91986,77.64926,,4.5
Raj Darbar,Chinese        ,   ,13.09528,77.59453,+91 80 2846 1788,4
Biryani Bowl,        ,   ,12.9064,77.57438,+91 80 4965 3203,3.5
Au Bon Pain,        ,   ,12.93393,77.58398,+91 80 4153 8841,4
Taaza Mithal,Cafe        ,   ,12.91473,77.58581,+91 80 2297 7704,4
Al Zam Zam Bakery,        ,   ,12.98668,77.60193,+91 99869 20987,4
Thanco's Natural Ice Cream,        ,   ,13.013156,77.64999,+91 72042 78781,4.5
Papa John's Pizza,Italian Pizza Fast Food      ,   ,12.967017,77.72576,+91 1800 3010 7272,3
Thamboola,Indian        ,   ,12.90332,77.53673,+91 98451 54172,5
Straight Up,Bar Pub       ,   ,13.05822,77.67198,+91 80 4965 2814,2
Purani Delhi,        ,   ,12.99387,77.5715,,4.5
Kaati Zone,Fast Food        ,   ,12.97613,77.60127,9.18E+12,3.5
Sunny's Indiranagar,        ,   ,12.9453,77.59795,+91 80 4125 5158,3
Biryani Paradise,        ,   ,13.01374,77.51005,+91 80 6999 9177,4
Sarvar Food Choice,        ,   ,13.04204,77.59709,,4
Cafe Noir,Cafe Deli Diner      ,   ,12.970511,77.645676,,3
Chai Point,Cafe        ,   ,12.92011,77.60403,+91 92431 50001,3.5
Shyamji's Chole Bhature,Indian        ,   ,12.960652,77.604836,+91 97171 72871,2.5
Park 'n' Eat,        ,   ,12.96372,77.57754,26707031,3
Swagruha Andhra Style Restaurant,        ,   ,12.93943,77.6952,64522445,4
Navaneetha Prime Food,Steakhouse        ,   ,13.00719,77.5709,+91 97415 03321,3
US Pizza,        ,   ,12.90669,77.57439,+91 80 4120 9999,5
Iris Cafe,Italian American Irish Fast Food     ,   ,12.911802,77.64279,+91 80 4156 6935,
Chefmaster,Chinese        ,   ,12.91998,77.59702,+91 80 6599 6633,4
Pizza Hut,Pizza        ,   ,13.00923,77.6459,+91 80666 99000,4.5
Marks Grandeur,        ,   ,13.02639,77.49008,+91 80 4357 8900,2.5
Food Zone,Chinese        ,   ,12.94927,77.70248,+91 74112 13747,4
Biriyani Zone,Indian        ,   ,13.010919,77.75988,+91 90193 37711,3.5
Simply Native,Indian        ,   ,12.965018,77.63839,+91 76191 01066,5
Khana Khazana Thali Restaurant,Indian        ,   ,13.092202,77.59399,+91 82966 28658,4
Papa John's pizza,Italian Indian       ,   ,12.975616,77.53848,+91 73531 23472,4.5
Cremona,Italian Pizza       ,   ,13.09876,77.58269,+91 99160 09844,5
Kaafi Desi,Indian        ,   ,12.95556,77.71477,+91 70420 68691,4
Domino's Pizza,Pizza        ,   ,12.9821,77.51101,+91 80 2544 6990,4.5
Popsies Restaurant,Chinese        ,   ,,,+91 80 6565 9338,4
Karavali Lunch Home,Indian        ,   ,13.00436,77.70834,+91 99005 61139,5
Delhi Mess Parota Centre,Indian        ,   ,13.03731,77.56299,+91 98457 10492,4
Kabab Mehal,Chinese        ,   ,12.92208,77.6349,+91 80 6561 2222,4
RawStraw,        ,   ,13.02055,77.64829,+91 80 4814 2108,5
New Shanthi Sagar,Fast Food        ,   ,12.97714,77.63986,+91 80 2668 2939,4
Wow! Momo,Indian Asian Tibetan      ,   ,12.93856,77.63136,+91 98307 44776,3.5
Vandhana Gardenia,Indian        ,   ,13.10355,77.60076,,3.5
Khana Khazana,Japanese Indian       ,   ,13.01768,77.6962,,4.5
Chicken Pop,Chinese Cafe Fast Food      ,   ,12.93172,77.60742,+91 90668 98444,4
Grill 99,Steakhouse        ,   ,12.9682,77.60067,+91 80 4914 8000,3
Al Hayath,Fast Food        ,   ,12.9613,77.63673,+91 97425 72289,5
The Crust Factory,Italian American Fast Food British     ,   ,13.028265,77.558914,+91 80 4646 8000,2.5
Sri Mithra Sandwichwallas,Fast Food        ,   ,12.96661,77.58462,+91 98860 99951,3.5
Biryani Bazar,        ,   ,12.96294,77.64171,+91 99018 93347,3.5
New Iyengar Bakery,        ,   ,13.01624,77.63617,+91 97314 61838,3.5
Domino's Pizza,Pizza        ,   ,12.9949,77.66512,+91 80 2560 8050,4
Pizza Hut,Pizza        ,   ,12.89001,77.59992,+91 80 3377 3300,3
Pizza Hut,Pizza        ,   ,12.99681,77.61168,+91 80 4112 5285,3.5
Madurai Idly Shop,        ,   ,13.07246,77.51228,+91 95382 80164,3
M S Punjabi Hotel,Indian        ,   ,12.86232,77.6501,+91 93429 18266,4
Haniya Family Restaurant,Indian        ,   ,12.98703,77.73722,+91 98455 67133,
Grills & Rolls,        ,   ,12.90009,77.58586,+91 80 2659 3949,3.5
Sri Balaji Sweets,        ,   ,12.96464,77.59697,+91 98454 38385,4
Kolkata Famous Kati Roll,Fast Food        ,   ,12.8586,77.64619,+91 77956 14958,4
Desi Mac,        ,   ,12.99862,77.61546,,4
SFC Kabab Corner,        ,   ,12.92709,77.62208,+91 94487 49797,5
Cityzen Restaurant,        ,   ,12.91809,77.54476,+91 96114 37217,4.5
Zayan Restraurant & Kebab Centre,Barbecue        ,   ,13.02097,77.68172,+91 95385 98138,4
Hyderabadi Paradise,        ,   ,12.95147,77.64117,+91 80 4243 6263,4
Dhonne Biryani,        ,   ,13.06534,77.55992,+91 88800 70716,4.5
Juice Junction,        ,   ,12.93513,77.61405,(+91) 80 255030280,4
Saffron Restaurant,Chinese Indian Cafe      ,   ,13.02433,77.58296,+91 89512 23224,5
Five Star Chicken,Fast Food        ,   ,12.92091,77.66485,+91 80 6888 8825,3.5
Tea Villa Cafe,        ,   ,12.975863,77.602486,+91 98765 43211,
Fun Food,Indian        ,   ,12.92902,77.58164,+91 80 2691 0808,4
Grill & Chill,Fast Food        ,   ,12.99039,77.58905,+91 99022 01406,4
Vasudev Adigas Restaurant,        ,   ,12.94235,77.54587,+91 80 2350 8280,3
Mini Melts,        ,   ,12.96381,77.7177,+91 98863 29745,4.5
Alankar Restaurant,        ,Vegetarian Friendly   ,12.98246,77.57263,+91 80509 89133,4
Chung Wah,        ,   ,12.84538,77.66575,+91 80 6500 0588,4.5
Hot Chicken,Fast Food        ,   ,12.96237,77.70215,+91 85535 67122,4
The Chocolate Room,        ,   ,12.97791,77.47715,+91 80 2802 6595,3.5
Five Star Chicken,Chinese        ,   ,12.97051,77.654,+91 74111 10045,3.5
Udupi Utsav,        ,   ,12.95528,77.54452,+91 99023 38855,4
Bangalore Food Paradise,Chinese Indian Cafe Asian Thai Diner Street Food  ,   ,12.938521,77.62583,+91 90087 09842,
Silver Spoon,        ,   ,12.97661,77.57652,+91 80 2237 3722,4
Sizzling Szechvan,Chinese Thai       ,   ,13.01491,77.66576,+91 80 2531 6333,4
Delhi 6 Chandni Chowk,Chinese Indian       ,   ,12.9856,77.67221,+91 96060 27334,4
Howrah Bridge,        ,   ,12.92197,77.64498,,3.5
The Pizzeria,Italian Pizza       ,   ,12.97876,77.69648,+91 97406 60916,5
Goli Vada Pav No. 1,Fast Food        ,   ,12.9119,77.64823,+91 93412 21040,3.5
Five Star Chicken,Fast Food        ,   ,12.96294,77.64171,+91 99458 96395,3.5
Ivy Park Restaurant,        ,   ,12.92091,77.66485,+91 95389 98384,4.5
Cafe Coffee Day,        ,   ,12.93399,77.61646,+91 80 6569 0463,3.5
The French Loaf,French        ,   ,12.97807,77.62404,+91 80 3221 7203,3.5
Tha Lassi and Juice Park,        ,   ,12.96855,77.53104,+91 95359 43731,4
Pizza Corner,Pizza        ,   ,13.12933,77.61442,+91 80 4411 2233,4
Saara's Cafe,        ,   ,12.936278,77.61447,,4
Fish Wish,Seafood        ,   ,12.95584,77.7155,+91 80672 66609,
Domino's Pizza,Pizza        ,   ,12.919581,77.57257,+91 80 2523 7122,5
Sri Nidhi Upahar,        ,   ,12.92091,77.66485,+91 98456 23419,3.5
Vandana Gardenia,Indian        ,   ,13.09589,77.5791,+91 76764 90777,3.5
Haldiram's Restaurant,Indian        ,   ,13.025934,77.63657,+91 70300 00146,4
Dragon's Kitchen,Chinese        ,   ,12.92206,77.64492,+91 80 6444 8888,4
Goli Vada Pav No. 1,Fast Food        ,   ,12.91935,77.61208,+91 99013 26525,4.5
Elim,Chinese        ,   ,12.87584,77.54393,+91 80 2843 3160,3.5
A2B - Adyar Ananda Bhavan,Indian        ,   ,13.02065,77.68403,+91 80 4965 3074,3
Abhinaya Veg,        ,Vegetarian Friendly   ,12.97362,77.57641,+91 98445 28608,4.5
The Paramount,Chinese        ,   ,12.97773,77.74271,+91 80 2593 9330,5
HKGN Ambur Biryani,Indian        ,   ,12.98176,77.63919,+91 99808 30833,4
Bliss Chocolate Lounge,Cafe        ,   ,12.95584,77.7155,+91 80 4126 7595,
Sri Ganesh Fruit Juice Centre,        ,   ,12.9832,77.6406,+91 89515 74575,4
Five Star Chicken,Fast Food        ,   ,12.94966,77.70179,+91 80 4228 2762,3.5
Blue Alps,Chinese International Asian      ,   ,12.95374,77.66103,22044000,4.5
Thindipotha,        ,   ,12.88527,77.56687,+91 97424 00600,4
Zabi,Indian        ,   ,13.022831,77.62902,+91 78488 08080,3.5
Nirman Lotus Restaurant,        ,   ,12.84045,77.64416,,4.5
Sandhya Andhra Mess,Asian        ,   ,12.84517,77.66009,+91 80959 38830,4
Pizza Corner,Pizza        ,   ,12.99387,77.5715,+91 80 4128 0614,5
Talk of the town,Indian        ,   ,12.98041,77.57697,,3.5
Sri Ganesh Juice and Chats,        ,   ,12.92211,77.57287,+91 97425 78321,4
Sbarro,Pizza        ,   ,13.00728,77.55695,+91 80 2268 2048,3
Taco Bell,        ,   ,13.011109,77.55498,+91 74285 93044,5
Begums Biryani,        ,   ,12.98043,77.65583,+91 80 2527 5166,4.5
Nandini Bakery & Sweets,        ,   ,13.03409,77.53083,+91 96325 97147,4.5
Pind Baluchi Garuda Mall,Indian        ,   ,12.96984,77.60653,+91 80 4115 3753,5
Sri Raghavendra Upahara,Cafe        ,Vegetarian Friendly   ,12.97561,77.55681,+91 98456 54973,
Sri Ganesh Fruit Juice Centre,        ,   ,12.92569,77.60435,+91 98867 49071,4
BFlat Brookefield,Chinese Indian       ,   ,12.95619,77.7098,+91 80 4133 0078,4
Domino's Pizza,Pizza        ,   ,12.959952,77.74755,+91 80 4444 8888,3.5
Sri Venkateshwara Sweetmeat Stall and Restaurant,Indian        ,   ,12.90626,77.58945,+91 80 2658 8199,5
Kabab Magic,Chinese        ,   ,12.91683,77.63106,+91 80 2572 6667,4.5
Uttara Karnataka Food Stores,Fast Food        ,   ,12.98647,77.55565,+91 94482 61201,4
California Burrito,        ,   ,12.926273,77.68113,+91 80 4709 1118,4
Vaibhava Restaurant,        ,   ,12.94454,77.57687,26653198,4
Nandhini Deluxe,        ,   ,12.99538,77.61411,+91 80 2557 6688,3.5
Aditi Restaurant,        ,   ,13.09042,77.58232,+91 99809 66794,4
Kairali Restaurant,        ,   ,12.9274,77.61297,25631770,3.5
Ching's,Chinese        ,   ,12.94818,77.6796,+91 80 4090 8601,4
Strawbees the Cake Shop,        ,   ,13.01253,77.65028,+91 97397 77577,4
Asia Seven,Asian        ,   ,12.991538,77.57105,,
Yum In My Tum,Chinese Indian Asian Thai Korean Street Food   ,   ,12.90869,77.61038,+91 91080 84789,4
Sweet Chariot,Cafe        ,   ,12.92935,77.63455,+91 80 4121 7697,4
Nandhana Palace,African European Grill Healthy Portuguese    ,   ,14.882195,75.57454,+91 80 4613 1111,
Dine Out,Chinese Indian Diner      ,   ,12.90177,77.56091,+91 80 2597 6166,3
Rock Stone,        ,   ,12.99278,77.57153,+91 96865 60768,4
Baskin-Robbins,        ,   ,12.97954,77.51066,+91 74062 10368,4.5
Juice Village,Fast Food        ,   ,12.97405,77.60771,+91 89709 69958,4
Cane-O-La,Indian        ,   ,13.01081,77.69198,+91 80 2297 7711,4
Golden Food Palace,Chinese        ,   ,12.98392,77.72893,+91 80 2841 6638,4
Shree Balaji Mamsahari Hotel Restaurant,        ,   ,13.05111,77.50766,+91 78990 94320,5
Sweet Chariot,        ,   ,12.89001,77.59992,+91 80 4150 3413,4
Domino's Pizza,Pizza        ,   ,13.07864,77.56084,+91 80 2364 9980,5
Desi Dhaba,Chinese        ,   ,12.94164,77.61455,+91 76769 17459,3.5
Vasudev Adigas,        ,   ,13.08917,77.55823,+91 80 2364 9634,3.5
Tadka,Chinese        ,   ,12.93288,77.62759,+91 80 4965 3329,4
Cloud Cafe,Italian International Mediterranean      ,   ,12.95436,77.52306,+91 97311 57001,3
Au Bon Pain,Cafe        ,   ,12.93513,77.61405,+91 80 4093 4365,3
Meat and Eat,Fast Food        ,   ,12.84724,77.64821,+91 96321 72636,4
Bengaluru Steakhouse,Steakhouse        ,   ,,,+91 88844 00175,5
Waffee House,British        ,   ,12.840505,77.6517,+91 80866 47846,
Mast Kalandar,        ,   ,12.89148,77.58186,+91 80 6569 0568,2
La Casa,        ,   ,12.89276,77.67932,+91 80 4217 2469,3.5
Shawarma King,Middle Eastern        ,   ,13.00098,77.61256,+91 80 3202 8839,3.5
Savera Tea Corner,        ,   ,12.99987,77.61111,+91 98454 50553,5
Swiss Naturals Ice Cream,        ,   ,12.94092,77.62062,+91 80 2553 0008,4
Ambur Biriyani,        ,   ,12.9489,77.60009,+91 96630 79398,4
Chai Point,Cafe        ,   ,13.0189,77.55749,+91 92431 50001,4
Nizza Pizza,Pizza        ,   ,12.923844,77.637886,+91 96068 99808,5
Mahalakshmi Sweets,        ,   ,13.00697,77.57121,+91 98860 88230,4.5
Nandhini Deluxe,Indian        ,   ,12.95508,77.57981,+91 80 2662 7363,3
Vidyarti Bhavan,Indian        ,   ,12.945072,77.57134,+91 80 2667 7588,1.5
Flavors of North,Chinese        ,   ,13.028273,77.57126,+91 96324 87143,3.5
The 19th Main Cafe,        ,   ,12.92574,77.63344,+91 80 4146 6800,4
Cheta's Chai,Indian        ,   ,13.07425,77.563,+91 99453 19754,4.5
Just Bake,        ,   ,12.7887,77.70044,+91 89706 50624,4
Nandhana Hometel,Japanese        ,   ,12.97202,77.63259,43311700,4.5
Apple Wood,        ,   ,12.978,77.63958,+91 80 4112 2303,4
New York Cafe,        ,   ,12.98464,77.5371,+91 80 2351 5657,3.5
Au Bon Pain,Cafe        ,   ,12.91858,77.63142,+91 80 4122 0392,3.5
Sri Annapurna Sweets & Chats,        ,   ,13.05655,77.50686,+91 80 4917 9556,4
Pugals Firewood biriyani,Indian European Albanian      ,   ,12.848312,77.658646,+91 95138 33948,4
Ooty Chocolates,        ,   ,12.93435,77.62362,+91 98458 19592,4
Hotel Gowda's,Chinese        ,   ,13.03137,77.55971,+91 96630 87843,4
Goli Vada Pav No. 1,        ,   ,12.96456,77.52218,+91 77606 31386,4
Sri Ayyappa Bakery & Sweets,Fast Food        ,   ,13.03137,77.55971,+91 80 2337 2457,4
Biryani & Kebabs,        ,   ,12.95691,77.64148,+91 95386 15000,4.5
Truffles,Italian        ,   ,13.03695,77.57334,+91 80 4965 2789,4.5
Biggies Burger,American Cafe       ,   ,12.97499,77.60478,+91 90199 10514,
Aruna Sweets,Fast Food        ,   ,12.94474,77.55728,+91 99802 26955,4
Sri Srinivas Bar & Restaurant,Chinese        ,   ,12.91838,77.48294,+91 77953 12055,3
Cafe Coffee Day,        ,   ,12.93629,77.61678,+91 93427 44808,4
Hassan Iyengar Bakery,        ,   ,12.9838,77.60621,+91 87221 40348,4
Navarang Deluxe Bar and Restaurant,Indian        ,   ,12.98444,77.55331,+91 94495 03532,2
Brahmalingeshwara Bakery,        ,   ,12.91998,77.59702,+91 90365 63290,3.5
Soul Deli Cafe,Italian American International      ,   ,12.97459,77.61004,+91 99161 28463,4
Taiyvan's,Chinese Thai       ,   ,13.02777,77.58598,+91 80 2333 7349,4.5
Guru Darshan Sweets,        ,   ,13.02714,77.55833,+91 98804 86431,4
Hotel Aradhana Restaurant,Chinese Japanese Indian Cafe     ,   ,12.88919,77.60229,+91 97317 63663,5
30 Grand,Chinese        ,   ,12.97044,77.61017,+91 80 4021 5555,4.5
Cafe Coffee Day,        ,   ,12.93916,77.62566,+91 80 6531 8452,4
Brindavana Food Point,        ,   ,12.91302,77.57455,,3
Shivananda Sweet Stall,        ,   ,12.98874,77.57665,+91 80 2331 8481,4
Kona Kafe,Fast Food        ,   ,12.91415,77.53812,+91 80 4123 1166,5
Fazzito Kitchen,Indian        ,   ,12.97254,77.6534,9.19E+13,5
Cafesta,        ,   ,12.96354,77.73269,+91 80 3069 5450,4
Panchami Garden,Indian        ,   ,12.92764,77.60058,+91 80 4131 1414,3.5
Tree Shade,French Chinese Pizza Cafe Fast Food Soups   ,   ,12.90393,77.56201,+91 81971 39613,5
McDonald's,Fast Food        ,   ,13.02232,77.53461,+91 97422 04038,4.5
Empire Restaurant,Indian        ,   ,12.90025,77.58582,+91 80 4041 4141,4
Hooked and Cooked Seafood,Seafood        ,   ,12.9561,77.65477,03 9716 1988,5
Dive The Bar,European Contemporary       ,   ,12.95719,77.70101,+91 70224 55300,3
Bhojohori Manna,        ,   ,12.9564,77.61887,+91 80 2550 3666,4
New Karavali Bar & Restaurant,Seafood        ,   ,12.99387,77.5715,+91 88614 58660,4.5
Mathsya Darshini,Seafood        ,   ,12.978,77.63958,+91 98806 56293,
Tea Break,        ,   ,12.91324,77.48098,+91 80951 61774,4.5
Chung Wah,Chinese        ,   ,12.99903,77.57741,+91 80 2356 7888,4
Indian Paratha Factory,Indian        ,   ,12.91554,77.64478,+91 91080 91606,4.5
Refresh,        ,   ,12.92091,77.66485,+91 85538 14474,4
Kettle On,Cafe Fast Food       ,   ,12.84084,77.67175,+91 95910 28035,5
KFC,American Fast Food       ,   ,12.97114,77.65398,+91 80 4152 7005,4.5
McDonald's,Fast Food        ,   ,12.95602,77.7121,+91 96202 19508,3.5
Meat and Eat (ME),Steakhouse        ,   ,12.96034,77.51287,+91 89045 90313,3.5
7 Wonders Lounge,Healthy        ,   ,12.96759,77.50286,+91 96060 17777,4
Bangalore Pub Exchange,Chinese Indian Pizza Asian     ,   ,12.97571,77.60506,+91 99025 26032,4.5
Biryani Pot,Chinese Indian       ,   ,12.90376,77.63114,+91 80 6999 0404,4
Mavalli Tiffin Rooms,Indian        ,   ,12.95971,77.74742,+91 98868 94147,5
Garden City Beer Collective,        ,   ,12.885928,77.64165,+91 95350 23666,5
Goli Vada Pav,Cafe        ,   ,12.9095,77.54981,+91 99807 12233,4
Taste Buds,Cafe Fast Food       ,   ,13.06892,77.58066,+91 82772 08487,5
New Savera North Indian Hotel Restaurant,        ,   ,12.99098,77.6006,,4
Moriz Restaurant,Indian        ,   ,12.97768,77.74289,,3.5
Sanjay Punjabi Dhaba,Indian        ,   ,13.0616,77.57613,+91 98861 43061,4.5
Mast Kalandar,        ,   ,13.03476,77.5681,+91 80 6569 0307,4
Dawaat-e-Rasoi,        ,   ,13.02309,77.59268,+91 80 4161 6106,3.5
"Caronia, The Culinars Port",Indian International       ,   ,12.96424,77.71111,+91 80 6578 1234,4
Kabab Souq,Middle Eastern        ,   ,,,+91 97395 60153,3.5
Mayura Restaurant,        ,   ,13.02834,77.51955,28397288,4
Royal Garden Family Restaurant,Seafood        ,   ,12.96889,77.60701,+91 80 6547 6163,4
Chai Resto,Indian        ,   ,13.02161,77.64078,+91 70224 36712,4
Punjabi Nawabi,Indian Middle Eastern Afghan      ,   ,12.90955,77.66374,+91 74067 13131,3.5
Hotel Maria,        ,   ,12.93213,77.69182,+91 95356 50994,3
The Lounge at Eden Park Restaurants,Middle Eastern Afghan       ,   ,,,+91 80 4965 2605,4
Inspiring Andhra Flavour,Indian        ,   ,12.9683,77.73522,+91 98866 06309,3.5
Indian Tadka,Indian        ,   ,12.96354,77.73269,+91 93694 15566,4
Calcutta Chats,Indian        ,   ,12.97465,77.60788,+91 80 3241 0868,3.5
Hotel Garam Masala Restaurant,Chinese        ,   ,12.87605,77.64847,+91 99807 93952,4.5
Papa John's Pizza,Italian Pizza Fast Food      ,   ,12.935941,77.517746,+91 99803 95660,4
Cocoberry,Asian        ,   ,13.02847,77.57146,+91 80 4094 3008,4.5
Gongura Grand,Asian        ,   ,12.962484,77.588455,,5
Mugal Treat Family Restaurant,        ,   ,12.92226,77.65152,+91 96208 60013,3.5
Udupi Upahara Veg,Cafe        ,Vegetarian Friendly   ,13.06222,77.57667,+91 97383 25786,4
McDonald's,        ,   ,13.02467,77.63707,+91 80660 00666,3
Ambur Biryani,Fast Food        ,   ,12.90719,77.63475,,3.5
Sharaab Factory,        ,   ,12.99836,77.61022,18736009070,4
Grand Matsya,Chinese Indian       ,   ,12.9244,77.63145,+91 97318 37733,3.5
Beijing Bites,Chinese Thai       ,   ,12.92669,77.63353,+91 80 4149 2149,4
Krishna Punjabi,Indian        ,   ,12.98289,77.73364,+91 96638 00166,3.5
Faaso's,Indian        ,   ,12.85109,77.65743,+91 88804 53939,3.5
Papa John's Pizza,Pizza Fast Food       ,   ,13.098776,77.59654,,2.5
Jumboking,        ,   ,12.98769,77.54866,+91 80664 98967,4
New Brindavana Veg,        ,   ,12.99903,77.57741,+91 94491 63059,3
Aaranya Multicuisine Family Restaurant,Chinese        ,   ,12.88103,77.60868,+91 80 2563 4339,5
Balajis,        ,   ,13.03022,77.55962,41201801,4.5
Harsha Vegetarian,        ,Vegetarian Friendly Vegan Options  ,13.00126,77.53013,+91 80 2291 5897,4
Naya Daur Punjabi Cuisine,Indian        ,   ,12.97523,77.5343,+91 80 3290 8826,4
Pancha Tantra Xpress,Asian        ,   ,13.01081,77.69198,+91 80 4117 7881,4
Vasudev Adiga's Fast Food,Chinese Indian       ,   ,12.99401,77.61465,,5
Cold Stone Creamery,American        ,   ,12.912451,77.63601,+91 80 4866 4717,4
Ambur Dum Biryani,        ,   ,12.89341,77.63413,+91 4174 244 343,5
Under the Tree,        ,   ,12.9574,77.63814,+91 97401 97320,3
Raj Bhavan Sweets,        ,   ,13.01843,77.58806,+91 97436 17616,4
Beijing Bites,Chinese        ,   ,12.98402,77.58618,41171313,1
Barbecue by Punjab Grill,Indian        ,   ,12.991558,77.57109,+91 98216 34576,
A-1 Ambur Biryani,        ,   ,12.91203,77.54938,+91 98808 10317,5
Sravanti's Multicusine Family Restaurant,Chinese Indian       ,   ,12.962484,77.588455,,5
Desi Beats,Chinese        ,   ,12.92574,77.63344,+91 88676 89184,4
Innov8 Caffeine Works Pvt. Ltd,Cafe Fast Food       ,   ,12.92332,77.58314,+91 98192 76626,
Zoma Multicuisine,        ,   ,13.07557,77.60477,+91 90194 94949,4.5
Aarush's Food Plaza,Chinese        ,   ,12.907,77.59976,+91 93410 33303,5
Zerai Restaurant,Indian        ,   ,12.96947,77.6065,+91 80 4055 5888,4
Gowdara Mane Oota,        ,   ,12.92091,77.66485,+91 99808 40421,4
New Jyothi Sagar,European        ,   ,13.06203,77.50622,+91 96118 35175,4
Pizza Stop,Italian Pizza       ,   ,12.9833,77.5833,+91 80 4965 2734,3.5
Namana,Chinese        ,   ,12.98464,77.5371,+91 80 2348 4213,4
Abhi Kabab Corner,        ,   ,13.04663,77.52268,+91 80 2839 7024,5
Bake House,        ,   ,12.95546,77.57786,+91 80 2650 0164,3.5
Sri Raghavendra Bakery,        ,   ,13.1109,77.60697,+91 96207 73377,4
Beijing Bites,Chinese Asian       ,   ,13.06749,77.49322,1.08E+11,3
Ibaco - Your Ice Cream Destination,        ,   ,13.02446,77.59588,+91 90363 14720,4
South Canara Coffee House,        ,   ,12.97214,77.57895,+91 98809 17753,5
Shree Meenakshi Bhavan,Chinese        ,   ,13.02502,77.67262,+91 80 4205 9337,5
Kuttanadu Restaurant,        ,   ,12.94436,77.49496,+91 80887 27603,2.5
Mokshh,Chinese Cafe       ,   ,12.92088,77.66446,+91 80 4208 0222,5
Khayber,Chinese        ,   ,12.96756,77.60711,+91 80 4096 8561,3
New Taj Chicken Dum Biriyani,Chinese Indian       ,   ,13.04851,77.52356,+91 70260 03224,4
Chaitanya Veg,        ,   ,12.9831,77.60009,+91 80 2286 5962,4
Hotel Sri Saravana Bhavan,        ,   ,13.11093,77.60697,,4
Ammi's Biryani,        ,   ,12.92013,77.61242,+91 80 3945 7777,4
Navarang Fast Food,Chinese Indian Fast Food      ,   ,13.01209,77.63528,+91 98441 87247,3.5
Momo Corner,Chinese        ,   ,12.95775,77.65645,+91 99162 60098,3
Asha Tiffins,Indian        ,   ,,,+91 76196 82498,4.5
Labbaik Restaurant,Chinese        ,   ,12.97764,77.57726,+91 99864 19299,5
Mezz 9,        ,   ,12.92731,77.60681,+91 80 4131 6751,4.5
Spicy Restaurant,        ,   ,12.96718,77.54266,+91 80 4120 0004,4
Desi Vdesi,American Fast Food       ,   ,12.96181,77.59457,+91 98807 33916,3.5
Hotel Food Zone Restaurant,Chinese        ,   ,12.84498,77.66555,+91 99167 97731,5
Anugrhaa Family Restaurant,        ,   ,12.992935,77.5509,42060415,4.5
Goli Vada Pav,Fast Food        ,   ,12.91722,77.63282,+91 90359 77467,3
KC Das,        ,   ,12.99646,77.61221,+91 80 2554 3107,3.5
Svadu Sweets & Savouries,        ,   ,12.91355,77.61003,,4
Karavali Kolimane,Indian        ,   ,12.94731,77.59794,+91 94480 17516,4
Cake of the Day,        ,   ,12.91833,77.57364,,3.5
Rahham's International,Chinese        ,   ,13.00081,77.61339,+91 80 2548 6696,4
KFC,American        ,   ,13.03142,77.57019,42350183,3
The Parisian Cafe by Breadworks,French        ,   ,12.96401,77.71226,+91 80 4146 4570,4
Sri Krishna Bakery & Sweets,        ,   ,13.02225,77.53467,+91 94832 65040,5
Ammi's Biryani,        ,   ,13.03476,77.5681,+91 80 2571 7777,5
Dal Roti Restaurant,        ,   ,12.91136,77.58432,26493524,3.5
Windsor Food & Beer,        ,   ,12.90866,77.57507,+91 80 3319 0755,4
Something Fishy,Indian        ,   ,12.96297,77.59992,,3
Donne Biryani Center,Indian        ,   ,13.09529,77.59454,+91 99008 17977,5
Sathya Sai Ice Cream Parlour,        ,   ,13.00197,77.58129,+91 98440 24325,4
Cafe Latte,        ,   ,12.92206,77.64492,+91 99455 03908,5
Coastal Biriyani Paradise,Indian Seafood       ,   ,13.06212,77.64668,+91 80 4146 6655,4
Bournvita house,        ,   ,12.96756,77.60711,+91 90352 26767,4
Ganache,        ,   ,,,+91 73381 53529,4.5
Take 5,        ,   ,12.97436,77.62376,65300645,3.5
Elixir,Bar Pub       ,   ,13.0144,77.70097,+91 87920 00820,
Gongura's Restaurant,        ,   ,12.95291,77.65835,25228419,4.5
Travel on Menu Cafe,Contemporary        ,   ,13.01845,77.52381,,4
Sri Lakshmi Dhaba,        ,   ,12.90376,77.63114,+91 97393 69901,5
S L V Veg,Chinese        ,   ,12.9205,77.59771,+91 96862 32486,4
Shree Uday Sweets,        ,   ,12.93435,77.62362,+91 80 4165 7783,4
Goli Vada Pav No. 1,Fast Food        ,   ,12.96011,77.61537,+91 98800 45955,3.5
Ambur Biryani Durbar,Indian        ,   ,13.02594,77.581,+91 88671 77136,4
Nethra Hotel Restaurant,        ,   ,12.99227,77.71609,+91 98454 87209,5
Sagar Deluxe,        ,   ,12.90628,77.69856,+91 80 4165 4431,3.5
Al Kabab Corner,Chinese        ,Vegetarian Friendly   ,13.02232,77.53461,+91 90357 64489,5
Java Green,Indian        ,   ,12.93579,77.60798,+91 93425 19912,5
The Bakery World,        ,   ,12.97411,77.57444,+91 99001 77000,4
Onesta,Pizza        ,   ,,,,4
Bhagini,Asian        ,   ,12.98377,77.6923,+91 80 2843 9882,3
Anugraha Bakery & Sweets,        ,   ,13.05981,77.51312,+91 99023 12795,5
Spice of Kolkata,        ,   ,13.00242,77.52604,+91 80889 80078,3.5
Up There Restaurant,        ,   ,12.95441,77.52285,,4
Beijing Bites,Chinese        ,   ,12.9001,77.64873,+91 90354 69049,4
Goli Vada Pav No. 1,Fast Food        ,   ,12.91723,77.5595,+91 93436 60024,5
Garam Masala,        ,   ,13.04352,77.6257,+91 80 6450 9077,4
Reddy's Restaurant Pure Andhra Style,Asian        ,   ,12.912456,77.63331,+91 77605 10003,3.5
Hotel New Palace Restaurant,Indian        ,   ,12.97211,77.66475,+91 98449 40185,5
R K Sweets & Condiments,        ,   ,12.97865,77.57512,+91 80 6454 7473,3.5
Pizza Hut,Pizza        ,   ,12.94417,77.59707,+91 80 6000 9000,4
Shine Family Restaurant,        ,   ,13.00133,77.53019,+91 80 4151 1148,5
Vidyarthi Bakery,        ,   ,12.91175,77.56718,+91 99162 07939,4.5
Adyar Ananda Bhavan Sweets,Indian        ,   ,12.893097,77.59874,+91 75500 04734,4
Taste Of The Nation,        ,   ,13.02727,77.63481,+91 80 4121 1101,4
Sri Venkateshwara Sweet,        ,   ,12.98589,77.51436,+91 97403 55749,4.5
Mexican Burrito,        ,   ,13.0644,77.58432,+91 80 4852 2355,5
Dial and Dine,        ,   ,12.97043,77.71237,+91 80 4097 3666,4
Raichur Birayan House,        ,   ,12.91225,77.63785,+91 80500 08880,4
Citra,        ,   ,13.0293,77.55926,+91 80 4210 7788,3.5
Cafe Terra,Italian        ,   ,12.91965,77.5924,+91 99161 84313,3.5
Rolls Corner,        ,   ,12.91175,77.56718,+91 97427 50575,4
Coastal Express Restaurant,        ,   ,12.98852,77.5594,+91 80 4965 3334,3.5
Simply Potatoes,Fast Food        ,   ,12.95584,77.7155,+91 81479 02139,4
Ammi's Biryani,        ,   ,12.9159,77.48858,+91 80 3945 7777,3.5
Hot Spot Cafe,        ,   ,12.93848,77.63188,+91 93412 58670,4.5
Paprika,Chinese        ,   ,13.03276,77.60874,+91 81059 36362,4
The Bistro @ Global Village Rr Nagar,Chinese Bar Seafood Pub Diner Beer restaurants   ,   ,12.855766,77.62037,+91 63648 25577,
Udupi Krishna Uphar,        ,   ,12.91621,77.60011,+91 80 2678 9623,4.5
Curry's and Dosas,Indian        ,   ,13.06645,77.53234,+91 96209 97257,4.5
Aramane Donne Biriyani,Chinese Indian Turkish      ,   ,12.908207,77.54834,+91 80 4333 3615,
Lakshmi Juice & Chats,        ,   ,12.92466,77.48516,+91 96325 18852,4.5
Sri Balaji Andhra Mess,        ,   ,12.89849,77.63914,+91 72591 75931,3
Domino's Pizza,Pizza        ,   ,13.09812,77.57528,+91 80 6888 6888,3.5
G Pulla Reddy Sweets,        ,   ,12.98433,77.74155,+91 80 2841 3047,3.5
J B Bakery,        ,   ,12.97114,77.51125,+91 80 2343 9839,5
Cafe Centralis,        ,   ,12.98464,77.5371,+91 80 4120 9266,3.5
L J Iyengar Bakery,        ,   ,13.03567,77.5541,+91 90356 65120,4
Nandhini Restaurant,        ,   ,12.95159,77.56648,+91 80 2220 8306,4.5
Marwari Basa,Indian        ,   ,13.041425,77.62181,+91 76761 11974,
Goli Vada Pav No. 1,Fast Food        ,   ,12.9682,77.60067,+91 80 2227 8887,3.5
Baskin-Robbins,        ,   ,12.97459,77.61004,+91 80 4132 0820,4
Nandini Milk Dairy,        ,   ,12.92011,77.60403,+91 99003 10056,4
Punjabi Kitchen,        ,   ,12.99138,77.68788,+91 80 3255 9398,2.5
Global Krishna Leela,Indian        ,   ,12.90368,77.49082,+91 94839 84777,4.5
Wok With Chung,Chinese Thai       ,   ,12.956392,77.71082,+91 80 2854 0039,5
Bhagini Samrudhi,        ,   ,12.95917,77.65751,+91 96868 50960,3
Just Bake,Indian        ,   ,13.01749,77.59185,+91 80 4223 0167,5
Spiritz Bar and Restaurant,        ,   ,12.93399,77.61646,+91 80 4211 7029,3.5
Cafe Arabica,        ,   ,12.99975,77.61605,+91 80 4096 6766,4
The French Loaf,French Cafe       ,   ,13.01333,77.6355,+91 80 3221 6312,3.5
Hotel Vikranth,        ,   ,12.98454,77.55143,23356728,4
Swathi Deluxe Restaurant,        ,   ,12.96339,77.59599,+91 98801 18888,3
Palm Springs,Chinese        ,   ,12.95584,77.69167,+91 80 4162 5555,3
Kfc,American        ,   ,12.96964,77.70056,+91 80 3256 7396,4
Domino's Pizza,Pizza        ,   ,12.92091,77.66485,+91 80 6888 6888,4
Ritz,        ,   ,12.85898,77.56951,+91 99001 71717,4
Mysore Road,Diner        ,   ,12.766135,77.33148,+91 98448 63784,
Jimis Beer Cafe,Chinese Japanese Bar Cafe Pub    ,   ,12.92838,77.59887,+91 98454 17926,4
Kabab Ghar,Fast Food        ,   ,13.03588,77.56634,+91 88848 88891,4.5
Sri Sai Ram Hot Chips,        ,   ,12.99727,77.69836,+91 85534 96422,4
Shiva's Bar & Restaurant,        ,   ,12.98216,77.64579,+91 80 4146 9918,4
Sri Krishna Hot Chips,        ,   ,12.90179,77.6387,+91 94426 09834,4
Thy Host,Chinese Indian       ,   ,13.040217,77.62452,+91 80957 80024,3.5
Chung Wah Restaurant,Chinese        ,   ,13.0328,77.56953,23413814,4
Dr. Sheesha,Italian Chinese       ,   ,12.92651,77.61688,+91 95381 55111,4
Pot Biriyani,Indian Fast Food       ,   ,12.85805,77.64609,+91 91645 88860,3
Ciciana,Italian American Pizza Asian Turkish    ,   ,12.913707,77.65163,+91 98182 91700,
Shiva Shakti Dosa House,Indian        ,   ,12.97823,77.63308,+91 99006 53091,4
Alibaba cafe & restaurant,Indian Fast Food Middle Eastern Persian Arabic    ,   ,13.021791,77.639725,+91 91644 42534,3
Mast Kalandar,Indian        ,   ,12.99041,77.59016,+91 80 4097 7374,3
Chung Wah,Chinese        ,   ,12.99506,77.61063,+91 80 4965 3150,5
Spicy North Restaurant,Chinese Indian       ,   ,12.916292,77.59826,+91 80 4110 1644,3.5
Little Italy,        ,   ,12.99894,77.57602,+91 95384 95000,4.5
Beanflickers,Italian Pizza       ,   ,13.02232,77.53461,+91 80 4120 9097,4
New Food Zone,        ,   ,12.82526,77.68355,+91 99005 92410,4
Hotel Athithi Satkaar,        ,   ,13.03219,77.57667,+91 80 2341 2946,5
Happy Tommy Restaurant,Chinese Cafe       ,Vegetarian Friendly   ,12.96107,77.63561,+91 90193 39722,5
Pizza Hut,Pizza        ,   ,13.026211,77.636086,+91 80 3377 3300,3.5
Friends Pub,Chinese Indian       ,   ,12.96863,77.60136,+91 99005 03434,5
Abbibo Fresh,        ,   ,12.90555,77.58645,,5
Ammus Bakes & Sweets,Indian        ,   ,13.05173,77.61194,+91 97393 42399,4
Five Star Chicken,Fast Food        ,   ,12.92091,77.66485,+91 98862 00567,4
India House,Indian Cafe       ,Vegetarian Friendly   ,12.91615,77.61442,+91 95916 68780,4.5
Covai Cafe,Indian        ,   ,12.96956,77.73548,+91 88923 70818,5
Aishwarya Open Air Family Restaurant,        ,   ,13.02349,77.71571,+91 80957 91726,3.5
Suppy Noodles,Chinese Seafood Asian      ,   ,13.04056,77.55314,+91 90368 04598,5
Bhagini Upahara,        ,Vegetarian Friendly   ,12.89768,77.58074,+91 98805 90355,3.5
Biriyani Paradise,        ,   ,12.96806,77.719,+91 99642 55694,3.5
Ammi's Biryani,        ,   ,12.92442,77.64515,+91 80 2571 7777,4
De Parathzzaa Cafe,Indian        ,   ,12.753306,77.31814,,4
Nandhini Paradise,        ,   ,12.88643,77.58027,+91 80 2699 1199,3
Thanks God Its Nutritious! (tgin),Healthy        ,   ,12.3374,76.089874,,
Vasudev Adiga's,Indian        ,   ,13.06119,77.57409,+91 84949 11161,3.5
Shiv Sagar,        ,   ,12.88961,77.60114,+91 80670 80022,3.5
Narthaki Family Restaurant,Chinese        ,   ,12.98918,77.57383,+91 80 2238 3518,3.5
Flavours Of Italy - Sapori D'Italia,Italian        ,   ,13.00007,77.62094,+91 80 6583 1413,4
Domino's Pizza,Pizza        ,   ,12.88729,77.49664,+91 80 2669 9595,5
Rahhams,Chinese        ,   ,12.95584,77.7155,+91 80 4965 3274,3
Beijing Bites,Chinese        ,   ,12.91928,77.65165,+91 80 2258 9755,4
"BLR Passengers Longue, KIA, Bengaluru",Bar Cafe Fast Food Barbecue Asian Pub   ,   ,12.962484,77.588455,,4
Hyderabadi Biryani,        ,   ,12.99551,77.57155,+91 96061 85555,5
Sri Krishna Sweets,        ,   ,12.94439,77.55799,+91 80 2691 4673,4.5
Ambur Dum Biryani,        ,   ,12.84262,77.68248,+91 98459 82848,4
Zyna,Indian        ,   ,12.94264,77.59983,+91 90359 03449,4
Just Bake,Cafe        ,   ,12.965,77.60109,+91 80 6452 0718,4
Kaati Zone,Fast Food        ,   ,12.97443,77.60695,+91 99457 49802,4
Suchithra Biryani,Chinese        ,   ,12.95605,77.72893,+91 77606 60888,3.5
Natural Ice Cream,        ,   ,12.95946,77.56468,+91 80 2340 8000,4.5
Food Point,        ,   ,12.94956,77.57993,+91 98448 33100,3
Hotel Kanchan Manglore Lunch Home,        ,Vegetarian Friendly   ,12.98378,77.60357,+91 99808 64763,4.5
Akshara Restaurant,Indian International Asian      ,   ,12.82187,77.68624,+91 80 4371 5455,3.5
Gallops,Chinese        ,   ,12.996965,77.59733,+91 80 4058 0444,3.5
Kabab Magic,Chinese        ,   ,12.85898,77.56951,+91 80 2648 9502,3.5
Thalassery Cafe,        ,   ,12.96153,77.7189,+91 84949 48275,4
Delhi Restaurant,Indian        ,   ,12.98922,77.75464,+91 99008 03433,3.5
Juice Junction,Fast Food        ,   ,12.93629,77.61678,+91 92412 99150,4.5
Hotel Mariya Restaurant,        ,   ,12.95194,77.70068,+91 85538 17955,4
Chaaye Stall,Cafe Fast Food       ,   ,12.97249,77.61063,+91 97400 67940,3
Cafe Pink Pajamas,Healthy        ,   ,13.00793,77.65507,+91 80 4866 8520,4
Faaso's,        ,   ,13.01525,77.63933,+91 88844 91151,3.5
Domino's Pizza,Pizza        ,   ,12.9885,77.55937,+91 80 2320 5555,5
Biryani By Kilo - Hebbal,Indian        ,   ,13.041295,77.62458,+91 1800 212 2212,1
Shaan-E-Punjab,        ,   ,12.97615,77.61506,+91 80 4110 1646,4
Thayee Touch,Chinese        ,   ,13.00826,77.5626,+91 98450 99106,5
New Peacock Restaurant,        ,   ,13.03162,77.60842,+91 80 6456 4255,4.5
Ambur Biryani Point,        ,   ,12.93546,77.61556,+91 98440 75011,5
Health Lovers,Fast Food        ,   ,12.99387,77.5715,+91 80507 77926,3
Sri Venkateshwara Sweetmeat Stall,        ,   ,12.97389,77.54454,+91 80 4090 2241,4
Jaisalmer,Chinese Pizza       ,Vegetarian Friendly   ,12.97121,77.60093,+91 80 2227 8731,3.5
Kannur Food Point,Chinese Indian       ,   ,12.93344,77.60732,+91 98861 65106,3
Pizza Hut,Pizza        ,   ,12.9308,77.58386,+91 80 2653 2999,
Biriyani Corner,        ,   ,12.99039,77.58905,+91 97408 48585,5
Kabab Magic,        ,   ,12.92492,77.61636,+91 97311 51615,5
Pizza Stop,Italian        ,   ,12.97885,77.63677,+91 88618 40790,4
Shree Gurukottureshwara Davangere Bennedose,        ,   ,13.0136,77.69186,,4
Hot Pot,Indian        ,   ,12.983954,77.74395,+91 96200 93829,4
Five Star Chicken,Cafe Fast Food       ,   ,12.97114,77.65398,+91 94802 60770,3.5
Shake It,        ,   ,12.90731,77.63771,+91 96203 86121,5
Amrutha Bakers,        ,   ,12.98196,77.51388,+91 99804 97041,5
Big Chicken Restaurant,Chinese Cafe       ,   ,13.01331,77.63548,+91 80 4173 3450,4
On The Go,        ,   ,12.91458,77.71611,+91 80 4218 1744,4
Chicken Den Restaurant,Fast Food        ,   ,12.88845,77.56214,49341680,4
Juicy,        ,   ,12.95917,77.65751,+91 81975 79190,3.5
The Charcoal Cafe & Barbeque,        ,   ,12.95678,77.53328,+91 90358 44794,4
Deccan House,        ,   ,13.03588,77.56634,+91 80 3256 1133,5
Biryani Corner,        ,   ,12.93579,77.60798,+91 97392 36652,5
Sapna Bake And Juice Junction,        ,   ,12.96211,77.60489,+91 81233 94842,4
Sri Lakshmi Juice Corner & Lassi Bar,        ,   ,13.00197,77.58129,+91 98456 72709,4
Sugar Kiss,Cafe International       ,   ,12.97592,77.65543,+91 80 2535 4486,4
Kolkata Famous Katti Rolls,        ,   ,12.9965,77.67101,+91 74111 32978,5
Sai Shiv Sagar,        ,   ,12.85898,77.56951,+91 97403 19623,3.5
Chandana Deluxe,        ,   ,12.87997,77.65494,+91 80 2290 3825,3
Shree Annapoorneshwari Mess,        ,   ,13.00455,77.7083,+91 98806 89230,3.5
Ayda Continental,Chinese Middle Eastern Persian      ,   ,13.03881,77.60119,+91 80 3202 2208,
Kulfi & More,        ,   ,12.8586,77.64619,+91 87119 84739,5
Biriyani Adda,        ,   ,13.10579,77.5669,+91 88844 55660,4
Domino's Pizza,Pizza        ,   ,12.95584,77.7155,+91 80 2847 6900,3
S.L.V. Iyengar's Bakery,        ,   ,12.92465,77.60037,+91 94485 39776,4
Donne Biryani Angadi,        ,   ,13.02844,77.58632,+91 77955 10007,5
Mango Berrys,        ,   ,12.94049,77.6283,+91 98866 50871,4
Saapaad,Fast Food        ,   ,12.936817,77.62496,+91 80 4161 3763,
Parika,Chinese Seafood       ,   ,12.92574,77.52068,25254952,4
Chef Baker's,        ,   ,12.92091,77.66485,+91 80 3190 3905,4.5
Five Star Chicken,Fast Food        ,   ,12.93838,77.62904,+91 96866 51628,4
Chandan Bar and Restaurant,American        ,   ,13.02993,77.5595,+91 96637 53782,2.5
Pizza Hut,Pizza        ,   ,12.95275,77.6551,+91 80 6000 9000,4
Mango Berrys,        ,   ,12.92091,77.66485,,5
Mallige,Cafe        ,   ,12.98384,77.58099,+91 80 2226 7071,2
L.J. Iyenger Bakery,        ,   ,12.9087,77.6043,+91 95911 02206,4
Five Star Chicken,Fast Food        ,   ,12.92481,77.63754,+91 99999 00000,4
Kolkata Famous Kati Roll,Fast Food        ,   ,12.91175,77.63721,+91 97409 74292,4
Kfc,American Fast Food       ,   ,12.99302,77.66089,+91 80 2524 2442,2
Uttara Karnataka Food Stores,Fast Food        ,   ,13.00197,77.58129,+91 94482 61201,4
Premier Petal,        ,   ,13.04663,77.52268,+91 80 4110 7554,3
Pizza Hut,Pizza        ,   ,12.98455,77.67617,+91 80 6000 9000,4
Ananda Bar & Restaurant,Bar Pub       ,   ,13.04068,77.57304,+91 80 2341 1683,5
Mookambika Bar & Restaurant,        ,   ,12.95929,77.65512,+91 80 2591 6888,5
Finesse Lounge,Chinese        ,   ,12.98206,77.59917,+91 80 4250 6000,5
Al-Broz,Chinese        ,   ,13.03353,77.60897,,4
S L V Delite,        ,   ,12.97522,77.53438,+91 99019 99791,4.5
Linnet Bar & Restauant,Chinese        ,   ,12.93527,77.48787,+91 80 2338 4163,4
Amdo's Corner Tibetan Foods,Asian Tibetan       ,   ,12.9683,77.61268,+91 87223 45545,4
Shiva Sagar Express,Cafe        ,   ,12.9682,77.60067,+91 80 4965 3473,4
Brunch & Munch,Chinese Indian       ,   ,12.834662,77.67937,+(91)29765100,4
Sri Ganesh Jucie & Chats,        ,   ,12.94479,77.57212,+91 98451 61212,3.5
Nandhini Deluxe,        ,   ,12.96886,77.60041,+91 80 4126 6666,3.5
Azure,Lebanese Mediterranean       ,   ,13.029084,77.540695,+91 80669 00111,
Five Star Cafe,Fast Food        ,   ,12.9832,77.6406,+91 80667 46314,3.5
Firki Cafe & Lounge Bar,Italian Chinese Indian      ,   ,13.02414,77.63905,+91 95999 10022,3
Tandoor Garden,Chinese Indian       ,   ,13.04094,77.62035,+91 91416 78224,4
Roll Me Cafe,        ,   ,13.12135,77.61801,+91 98865 46414,3.5
Mcdonald's,Fast Food        ,   ,12.93629,77.61678,+91 80660 00666,3.5
Cakewala,Indian        ,   ,13.00826,77.5626,+91 80 4976 6699,4
Domino's Pizza,Pizza        ,   ,12.9541,77.69375,+91 80 2339 1054,3
Pizza Hut,Pizza        ,   ,13.083276,77.64237,+91 1800 202 2022,
Tandoori Knight,Indian        ,   ,12.90876,77.57289,+91 90352 97404,5
Mr. Cane,        ,   ,12.97097,77.60848,,3
Puttum Kattanum,Indian        ,   ,13.03548,77.56577,+91 80 4814 4822,4
Flavours at Octave Suites Residency Rd,Indian        ,   ,12.972759,77.60888,+91 73492 74589,3
Mudpot Cafe Lounge,Cafe        ,   ,12.92639,77.63764,+91 98809 46589,4
Ragoo's Kitchen,Chinese        ,   ,12.99032,77.56139,+91 97393 34449,3
Srinidhi Sagar,Chinese Indian Fast Food Asian     ,Vegetarian Friendly Vegan Options  ,,,+91 80 2535 4689,3.5
Ambur Dum Biryani,        ,   ,12.93916,77.62566,+91 94828 67676,3.5
Taj Kitchen,Steakhouse Indian       ,   ,12.963162,77.67317,+91 81971 67979,
Beijing Bites,Chinese Thai       ,   ,12.96122,77.53431,+91 80 4206 8388,3
Subway,Fast Food        ,   ,12.85898,77.56951,+91 80 6570 2568,4
52 Wall Street,American European       ,   ,12.92208,77.6349,,3
Ammis Biriyani,        ,   ,13.0284,77.55886,+91 96638 83062,3.5
Domino's Pizza,Pizza        ,   ,12.92091,77.66485,+91 80 2574 0888,4
Uttara Karnataka Khanawali,Japanese        ,   ,12.84652,77.68093,+91 90085 23617,4
Imperial Restaurant,        ,   ,12.97043,77.71237,+91 80 4965 2650,2.5
L J S Snacks,Fast Food        ,   ,12.82526,77.68355,+91 99005 33600,3.5
Blue Heaven Bar and Restaurant,        ,   ,12.92738,77.52134,+91 98860 13096,4
Sea Feast,Chinese Seafood       ,   ,12.94757,77.57385,+91 90358 60250,5
Luna Sweets,        ,   ,12.99802,77.60908,+91 99166 65040,5
Wazir's,        ,   ,12.96029,77.60132,+91 80 2229 2668,4
Zaoq,        ,   ,12.99984,77.6195,+91 80 2580 0777,4.5
Pizza Hut,Pizza        ,   ,12.93989,77.62523,+91 80 3024 6398,3.5
Sawaria,Chinese        ,   ,12.98706,77.57942,+91 91646 42554,5
New Ksheer Sagar,Indian        ,   ,12.98059,77.57466,+91 95915 55577,4
Santhrupthi Hotel,        ,   ,12.91504,77.51708,,4
The Buffet Place,Chinese        ,   ,12.95382,77.54319,+91 80 6435 0353,5
Basaveshwara Khanavali,Japanese        ,   ,12.86233,77.6504,+91 99002 90644,4
Hotel Khazana,Indian        ,   ,12.96468,77.6047,,4.5
Cafe Five One Five,Cafe Fast Food       ,   ,12.97432,77.6483,+91 74066 51515,4
Saffron,Chinese        ,   ,12.97329,77.62891,+91 80 4131 8888,3.5
Crunch Pizza,Italian Pizza       ,   ,12.93013,77.585,+91 80 6572 4444,
Rock N Pub,Indian        ,   ,12.962484,77.588455,+91 81908 51169,
Gogulas Foods,Indian        ,   ,13.11115,77.60532,+91 95383 24305,5
Pattaka Vada Pav,Indian        ,   ,12.98588,77.56053,+91 77952 64779,5
Krunkz,        ,   ,12.92215,77.6497,+91 80 4206 7852,3.5
New Paratha Corner,Chinese        ,   ,12.97622,77.74068,,5
Amal Hotel Restaurant E Inn,        ,   ,13.03566,77.51415,+91 96119 98155,4
Kolkata Chat House,        ,   ,12.97425,77.67859,+91 96114 32043,4
Breezes,        ,   ,12.95695,77.6649,+91 99000 35004,4.5
Papa John's,Pizza        ,   ,12.98377,77.6923,+91 80 4202 7272,3.5
Suneri Restaurant,Indian        ,   ,12.96787,77.59299,22225111,3
Kabab Magic,Chinese Cafe       ,   ,12.92018,77.68352,+91 80 4165 0241,3.5
Sln 24th Main Biryani,        ,   ,12.90009,77.58586,+91 99869 72100,3.5
Gokul Veg,Chinese        ,   ,12.99013,77.55654,+91 80 6532 0555,4
Beijing Bites,Chinese        ,   ,12.97897,77.75335,40930388,3
Domino's Pizza,Pizza        ,   ,12.97586,77.53301,+91 80 2542 9071,4
Chapter One Bar,Italian Chinese Indian Cafe     ,   ,13.032367,77.56973,063630 77634,4
Chinese Street,Chinese        ,   ,12.9855,77.69981,+91 99000 79000,4
Indiranagar Social,        ,   ,12.970712,77.6476,+91 80 2528 3043,4
Sri Sai's Andhra Style Mess,        ,   ,12.98392,77.72893,+91 87928 11337,4
Goli Vada Pav No. 1,Fast Food        ,   ,12.99043,77.57477,,4
Kolkata Kati Roll,Fast Food        ,   ,12.90376,77.63114,+91 97433 31192,4
Al Khwaja,Chinese        ,   ,12.93064,77.6855,+91 95910 06980,5
Pallavi Restaurant,Chinese Indian Seafood      ,   ,12.8693,77.65409,+91 80 4130 3050,3.5
Highway Punjabi Dhaba,        ,   ,13.02338,77.53707,+91 97312 38611,3
Hyderabad Biryaani House,        ,   ,12.9228,77.55134,+91 80 6565 4343,4
McDonald's,Fast Food        ,   ,12.98433,77.74155,+91 80660 00666,4
Sweet Art Bakes,        ,   ,12.95766,77.70882,+91 80 4208 6176,4
Rahham's International,Chinese        ,   ,13.0149,77.63285,+91 80 2580 8700,3.5
Vinayaka Hot Chips,Fast Food        ,   ,12.8908,77.56274,+91 99720 95484,4
Cafe Iyengars,Cafe        ,   ,12.88868,77.60323,+91 78295 27059,4
Green City Bakes & Sweets,        ,   ,12.92564,77.61758,+91 99026 11072,4
Bellipadi,Seafood International       ,   ,12.9241,77.56408,+91 80 4965 2954,5
Naveen Juice Corner,        ,   ,12.91175,77.56718,,4.5
Tipsy Bar And Restaurant,        ,   ,12.9981,77.6231,25454396,3
Stories Bar & Kitchen,        ,   ,12.962484,77.588455,+91 80 4718 6986,4
Polar Bear,        ,   ,12.90009,77.58586,+91 80 4216 0654,4
The Foodware,        ,   ,12.84406,77.68381,+91 80 4110 3000,4
The Onyx,Chinese Cafe International Asian     ,   ,12.90235,77.63665,+91 80 4076 1500,3
Angel Food House,        ,   ,13.03485,77.58069,+91 95389 84898,5
Tango Restaurant,        ,   ,12.97571,77.60506,30522522,4.5
Capri,Chinese Mediterranean       ,   ,12.97189,77.60084,+91 95131 22774,2.5
Tuscan Verve,Italian        ,   ,12.96733,77.60651,41142913,4
Kakaji,Indian        ,   ,12.97756,77.74321,+91 95386 14593,4
Domino's Pizza,Pizza        ,   ,12.84154,77.64658,+91 80 2852 6050,3.5
Cheffu N Stuffu,        ,   ,12.92627,77.51519,+91 80 4965 2752,5
Purabhi Punjabi Times,Indian        ,   ,12.85944,77.56839,+91 80 4110 3222,3
Punjab Di Shaan,Indian        ,   ,12.98377,77.6923,+91 80954 77299,3.5
Alvas Restaurant,Indian        ,   ,12.84033,77.66287,65984298,5
Chaithanya Veg,Chinese        ,   ,12.97913,77.64384,+91 80 2528 3252,4.5
7 Olives,        ,   ,12.92563,77.54971,,4
Ghar Ka Khana,Japanese        ,   ,12.92935,77.63455,+91 98450 18275,3.5
Mahalakshmi Cafe,Cafe        ,   ,12.9003,77.60827,+91 98801 30372,3
Cake Point,        ,   ,13.00829,77.54484,+91 91644 36932,4.5
SLV Kabab Centre,        ,   ,12.90327,77.60324,+91 99002 29848,4
No.10 Fort Cochin,Indian        ,   ,12.972987,77.60936,+91 77778 76000,4
The Grub Central,Italian European       ,   ,12.92226,77.65152,+91 97399 33456,3
Eat Well - Eat For A Cause,Chinese Fast Food       ,   ,12.89276,77.67932,+91 99864 17214,5
Old Taste Buds,Indian        ,   ,12.9208,77.66484,+91 88841 27017,3.5
Cafe Coffee Day,        ,   ,12.97623,77.60279,+91 93797 41451,4
Ganesh Fruit Juice Centre,        ,   ,12.91119,77.567,+91 99450 11897,4
Cold Stone Creamery,American        ,   ,12.99789,77.69696,+91 83102 61332,3
Sri Udupi Park,        ,   ,12.91717,77.62542,+91 96327 65444,5
Domino's Pizza,        ,   ,12.88995,77.60005,+91 80 2648 6401,3.5
Shaan-E-Punjab,Indian Cafe       ,   ,12.86884,77.5783,+91 80 4175 0111,4
High Street resturant,        ,   ,12.97571,77.60506,40222999,3.5
Dosa Chutney,        ,   ,12.91933,77.58275,+91 80 4124 6364,2.5
Just Bake,        ,   ,12.95512,77.50186,+91 77600 23366,3.5
Chaatimes,Indian        ,   ,12.95712,77.51429,+91 99451 11997,3.5
Sagar Deluxe,        ,   ,13.09677,77.58383,+91 80 2846 0799,4
Hotel Raahath Restaurant,Chinese Indian Seafood Fusion     ,   ,12.93358,77.61575,+91 98864 10110,4
Pallavi Grand,        ,   ,12.84443,77.68273,+91 80 4097 3003,3.5
Juice Magic,        ,   ,12.92731,77.5772,+91 81475 07705,4
Absolute Barbecues,Barbecue        ,   ,13.024715,77.54848,+91 73373 36735,
Ambur Dum Biryani,        ,   ,12.93546,77.61556,+91 97393 74751,4.5
Hot Chips & Chaat Corner,Fast Food        ,   ,13.02232,77.53461,+91 99163 77620,5
Bhattara Bhojana,Indian        ,   ,13.03398,77.60612,+91 97418 58158,4
Subway,Fast Food        ,   ,12.95612,77.73023,+91 80 2802 9676,4
Ezze Hospitality,Greek        ,   ,12.96519,77.60307,22111114,
Gyani Chats and Juice,        ,   ,12.91227,77.63623,+91 97428 13339,4
Goli Vada Pav No. 1,Fast Food        ,   ,12.99387,77.5715,+91 99800 24209,4
Bistro Terrasse,American        ,   ,12.85109,77.65743,+91 81974 13899,5
Hotel Malnad Family Restaurant,Eastern European        ,   ,12.9833,77.5833,+91 98809 09745,
Wang's Kitchen,Chinese American       ,   ,12.99045,77.59163,+91 80 3256 9437,3
La Boulangerie,French        ,   ,12.98979,77.5859,+91 80 2226 2233,4
Prawn Crunch,Seafood        ,   ,12.93995,77.58496,+91 93420 11966,3
Casablanka,Italian        ,   ,12.96736,77.53095,+91 80 4219 7983,3.5
Jaffa's Biryani,        ,   ,12.97168,77.65399,+91 80951 04104,3.5
Mandya Miltry Hotel Restaurant,        ,   ,12.97411,77.57444,+91 90081 03395,4
Cold Spring Temptations,        ,   ,13.01456,77.63802,+91 80 4163 5199,4
Cupcake Noggins,Cafe        ,   ,12.92091,77.66485,+91 98863 98181,4
The Food Junction,Chinese        ,   ,12.94787,77.52424,+91 99805 92845,4
Milestone Biryani Central,        ,   ,,,+91 96864 44499,4
Anitha Mess,        ,   ,12.92091,77.66485,+91 98865 65341,4
Bismillah Biryani Point,Fast Food        ,   ,12.91666,77.60643,+91 90191 81717,4
Bharath Juice N Ice Creams,        ,   ,12.91666,77.60643,+91 99013 45918,4
Sri Devi Sagar,        ,   ,,,+91 99863 44200,4
Paschim Terrace,        ,   ,12.93327,77.61509,+91 77603 68419,4
Panthankot,        ,   ,12.97448,77.62433,+91 95908 96375,4
Ayodhya Sagara,        ,   ,12.99285,77.52986,+91 96111 17072,4
Bangalore Belly,        ,   ,,,+91 90086 10077,4
Hotel Kastoori Restaurant,Chinese        ,   ,12.95286,77.5416,+91 80 2730 7070,4
Sri Sai Sagar,        ,   ,13.01949,77.70823,,4
Ayodhya Food Line,Cafe        ,   ,12.95734,77.51315,+91 97407 90346,4
Swastik's Bangarpet Chats Point,        ,   ,13.02599,77.67271,+91 98863 32966,4
Bansuri Sweets,        ,   ,12.97554,77.53579,+91 80 6533 6702,3.5
Sri Vinayaka Juice Centre,        ,   ,12.88982,77.62572,,4
Sri Krishna Upahar,        ,   ,12.88829,77.61819,,4
Mayur Bakery,        ,   ,12.97248,77.53894,+91 80 2311 3359,3.5
Moon Light,Chinese        ,   ,12.89134,77.62207,+91 80 2344 2993,4
Sri Manjunatha Condiments,        ,   ,,,+91 90357 43230,4
Keshava Kabab Centre,        ,   ,12.89132,77.62204,+91 97403 24225,4
Sunrise,        ,   ,12.9358,77.56926,+91 80 6451 3719,3.5
Barista Lavazza,        ,   ,12.95147,77.64117,+91 80 4243 6393,4
Sri Krishna Upahar,        ,   ,12.93553,77.57539,+91 87224 81940,4
Ambur Star Briyani,        ,   ,12.92484,77.63779,+91 98437 33541,4
Shivaal's Restaurant,Indian        ,   ,12.98999,77.54775,+91 80 2314 5101,4
SLV Andhra Mess,        ,   ,12.91625,77.54578,+91 81474 28793,3.5
P.R Bakery and Sweets,        ,   ,12.99454,77.69933,+91 98808 61931,4
Sri Ganesh Fruit Juice Corner,        ,   ,12.93531,77.57362,+91 94492 00494,4
Nellore Mess,        ,   ,13.01985,77.65423,+91 80 6570 3048,4
Golden Grills,Chinese        ,   ,12.98558,77.54282,+91 80 4094 7763,4
Jayanthi Sagar,        ,   ,,,+91 77957 61148,4
Sanjana Ice Point,        ,   ,,,+91 99809 92333,4
Kolimane Restaurant,Chinese        ,   ,12.93928,77.56832,+91 80 2676 5670,3.5
Goli Vada Pav No. 1,Fast Food        ,   ,12.9241,77.56408,+91 99807 81010,3.5
Udupi Tea Point,        ,   ,12.95611,77.69797,,4
Annai Ambur Biriyani Center,        ,   ,12.96161,77.63523,+91 85535 46250,4
Krishna Sagar,        ,   ,12.9258,77.56444,,3.5
Srinivasa Bakery & Sweets,        ,   ,13.02984,77.6079,+91 88088 15088,4
New Janatha Cafe,        ,   ,12.95458,77.59335,+91 96862 37344,4
City Kabab Centre,        ,   ,12.97498,77.62421,+91 80 2291 7242,3.5
New Krishna Bhavan,        ,   ,13.03141,77.63427,+91 80 4113 8562,3.5
Maina Sagar,        ,   ,13.00883,77.60003,+91 99861 54329,4
Empire Restaurant,        ,   ,,,+91 80 2572 0878,3.5
Delhi Sweets,        ,   ,12.9753,77.62202,+91 99167 38438,3.5
Srinidhi Chaats,        ,   ,12.96797,77.57472,+91 99165 21789,4
Fiza Bakery,        ,   ,12.88835,77.61731,+91 80 4917 5742,3.5
Chandan Cake Palace,        ,   ,13.05567,77.51014,+91 98802 98381,4
Polar Bear,        ,   ,12.9241,77.56408,+91 80 4216 1234,4
All Bake,        ,   ,12.93569,77.57073,,4
Royal Punjab Restaurant,Indian        ,   ,12.92979,77.56392,26715200,4
Bangarpet Chat & Fruit Juice,        ,   ,13.01433,77.63633,+91 97404 90768,4
Maher Tiffin Centre,Chinese        ,   ,13.03113,77.58938,+91 99458 46220,4
Quality Hot Chips,        ,   ,12.88982,77.62572,+91 80953 49702,3.5
Nandhini Deluxe,        ,   ,12.96852,77.70125,+91 80 2689 0011,3.5
Ambur Star Biryani,        ,   ,12.99605,77.55371,+91 93436 79613,3.5
Megha Darshini,        ,   ,12.969,77.60974,+91 81520 01344,4
Hotel Brigade Taj Restaurant,        ,   ,12.969,77.60974,+91 90194 38766,4
Ammi's Biryani,        ,   ,12.89149,77.61988,+91 80 3945 7777,3.5
Twist of Taste,Chinese        ,   ,12.97648,77.51009,+91 89718 97184,3.5
S.K Bakery,        ,   ,12.969,77.60974,+91 80 4112 6496,4
Home Treat,        ,   ,12.969,77.60974,+91 99008 67411,4
Theertha Bakery & Sweets,        ,   ,13.05792,77.58808,+91 80660 34103,4
Vasudev Adiga's,        ,Vegetarian Friendly   ,12.91013,77.63245,+91 80 2272 4457,3.5
Royal Dum Biryani,        ,   ,12.95062,77.71089,+91 81476 56160,4
New Shanti Sagar,        ,   ,12.9776,77.54165,+91 80 2340 4776,4
Favorite Restaurant,        ,   ,12.95275,77.6551,+91 96201 37110,4
Sri Manjunatha Vegetarian,        ,Vegan Options   ,12.96294,77.64171,+91 99805 08495,4
Paratha Treat,        ,   ,13.03284,77.68206,+91 86180 20924,4
Sree Ganesh Fruit Juice Centre,        ,   ,12.93629,77.61678,+91 97428 25444,4
Aishwarya Chicken Centre,        ,   ,13.00086,77.70829,+91 80 4211 2355,4
Porth Belle,        ,   ,12.96294,77.64171,+91 80 4040 1300,4
Ramesh Bakery,        ,   ,12.95441,77.52285,+91 94486 12341,4
New Shastry Cafe,        ,   ,12.93527,77.48787,+91 94492 70535,4
New Udupi Upahara,        ,   ,,,+91 99860 04121,4
Appu Bar & Restaurant,Indian        ,   ,12.93527,77.48787,+91 97403 58500,4
Sri Durga Bar & Resturant,Indian        ,   ,12.92443,77.6044,+91 90084 04941,4
Mangalore Meets Lanka,Indian Seafood Asian Contemporary Sri Lankan    ,   ,12.920563,77.520874,+(91)6360540574,
Adyar Ananda Bhavan,        ,   ,12.94479,77.57212,+91 80 4120 3999,3
Coffee Day Beverages and Juice Bar,        ,   ,13.04209,77.515,,5
Iyengar Bakery,        ,   ,12.90133,77.56033,+91 95386 72936,5
The Chocolate Room,Cafe        ,   ,12.96964,77.70056,+91 80 6546 3666,4
Deli Counter,Deli        ,   ,12.97297,77.60907,+91 80666 04545,4
Srinidhi Sagar,Chinese        ,   ,12.99381,77.70248,+91 80 2841 1622,3.5
Pavan Sagar,        ,   ,12.91666,77.60643,+91 96208 87411,5
Domino's Pizza,Pizza Fast Food       ,Vegetarian Friendly   ,12.95275,77.6551,+91 80 2523 3391,3
Munchies,Cafe        ,   ,12.96741,77.605,+91 80 4112 6336,2.5
Shree Guru Refreshments,        ,   ,12.93579,77.60798,+91 80 2591 9835,5
Dakshina Veg,        ,   ,12.98392,77.72893,,4
Bake World,        ,   ,12.93579,77.60798,+91 99641 51180,5
Dunkin' Donuts,        ,   ,13.03297,77.56938,,4
Noble House,Chinese Thai       ,   ,12.9308,77.58386,+91 80 4216 1414,
Sweet Chariot,Cafe Fast Food       ,   ,12.91174,77.6301,+91 97430 55691,4
Sri Sai Mango Tree Restaurant,Seafood        ,   ,12.92091,77.66485,+91 80 6555 5884,3.5
Cafe Zubaan,Cafe Turkish Diner Arabic     ,   ,12.940604,77.62392,+91 77600 40004,
Masalaa,Chinese Indian       ,   ,12.90368,77.49082,+91 80 2666 7111,3
Mcdonald's,American        ,   ,12.98468,77.59889,+91 89514 58501,3
Subway,Fast Food        ,   ,12.9814,77.66566,+91 80 4095 1122,3.5
Sarathi Family Restaurant & Bar,Chinese        ,   ,12.95374,77.66103,+91 80 4115 0350,3.5
G M Boarding And Restaurant,        ,   ,12.90754,77.58441,+91 99801 98035,4
Al-Bek,        ,   ,12.96853,77.53427,+91 80 4965 3353,3
Hotel Sagar Fish Land Restaurant,Seafood        ,   ,13.10116,77.59868,+91 80 2846 3835,4
New Star Ambur Biryani,        ,   ,12.93579,77.60798,+91 97403 21142,4
Talk to the Hand,        ,   ,12.93253,77.58598,+91 99011 28469,5
Bhukkads,Chinese Indian       ,   ,12.94013,77.56921,+91 81050 93045,3
Kabbu Sugar N Spice,Thai        ,   ,13.00197,77.58129,+91 98459 44199,4
Fragrant Kitchen,        ,   ,13.0317,77.6436,+91 96633 33003,4
Shadow Fast Food,Fast Food        ,   ,12.96733,77.60651,+91 80 4111 9330,3.5
Pizza & More By Vinny,        ,   ,12.95787,77.63822,+91 80 4164 6123,4
Pizza Hut,Pizza        ,   ,13.01241,77.54394,+91 80 6000 9000,4
Jumbo King,Fast Food        ,   ,12.99387,77.5715,+91 80 4217 2121,5
The Punjabi Bites,Indian        ,   ,13.06679,77.4982,+91 97402 84849,4
Juicy Hut,        ,   ,12.97471,77.62312,+91 91416 19119,3.5
Cafe Coffee Day,Indian        ,   ,12.99028,77.59534,+91 1800 102 5093,4
Aditya Veg,        ,Vegetarian Friendly   ,13.00126,77.53013,+91 93437 12140,3.5
Manjia Restaurant,        ,   ,12.93072,77.58676,26635452,5
Subway - Gubbi Cross,Fast Food        ,   ,13.064037,77.651726,+91 80 2844 4944,4
Hotel Samruthi Restaurant,        ,   ,12.92484,77.63779,+91 80959 96099,5
Kinary Cafe,Cafe        ,   ,12.91538,77.53823,25727977,5
Pawan Sweets,        ,   ,12.89001,77.59992,+91 98803 28480,4
Pepper & Pekoe,        ,   ,12.93893,77.61877,+91 90360 20463,5
Pure Ghee Sweets,        ,   ,12.98621,77.51441,+91 80 4205 7399,5
Suvee Boutique Hotel Restaurant,        ,   ,12.96294,77.64171,+91 80 2669 6769,3
Hotel Kadamba,        ,   ,12.99756,77.5465,+91 96202 13603,5
Patels Sweets,        ,   ,12.9632,77.57738,+91 97434 71555,3.5
Marhaba,Mediterranean        ,   ,12.99387,77.5715,+91 99162 98878,3
Karnataka Biriyani Point,        ,   ,13.05765,77.58957,+91 94489 87548,4.5
Sri Sai Andhra Mess,        ,   ,12.99605,77.55371,+91 96321 55688,4
Taste Of Darjeeling,Asian Nepali       ,   ,12.97756,77.47724,+91 97398 26576,4
Sri Sai Ram Hot Chips,        ,   ,12.90086,77.63581,+91 88673 30002,4
Aathithya,Asian        ,   ,12.91649,77.61042,,3.5
Malabar Friends Hot & Cool,        ,   ,12.90086,77.63581,+91 99452 65826,4
"Nomad Pizza, Bengaluru",Italian Bar Pizza Pub Wine Bar    ,   ,12.97032,77.63989,+91 99806 09944,
Kwality Wall's Swirl's,        ,   ,12.96886,77.60041,+91 80951 62211,5
Lakshmi Sweets & Chaats,        ,   ,13.02232,77.53461,+91 80 2671 2154,3.5
Hotel Moonlight,        ,   ,12.99677,77.57144,+91 80 2344 2993,4
Anna Kuteera,        ,   ,12.96442,77.57268,+91 96200 09302,5
Little Chef,Chinese        ,   ,12.9639,77.61185,+91 80 2530 3341,5
Sri Sagar,        ,   ,12.82526,77.68355,,3.5
Frappy's Family Restaurant,Chinese        ,   ,13.02847,77.57146,+91 96860 22509,4
Abhiruchi Andhra Mess,        ,   ,12.95126,77.69789,+91 96115 09545,4
Five Star Chicken,Fast Food        ,   ,12.91123,77.56608,+91 96202 01512,4
Shree Mangala Hot Chips,        ,   ,12.90719,77.63475,+91 80508 29498,4
House Of Harvest,        ,   ,12.98588,77.56054,+91 99808 29571,3
Iyengar's Oven Fresh,        ,   ,12.82892,77.65534,,4
Domino's Pizza,Pizza        ,   ,12.92091,77.66485,+91 80 4902 9516,3
Goli Vada Pav No. 1,Fast Food        ,   ,12.90747,77.58566,+91 93436 60024,3.5
Naveen Chettinad Hotel,        ,   ,12.93579,77.60798,,4.5
Sri Ganesh Fast Food,Fast Food        ,   ,12.96203,77.59738,+91 80 2248 4599,5
Barbeque Nation,        ,   ,12.95652,77.74502,+91 1800 108 6060,4
Vasudev Adiga's,        ,   ,12.97815,77.63664,+91 80 2294 0233,4
Sulemani Chicha's,Chinese Indian Asian Middle Eastern Afghan    ,   ,12.936441,77.620026,+91 92962 50006,3.5
Soul Kadhi,Indian        ,   ,12.93652,77.56927,+91 80 2211 1112,3.5
Annapurna Veg,        ,   ,12.92261,77.54346,+91 89703 67175,4
Bakers Heart,Japanese        ,   ,13.06575,77.52847,+91 99161 67372,4
Just Mangalore,Seafood        ,   ,13.03215,77.67403,+91 80 2268 2190,3
Shubha Sagar,        ,   ,12.99636,77.56503,+91 81972 38694,4
Caffe Pascucci,        ,   ,12.89167,77.57765,+91 80 6012 0333,4
Degchi,        ,   ,13.01477,77.65285,+91 80 6565 5656,4
China Bowl,Chinese Thai       ,   ,,,+91 99802 79776,4
Kolkata Famous Kati Roll,Fast Food        ,   ,13.02363,77.5334,+91 88927 82739,4
Durga Darshan,Fast Food        ,   ,12.96767,77.57852,+91 80 4124 9721,4
Sree Ganesh Juice & Ice Cream,        ,   ,13.06987,77.50386,+91 98454 57766,5
Dreamz Restaurant,Chinese Indian       ,   ,12.96984,77.60653,,4
Sukh Sagar Food Complex,        ,   ,12.97223,77.5745,+91 80 2287 1717,4
Hotel Marina Restaurant,Chinese        ,   ,12.92669,77.63353,+91 94489 12820,3
IceTreat,        ,   ,12.9833,77.5833,+91 80 4091 8600,4
Shiva Chats Corner,        ,   ,12.97413,77.62374,+91 78294 40917,3.5
Hotel Panchavati Restaurant,Chinese        ,   ,12.9726,77.53787,+91 80 2350 9583,3
Zodak- Pub And Brewhouse,Indian Brew Pub Pizza European Pub    ,   ,12.988228,77.72982,+91 93798 48553,
24X7,Indian        ,   ,13.09562,77.59375,+91 80 2846 8070,4
Madhuri Idly Dosa Corner,Chinese        ,   ,13.02944,77.64291,+91 96323 15002,3
Luna Sweets,        ,   ,12.94937,77.59815,+91 80 6576 0715,4
L J Iyengar's Bakery,        ,   ,12.94831,77.59595,+91 89719 71463,4
Bells & Candles,        ,   ,12.90133,77.56033,+91 88807 10251,4
Pepper & Chilly,        ,   ,12.9,77.59099,+91 80 4512 3999,4
Majaa thindi,Indian Fast Food       ,   ,13.09214,77.54664,+91 99868 78382,3
Daily Bread,        ,   ,12.97002,77.60523,+91 80 6452 6667,3.5
Sangam Kabab Corner,Fast Food        ,   ,12.98417,77.61422,+91 98860 69933,3
Just Juice,Fast Food        ,   ,12.965,77.60109,+91 91418 15055,4
Suphala Ice Creams,        ,   ,12.91209,77.47245,+91 94493 39884,4
Naidu Biryani Center,        ,   ,13.01199,77.64861,+91 97393 20759,3.5
Shri Durgaparmeshwari Chats,        ,   ,13.10541,77.56807,+91 89513 14372,5
Nizaams,        ,   ,12.91787,77.61433,+91 80 2521 0441,4
Zouk Lounge Bar,Chinese Indian Bar Pizza Pub    ,   ,12.90334,77.585815,+91 99000 23334,
Sri Bhuvaneshwari Fast Food & Sweets,Fast Food        ,   ,12.90641,77.63,+91 94483 45535,4
Biryani Barn,        ,   ,12.98289,77.743,+91 98457 47789,4
Achoos Bakes and Sweets,        ,   ,12.98433,77.74155,+91 99455 78077,4
Sherlock's Lounge & Kitchen Nagarbhavi,Chinese Indian Asian Pub Dining bars    ,   ,12.958282,77.519005,+91 96060 26629,
P V Sweets,        ,   ,13.0454,77.52188,+91 90087 17772,4
Subway,        ,   ,12.94787,77.52424,+91 80 2540 5727,4
Curry and Co.,Chinese International       ,   ,12.981,77.60215,+91 80 4244 0550,4
Just Bake,        ,   ,13.03312,77.68294,+91 80 4222 7926,4
Dum Biriyani Curry Corner,Indian        ,   ,12.96868,77.53388,+91 94814 86114,3
Green Park Family Bar & Restaurant,        ,   ,13.07167,77.50494,+91 88849 69368,4
Ammi's Biryani,        ,   ,12.92583,77.57216,+91 80 3945 7777,4
Ambur Five Star Dum Biryani,        ,   ,13.05218,77.60338,+91 98866 05173,2.5
Nisarga Restaurant,Chinese        ,   ,12.94151,77.57195,+91 80 2662 8782,3
Baba Ka Dhaba,        ,   ,13.03022,77.55962,+91 93791 71316,3.5
Naidu Biryani Hut,        ,   ,13.03586,77.56647,+91 80 4127 9255,4
Adithya,        ,   ,12.92896,77.582,+91 80 2663 8464,3.5
Candy Treats,Indian        ,   ,12.97097,77.60848,+91 98806 91642,4
Snow Gola,Fast Food        ,   ,12.97302,77.60718,+91 97409 45802,3
Cuppa,Cafe        ,   ,12.90332,77.56174,+91 97394 58077,4
Maxim Paratha Rolls,Fast Food        ,   ,12.93629,77.61678,+91 74112 52076,4
Biriyani House,Indian        ,   ,12.84788,77.66233,+91 98806 47399,3.5
Eat Eroo,Chinese        ,   ,12.90626,77.59003,+91 89702 22000,3.5
Chai Pani,Cafe        ,   ,12.93629,77.61678,+91 98861 14060,4
Indian Coffee Bar,Indian        ,   ,13.018601,77.59519,+91 80 4114 9150,4
Beach Hut,        ,   ,12.90062,77.55589,+91 97400 02754,2.5
Ande Ka Funda,Fast Food        ,   ,12.92091,77.66485,+91 90362 26487,4
Andhra Vilaas Family Restaurant,Chinese Cafe       ,Vegetarian Friendly   ,12.92442,77.65017,+91 90355 11116,3.5
Ambur Biryani,Fast Food        ,   ,12.89017,77.59967,+91 95380 58743,3
Five Star Veg,Fast Food        ,   ,13.00826,77.5626,+91 99724 44044,3.5
New Prashanth Hotel Restaurant,        ,   ,12.92757,77.5835,+91 80 3255 9420,4
Subway,Fast Food        ,   ,12.91838,77.48294,+91 80 3244 5444,3.5
Kolkata Rolls,        ,   ,12.92091,77.66485,+91 78290 30216,3.5
Kusum Restaurant,Indian        ,   ,12.94636,77.68119,+91 96322 38429,4
Confident Propus Restaurant,        ,   ,12.96016,77.60199,+91 95919 92316,3
Food Junction,Chinese Cafe       ,   ,13.11094,77.60683,+91 81472 29391,4
898 the Italian Corner,Pizza Fast Food       ,   ,12.93513,77.61405,+91 80 4094 4406,
Kolkata Famous Kati Roll,Fast Food        ,   ,12.95275,77.6551,+91 88927 82739,4
Royal Bengal Hunger,Cafe        ,   ,12.92551,77.63749,+91 80 4212 9971,4
Hotel Palace Restaurant,Chinese        ,   ,12.90086,77.63581,+91 94487 58376,3
Meals4You,Indian        ,   ,12.92091,77.66485,+91 99000 03845,4
Cafe Coffee Day,Cafe        ,   ,12.94437,77.5727,+91 80 4001 2345,2.5
New Select Restaurant,        ,   ,12.96342,77.58299,41130919,5
Arun Ice Cream,        ,   ,12.93619,77.58485,+91 98452 56145,4
Shakthi Darshini,Cafe        ,Vegetarian Friendly   ,12.88326,77.62479,+91 98803 25232,4
Yo Snacko,Cafe        ,   ,12.96912,77.67358,+91 89195 24874,
Punjabi Dhaba,Chinese        ,   ,12.98501,77.57471,+91 80 2226 5729,4
Kaati Roll Delights,Fast Food        ,   ,12.92226,77.65152,+91 99865 49819,4
Chotey Miya,Chinese        ,   ,12.99038,77.59003,+91 80 4169 2781,4
Sindbad Restaurant,        ,   ,12.95691,77.64148,42436161,4
KFC,American        ,   ,13.02627,77.56137,,3.5
Something Fishy,Chinese Seafood       ,   ,12.96503,77.59602,+91 80 4124 5505,3
Iyer Idly,        ,   ,12.99679,77.56157,+91 97406 57406,3
Hotel Panchami Grand,        ,   ,13.064089,77.55912,+91 96205 28990,3.5
Brown Tree,        ,   ,12.92292,77.59353,+91 80 4152 7235,3.5
CFC,Chinese        ,   ,12.97857,77.63365,+91 80 3297 2411,
Rajdhani Restaurant,        ,   ,13.00156,77.53047,22289143,3.5
Ohris Food Court,        ,   ,12.97413,77.62374,25521501,3.5
Janani Fast Food,Fast Food        ,   ,12.96155,77.61473,+91 98865 34622,4
Subway,Cafe Fast Food       ,   ,12.91047,77.60998,+91 80 4175 5222,4
Roasties,        ,   ,13.03756,77.56202,+91 88611 64020,3
Maria's Goan Kitchen,Indian Asian       ,   ,12.93981,77.59964,+91 88922 83138,4.5
Chung Shan Chinese & Momos Restaurant,Chinese        ,   ,12.9502,77.6259,+91 77601 57598,4
Royal Refreshments,Fast Food        ,   ,12.84498,77.66555,+91 90081 34588,4
Forum Bake House,Fast Food        ,   ,12.94092,77.62062,+91 97420 77207,3.5
Simple Thindies,        ,   ,12.94087,77.54356,,4
Grand Attic,Indian        ,   ,12.93317,77.58094,,4
Cafe Coffee Day,Cafe        ,   ,12.90025,77.58582,+91 80 3256 1988,3
McDonald's,Fast Food        ,   ,13.00325,77.57325,+91 80660 00666,3
Blue Wings Bar & Restaurant,Chinese        ,   ,12.94206,77.56175,+91 80 2660 9626,3
Zam Zam Darbar,Chinese        ,   ,12.92346,77.52211,+91 80 2668 6262,2.5
Emirates Family Restaurant,Seafood Fast Food       ,   ,13.02299,77.70622,+91 74113 27000,3
Ammi's Biryani,        ,   ,12.97402,77.62361,+91 80 3945 7777,3.5
Shanthi Sagar Deluxe,Cafe        ,Vegetarian Friendly   ,12.99538,77.61411,+91 94802 24335,4
Namma Hotel Restaurant,        ,   ,12.85898,77.56951,+91 97413 46298,3
AAdya's Dakshin Spice,Indian        ,   ,13.00242,77.52604,+91 80 4215 3388,3
The Naga Chef,Chinese        ,   ,13.01444,77.63575,+91 99450 75999,4
Heera,Indian        ,   ,12.92599,77.60035,,4
Hotel Fishland,Seafood        ,   ,12.97548,77.57726,+91 80 2291 2173,2
IGNYT The Beer Station,Asian        ,   ,12.917382,77.63823,+91 82177 79517,
Al - Bakara Restaurant,Chinese Seafood       ,   ,13.01437,77.658,+91 89700 19938,4
McDonald's,American        ,   ,12.97897,77.75335,+91 78293 23907,3
Pizza Hut,Italian        ,   ,12.96828,77.53357,+91 80 3024 6398,3
Papa John's,        ,   ,12.9283,77.58982,,4
Royal Orchid Harsha,Chinese        ,   ,12.98404,77.60125,+91 80 2286 5566,4
Lulu Bakery And Sweets,        ,   ,12.89621,77.62605,+91 99003 64400,5
The Rollwallah,Indian Fast Food       ,   ,13.0609,77.57398,+91 87468 49787,4
Cafe Ni-O-Ven,Indian Pizza Cafe Grill Healthy    ,   ,12.916245,77.61272,+91 78999 99979,
Supreme Fast Food,Fast Food        ,   ,12.93799,77.55698,+91 98453 84414,4
Sri Vinayaka Hot Chips,Fast Food        ,   ,12.87376,77.56181,+91 99002 96011,3
Jamaican Me Crazy,Fast Food Healthy       ,   ,12.99347,77.61853,+91 78299 43809,4
Subway,Fast Food        ,   ,12.84498,77.66555,+91 80664 18542,4
Challo Amritsar,Indian        ,   ,12.93995,77.6259,+91 80 4200 5118,4
Vasudev Adiga's,Chinese Indian       ,   ,12.92119,77.60548,+91 80 2294 0241,3
Preethi Bakery & Sweets,Cafe        ,   ,12.91257,77.60276,+91 80 2678 0825,4
Sangam Bake and Cool,        ,   ,,,+91 88924 14451,4
Apna Sagar Hyderabad Dum Biryani,Chinese Seafood       ,   ,12.98268,77.64077,+91 99455 55013,
Usha Tiffin Centre,        ,   ,12.99967,77.61125,+91 99868 62917,4
Africano Kitchen,Fast Food        ,   ,13.02097,77.68172,+91 99169 47480,4
Sre Guru Kotreshwara Davanagere Benne Dosa Point,Indian Cafe       ,   ,,,+91 98442 87126,4.5
Nh-7restobar,        ,   ,12.87489,77.63536,+91 80 4665 1555,4
Desi Rasoi,Chinese Fast Food       ,   ,12.95308,77.56247,+91 98458 15780,3.5
Shahi Ambur Biryani Centre,Chinese        ,   ,12.93435,77.62362,+91 80 4098 6652,3.5
Ron Inn Multicuisine Family Restaurant,        ,   ,12.960545,77.51272,+91 98802 93536,5
Chawla Ambur Biryani Centre,        ,   ,12.92564,77.61758,+91 98456 13541,5
Cafe Chokolade,Fast Food        ,   ,12.9455,77.57371,+91 99606 99257,4
What the F??,Italian International Thai      ,   ,12.97199,77.6011,+91 80 4444 3333,4
Kanti Sweets,        ,   ,12.90876,77.57289,+91 80 6435 0950,4
Mosaic & Big Shot,Italian Chinese Indian Asian Fusion    ,   ,13.041947,77.61322,,
Juice Corner,        ,   ,12.97997,77.54275,+91 80 4146 0326,4
Srinagar Kabab Corner,        ,   ,12.91723,77.56535,,4.5
Pizza Corner,Pizza        ,   ,12.97044,77.61017,+91 80 4124 1357,4
Calcutta Famous Chat,        ,   ,12.97402,77.62361,+91 99454 12108,4
Tasty Treat,Indian        ,   ,12.90152,77.64852,+91 98800 80359,4
Yummy 2 Biriyani,        ,   ,12.9244,77.63145,+91 98802 22745,4
Hussain Corner,        ,   ,12.96678,77.6094,+91 98454 85828,4
Manjushri Upahara,        ,   ,12.92597,77.59533,+91 94802 92107,4
Sri Siddaganga Hotel Restaurant,Cafe        ,Vegetarian Friendly   ,12.90046,77.634,+91 96866 56608,4
McDonald's,Fast Food        ,   ,12.99387,77.5715,+91 80502 25000,3
Hotel Indra Prastha Veg Restaurant,Cafe        ,Vegetarian Friendly   ,12.93339,77.51595,,4.5
Wellington Restaurant,        ,   ,12.99587,77.55147,+91 80 2352 2669,4
Taste of Allahabad,Chinese        ,   ,,,+91 85536 13474,4
New Karnataka Biryani Center,Chinese        ,   ,12.92849,77.59257,+91 99025 93411,4
Sri Sagar,Chinese        ,   ,12.92024,77.56933,+91 99002 04315,5
Mansi Hut Roll Corner,Fast Food        ,   ,12.97978,77.64073,+91 81473 41276,4
Ambur Biryani Point,        ,   ,13.02895,77.67504,+91 90357 33898,4
Udupi Veg Fast Food,        ,   ,12.94009,77.61561,+91 94494 50249,4
Five Star Chicken,Chinese        ,   ,12.8934,77.61002,+91 96113 61875,3.5
Chandana Bar & Restaurant,        ,   ,13.03825,77.56263,+91 80 2290 0029,4
Green Apple Bake & Ice,        ,   ,12.89001,77.59992,+91 81471 05140,4
KFC,American        ,   ,12.99459,77.52683,42350183,4
Suma Roll,Fast Food        ,   ,13.03859,77.56468,+91 81479 99345,4
Shri Krishna Sagar,        ,   ,12.90844,77.56412,+91 90356 94717,4
Curries & Pickles,        ,   ,12.98049,77.6784,+91 96119 33811,4
Chung's Chinese Corner,Chinese        ,   ,12.91917,77.59806,+91 80 2663 1899,4
L.V. Lunch Home,        ,   ,12.96853,77.53255,+91 99024 50602,4
Hotel Janatha Restaurant,        ,   ,12.94997,77.59665,+91 93421 48761,5
MoMo Shop,Chinese        ,   ,13.01969,77.5894,+91 98451 41954,4
Five Star Chicken,Fast Food        ,   ,13.02097,77.68172,+91 99646 64433,4
Dawood's Kitchen,Indian        ,   ,13.00476,77.70529,+91 78297 35995,5
Just Bake,        ,   ,12.98228,77.63848,+91 80 4152 3372,5
Amma's Pastries,Cafe        ,   ,13.01203,77.57806,+91 96864 03131,4
Domino's,Italian American       ,   ,12.99709,77.61095,+91 80 2549 9580,4
Biryani Day,        ,   ,12.95292,77.6982,+91 99866 67274,3.5
Little Bites,Indian Barbecue Asian      ,   ,12.93117,77.53462,+91 99167 07072,3.5
Cafe Coffee Day,Cafe        ,   ,13.01856,77.65632,+91 80 6451 2267,4
Movie Land Drive in Restaurant,        ,   ,12.9789,77.57507,+91 80 6537 9621,4
Ivy Rossa Restaurant,Chinese        ,   ,12.92442,77.64515,+91 80 2843 9584,5
Cafe House of Quotes,Chinese Indian International      ,   ,12.97613,77.60127,+91 80959 46044,4
K C Das Sweets,        ,   ,12.97815,77.63664,+91 80 2528 5040,4
Sri Bhramhalingeshwara Bakery and Juice Centre,        ,   ,12.95584,77.7155,+91 81979 58480,4
Shree Saraswathi Sweets Centre,        ,   ,12.94708,77.59851,+91 80 2223 5827,4
Sri Vinayaka Bajji Centre,Fast Food        ,   ,12.93892,77.56694,+91 99643 98993,3.5
Chicken Pop,American Fast Food       ,   ,12.91998,77.59702,+91 97434 20111,4
Mad Over Biryani,Indian        ,   ,12.98216,77.64579,+91 90360 98911,3
Shree Ganesh Roti Sabji,        ,   ,12.93557,77.62404,+91 99163 44145,4
Cake Street,        ,   ,12.92998,77.59397,+91 80 3532 0002,4
Majboos,Fast Food        ,   ,13.04745,77.63339,+91 80 6576 7777,4
KFC,        ,   ,12.99543,77.69604,+91 80 3399 4444,4
Karavali Restaurant,        ,   ,12.8908,77.56274,+91 96862 35129,4
Be My Guest,        ,   ,12.87616,77.63744,+91 95387 51221,4
Slv Refreshments Veg,Cafe        ,Vegetarian Friendly   ,12.89956,77.57492,+91 80 2590 7696,3.5
Sri Venkateshwara Iyangars Bakery & Sweets,        ,   ,12.91833,77.57364,+91 98451 91444,4
Ashwini Tiffin Center and Condiments,Seafood        ,   ,12.95921,77.59358,+91 99802 82681,4
U D Residency,Indian        ,   ,12.91171,77.59514,+91 80 2245 4580,4
Karanataka Biriyani Point,        ,   ,12.99961,77.57817,+91 72592 36233,4.5
Taipoo Chinese Restaurant,Chinese Thai       ,   ,13.01641,77.63485,+91 96321 66777,4
Srinivasa Bar & Restaurant,        ,   ,12.93546,77.61556,+91 94487 74408,4
Ahmad's Chicken Hut,Chinese        ,   ,13.01137,77.64281,+91 90355 23531,4
Zafraan Divine Cuisine Restaurant,        ,   ,12.9761,77.66602,+91 80 4222 9293,4
K C Das Sweets,        ,   ,13.03125,77.57025,+91 98868 69688,5
An Elegant Elephant,Chinese Indian       ,   ,12.92669,77.63353,+91 73533 36333,3
Blue Tummy Restaurant,        ,   ,12.970197,77.64384,9.16E+11,
Aditya Family Restaurant,        ,   ,13.00963,77.64326,+91 88672 25866,5
Five Star Chicken,Fast Food        ,   ,13.08155,77.54859,+91 87625 56098,3
Kabab Corner,        ,   ,12.91935,77.61208,+91 98864 62661,4
Chopstick,        ,   ,12.97928,77.67952,+91 80 4128 0858,3.5
Imperial Plaza,Chinese        ,   ,12.93686,77.57883,(+91) 80 412054660,4
Food Junction,Chinese Indian       ,   ,12.93101,77.60193,+91 95383 29391,3.5
Prama Bar and Restaurant,American        ,   ,12.95032,77.56549,+91 75821 83987,
SLV Ambur Dum Chicken Biryani,        ,   ,12.89001,77.59992,+91 94487 34192,4
Annapoorna Refreshments and Sweets,Chinese        ,   ,13.06013,77.57887,+91 80 2362 3263,4
Akshaya Veg,        ,   ,12.9577,77.65384,+91 89711 08282,4
VV Puram,        ,   ,12.951353,77.577415,,
Sri Raghavendra Juice & Chats,        ,   ,12.89626,77.63195,+91 99451 89664,4
Al-Hyatt,Fast Food        ,   ,12.93054,77.62207,,4
Emporer Hot Burger,        ,   ,12.92443,77.6044,+91 80 2678 3444,4
Saara's Grill n Spice,Indian Cafe Middle Eastern Afghan Arabic    ,   ,12.93819,77.61961,+91 80 4676 7000,2.5
4 Seasons,Asian        ,   ,12.92806,77.5942,+91 80 6599 9111,3.5
Sms Sweet Palace,        ,   ,13.04851,77.52356,+91 80 2279 5300,4
Sutra the Liquor Boutique,Eastern European        ,   ,13.00717,77.70845,+91 94494 98292,3
Ugadi,Indian        ,   ,12.96009,77.63556,+91 99006 44488,2.5
Gilly's Resto Bar,Indian Seafood Fast Food Contemporary Pub Gastropub   ,   ,12.93358,77.61575,+91 81052 31584,2.5
Ilayaraja Mess,        ,   ,12.84788,77.66233,+91 74113 61317,4
New Taj Dum Biryani,        ,   ,13.0454,77.52188,+91 99808 40566,4
Cuppa,        ,   ,12.91225,77.64033,,4
Adigas,        ,   ,12.98971,77.54054,+91 80 2323 1396,3.5
Empire Juice Shop,Chinese        ,   ,13.03215,77.67403,+91 99863 15338,3.5
New Asha Sweets & Bakers,        ,   ,12.9205,77.59771,,4
Baskin-Robbins,        ,   ,12.90009,77.58586,+91 80 4172 2460,4
Blue Bell Sweets,        ,   ,12.98027,77.58578,+91 80 2226 2530,4
Madura Grand,Chinese        ,   ,12.98996,77.55338,+91 80 2338 4949,
Shahi Ta'am,        ,   ,13.02601,77.59711,+91 96202 11299,4
Khane Chal,Chinese        ,   ,12.96381,77.7177,+91 96110 15394,4
Aroma Family Restaurant,Chinese        ,   ,13.01949,77.70823,+91 94496 73624,4
Meeraa's Beegara Oota,        ,   ,12.90961,77.64927,+91 80 2258 0009,3.5
Vishnu Snakes & Bakery,        ,   ,12.92934,77.63127,+91 94499 95134,5
Royal Indian Kabab Corner,Indian        ,   ,12.95662,77.60233,+91 98804 84469,3.5
Domino's Pizza,        ,   ,13.025769,77.593185,,3.5
Pizza Hut,Pizza        ,   ,12.89509,77.63608,+91 80 6000 9000,3
Veggie Pizzeria,Italian Pizza       ,   ,13.00077,77.56308,+91 93419 66086,
Janapriya Bakery,        ,   ,12.90876,77.57289,+91 80 2632 1165,3.5
Hotel Meals House Restaurant,Chinese        ,   ,12.84498,77.66555,+91 80 2290 3886,4
Al Amal Cafe,        ,   ,13.0149,77.63285,+91 97424 94233,5
Kabab Magic,        ,   ,13.01868,77.59209,+91 98458 87831,3.5
S R K Juice Junction,        ,   ,12.92564,77.61758,+91 99006 02591,4
Sandhya Veg,        ,   ,12.96821,77.60637,+91 92425 30669,4
Ambur Chicken Biryani,        ,   ,12.90086,77.63581,+91 88673 30002,4
New Zealand Natural,        ,   ,12.98464,77.5371,+91 99002 74338,4
Eatery,Chinese        ,   ,12.99302,77.66089,+91 80 2524 3746,4
Sagar Juice & Condiments,        ,   ,12.94528,77.59805,+91 94814 75586,4
Chicken Magic,        ,   ,12.88585,77.60239,+91 97383 14322,5
Cool Tech Juice Point,        ,   ,12.92052,77.59933,+91 90666 50153,4
Sri Ganesh Upahara Vegetarian Restaurant,        ,Vegan Options   ,12.98455,77.60174,22868059,4
Feaster,        ,   ,12.91554,77.64478,+91 80 4866 7709,4
Chaipatty,        ,   ,12.93454,77.62981,+91 80 4153 4140,3.5
Monish Corner,Indian        ,   ,12.92337,77.51093,,4
Paandikadai,        ,   ,12.9833,77.5833,+91 90944 05171,4
Baskin-Robbins,        ,   ,12.95147,77.64117,+91 80 4243 6184,4
Prabhu U K Foods,        ,   ,13.01257,77.59586,+91 88922 83189,4
Prestige Foods,        ,   ,13.01448,77.5932,+91 74110 39371,4
Tasty Bakery Sweets And Juice,        ,   ,12.92107,77.61836,+91 88849 81525,4
Chinese Cottage,Chinese        ,   ,12.93702,77.62464,+91 99729 47488,4
Kabab Manor,Chinese        ,   ,12.9326,77.63143,+91 80 2354 3344,3
Sri Krishna Bakery,        ,   ,12.92099,77.61828,+91 98441 20672,4
New Shanthi Sagar,        ,   ,12.93435,77.62362,+91 80 2550 3664,4
Mcdonald's,Fast Food        ,   ,12.91833,77.57364,+91 80660 00666,3
McDonald's,Fast Food        ,   ,12.9964,77.61378,+91 80 6562 0040,3
Shanthi Sagar,        ,   ,12.93579,77.60798,+91 98806 73531,4
Srinidhi Upahara,        ,   ,12.93579,77.60798,+91 94481 43603,4
Beijing Bites,Chinese        ,   ,12.97003,77.53112,+91 80 4160 8828,4
Sri Ganesh Fruit Juice Center,        ,   ,12.9499,77.59615,+91 88616 16412,4
Nandhini Deluxe,        ,   ,12.95584,77.7155,+91 80 4965 2739,3.5
Polar Bear,        ,   ,12.97331,77.53314,+91 80 2686 0130,5
Shariff Darbar,Chinese        ,   ,13.02525,77.58648,+91 98808 59240,3
Cuppa Bar and Bistro,        ,   ,12.92442,77.65017,+91 80 3041 2940,4
Flavors Cake Boutique,        ,   ,13.01563,77.52472,+91 72592 06768,4
Benaka Hotel,        ,   ,13.02095,77.52797,+91 99728 52878,4
Fresh Juice Junction,        ,   ,13.02095,77.52797,+91 81232 02534,4
Sri Lakshmi Venkateshwara Iyengars Bakery,        ,   ,12.91175,77.56718,+91 94825 37773,4
Rajbhavan Sweets & Savouries,        ,   ,13.02455,77.59533,+91 98450 65322,4
Daily Bread,        ,   ,13.02846,77.57144,+91 80668 16096,4
Crumbz Crunches,Chinese        ,   ,12.84744,77.65004,+91 99866 25431,4
Barbeque Station,Chinese        ,   ,12.93676,77.63153,+91 80 4097 9004,3
Campus Corner,        ,   ,12.91175,77.56718,+91 88672 78232,4
Janarthana Bakery,Japanese        ,   ,12.84498,77.66555,+91 80 2592 1212,4
Girija Condiments,        ,   ,12.94774,77.59886,+91 80 4219 4359,4
Bamboo Chopsticks,Chinese Thai       ,   ,12.92669,77.63353,+91 87924 45288,3.5
The Coffee Bean & Tea Leaf,        ,   ,12.99641,77.52925,+91 80672 66477,4
Burger Corner,Fast Food        ,   ,12.97857,77.63365,,
Aishwarya Sweets,        ,   ,13.00404,77.55059,+91 99005 22300,3.5
National Fried Chicken,Fast Food        ,   ,12.99887,77.5552,+91 78993 50700,4
Home Raavi,Chinese        ,   ,,,+91 99863 07835,4
Maria Restaurant,Indian        ,   ,13.03023,77.55359,+91 90355 20077,3
Hotel Shiva Shakthi Restaurant,        ,   ,12.84406,77.68381,+91 77608 97366,4
The Chaat Shop,        ,   ,12.97443,77.60695,+91 93794 20774,4
G Pulla Reddy Sweet Shop,        ,   ,12.95584,77.7155,+91 96116 93969,3.5
Sagar Fast Food,        ,   ,12.92905,77.63746,+91 80 2563 2564,4
Zayan Kabab Corner,Chinese        ,   ,12.99543,77.62158,+91 95385 98137,4
India Hotel Restaurant,Indian        ,   ,12.97862,77.57333,+91 80 2287 5638,4
New Bhopal Restaurant,        ,   ,12.97622,77.74068,+91 99161 33201,4
Crunchees Cafeteria,Fast Food        ,   ,13.02791,77.64226,+91 88617 85553,4
Hyderabad House,        ,   ,12.95567,77.59952,+91 80 2211 6786,3.5
Mast Punjab,Indian        ,   ,12.95451,77.65305,+91 98448 17181,4
Baskin Robbins,        ,   ,12.93513,77.61405,+91 80 2552 0342,4
Tingling Spice,        ,   ,12.90691,77.62663,+91 80 4357 8900,3
The Bundle Company,European        ,   ,12.975474,77.60285,1.08E+11,
Food Magic,        ,   ,12.93288,77.62759,+91 70222 92376,4.5
Fabcafe,Indian Cafe Asian      ,   ,12.92943,77.58254,+91 80 4377 0444,
Public Rooftop Pub,        ,   ,12.88823,77.61911,+91 99641 86250,4
Shanthi Upahar,Cafe        ,Vegetarian Friendly   ,12.91758,77.61428,+91 93796 33391,4
Grill Hut,Indian Barbecue       ,   ,12.95851,77.68197,+91 99029 72764,2.5
McDonald's,Fast Food        ,   ,12.91792,77.63836,+91 80660 00666,4
The Roll Factory,Indian        ,   ,12.90626,77.59003,+91 98459 13259,4
MiPi Lounge,Italian Indian Barbecue Thai Wine Bar    ,   ,12.899668,77.48268,+91 99002 34261,
Delhi Darbar,        ,   ,12.99799,77.71751,+91 99207 33030,4
A1 Ambur Biryani,Fast Food        ,   ,12.98538,77.60723,+91 93410 58820,4
Sweet Chariot,        ,   ,13.03881,77.60119,+91 80 4206 3049,3.5
Arun Ice Creams,        ,   ,12.93527,77.48787,+91 98800 28860,4
Hotel Siliguri Ambur Star Biryani Restaurant,        ,   ,13.02225,77.53467,+91 90366 67299,4
The Big Bang Skydeck & Lounge,Indian Brew Pub Bar European Pub    ,   ,12.98813,77.729805,+91 89513 98999,
Banashankari Biryani Corner,        ,   ,12.99968,77.71495,+91 87224 45555,4
Nagashree's,        ,   ,12.96011,77.59391,+91 93413 24184,4
Pecos Pub,        ,   ,12.96294,77.64171,,3
Goli Vada Pav No. 1,Fast Food        ,   ,12.8707,77.65952,+91 90368 02030,4
Wangs Kitchen,        ,   ,12.9673,77.60757,+91 80 3925 3925,3.5
Maurya Andhra Style,        ,   ,13.02836,77.51984,+91 80 2839 7288,4
Soley - European Cafe,Italian Cafe European Central European     ,   ,12.90287,77.70438,+91 99801 41522,
Firangi Bake,        ,   ,12.961807,77.59798,+91 77100 90007,1
The Beer Cafe,Brew Pub Cafe Pub      ,   ,13.0288,77.67347,+91 80 2268 2122,2.5
Fyi,        ,   ,12.93327,77.61509,+91 80 4965 2739,4
Samavar,Indian        ,   ,12.93671,77.62614,+91 80 4269 0690,4
City Food Restaurant,Pizza        ,   ,12.96397,77.583,+91 80 4160 2288,4
Goli Vada Pav No. 1,Indian Fast Food       ,   ,12.97097,77.63065,+91 80 4121 6684,4
Polar Bear,        ,   ,12.95146,77.57626,41172757,4
Diya Family Restaurant,Chinese        ,   ,13.00686,77.59629,+91 99167 81585,3
New Tasty Cafetaria,Chinese Cafe       ,   ,13.11109,77.60559,+91 81230 00407,3.5
Kebab Nation,Chinese        ,   ,13.03022,77.55962,+91 72599 34355,4
Sweet Chariot,        ,   ,12.95723,77.51863,+91 98456 10123,5
Vijay Lakshmi Veg,Cafe        ,Vegetarian Friendly   ,12.99784,77.60875,+91 98452 78147,5
Goli Vada Pav No. 1,Fast Food        ,   ,12.9885,77.55937,+91 99169 24209,4
Jaanmo,Japanese        ,   ,13.044943,77.62678,,
Kerala Mess,American        ,   ,12.93527,77.48787,,4
Ambur Dum Biriyani,Fast Food        ,   ,12.9567,77.70328,+91 94428 40781,4
Korean Restaurant Thran,Asian Korean       ,   ,13.02169,77.64048,+91 80 4205 0685,
News Bake,        ,   ,,,+91 97474 32262,4
Five Star Chicken,Fast Food        ,   ,12.92206,77.64492,+91 80500 78911,4
Baskin-Robbins,        ,   ,12.9832,77.6406,+91 80 4235 2445,4
Raghu Restaurant,        ,   ,12.99038,77.60711,+91 81762 57238,4
Juice Corner,        ,   ,12.93686,77.57883,+91 99805 26683,3
Five Star Chicken,Fast Food        ,   ,12.93801,77.56155,+91 97313 77352,4
Cane Crush,        ,   ,12.96767,77.57852,+91 97316 40897,4
Fish N Chips,Seafood        ,   ,12.99278,77.57153,+91 80 3016 0070,3
Cafe Coffee Day,Cafe        ,   ,13.1001,77.59597,+91 93430 55693,2.5
Falahaar,Indian        ,   ,12.94085,77.63132,,3
Bells & Candles,        ,   ,12.92508,77.56434,+91 80 4212 4307,4
Zhang's Dynasty,Chinese        ,   ,12.88968,77.60087,+91 80 4143 0988,3
Jumbo King,Fast Food        ,   ,12.93226,77.55593,+91 80 2672 0699,4
Anand Lounge,Indian        ,   ,12.96183,77.61448,,3.5
Zed the Baker,American Cafe European      ,   ,12.962484,77.588455,,3
Bharathi Dosa Camp,        ,   ,12.98416,77.60715,+91 98803 59641,5
Choco World,        ,   ,12.92489,77.58086,+91 94482 51571,4
Tasty Bites,        ,   ,12.87466,77.55627,+91 93437 63876,4
Five Star Chicken,Chinese        ,   ,12.99862,77.61546,+91 94490 86696,4
Revathi Military Cafe,Fast Food        ,   ,12.9682,77.60067,+91 96860 37477,4
Laddu's,        ,   ,,,,4
G Bar,        ,   ,12.97546,77.6172,+91 80 4097 7011,4
Rotti Mane,Fast Food        ,   ,,,+91 95903 97649,4
Ambur Biryani,        ,   ,13.04432,77.63753,+91 98455 01378,3.5
Sri Vinayaka Bakery & Sweets,        ,   ,13.02315,77.55938,+91 99452 62716,3.5
Siddarth Restaurant,        ,   ,,,+91 99000 02899,4
Hotel Ranga Restaurant,        ,   ,12.99684,77.65341,+91 94821 35132,4
Shri Sai Vasavi Chats Corner,        ,   ,13.09517,77.57716,+91 99867 49463,4
Wangs Chinese Restaurant,Chinese        ,   ,,,+91 80 2548 1588,3.5
Galaxy Restaurant,        ,   ,,,+91 80 4161 5877,4
Hyderabadi Spice,Thai        ,   ,,,+91 80 6500 0270,4
The French Loaf,French        ,   ,,,+91 80 3221 1854,3.5
Lassi Point,        ,   ,12.92669,77.63353,+91 88846 41842,3.5
Barista Lavazza,Cafe        ,   ,12.97884,77.6562,+91 80 4163 5926,3.5
Berries & Barrels,        ,   ,,,+91 80 4206 0437,4
Sri Vasavi Restaurant,        ,   ,12.92559,77.67145,+91 99807 44039,3.5
Hoysala Bar & Restaurant,Chinese        ,   ,13.00039,77.53219,+91 80 2335 9278,4
Shiv Bhog,Indian        ,Vegetarian Friendly   ,,,+91 80 4965 3242,4
Baskin-Robbins,        ,   ,12.97699,77.53151,+91 81058 85305,4
Chungs Kitchen,Chinese        ,   ,13.01012,77.58334,+91 80 2361 8861,4
Spice Square,Chinese Indian       ,   ,12.90929,77.64023,+91 97411 87992,4
Manna Sweets & Snacks,        ,   ,13.00512,77.70315,+91 99729 40070,4
Nupur Kolhapur,        ,   ,12.98464,77.5371,+91 80 2351 5657,3
Rajwada,        ,   ,12.96436,77.65902,+91 97316 78911,4
Kailash Parbat,Indian        ,   ,12.88919,77.60229,+91 99600 69000,3.5
Thanima,        ,   ,12.84626,77.67148,+91 97397 21615,3.5
Sweet Chariot,        ,   ,13.03611,77.56676,,4
Herbs & Spice Restaurant,Thai        ,   ,,,25290399,4
Sree Krishna,        ,   ,12.90753,77.5844,22284748,3.5
Udupi Uphara,        ,   ,12.95584,77.7155,+91 99018 16875,4
Delhi Base Sri Food Court,Indian        ,   ,12.85109,77.65743,+91 99168 02329,4
Ragavendra Darshani,        ,   ,13.04253,77.51387,+91 80 2839 8906,4
Ranga's Paradise,        ,   ,13.0144,77.65801,+91 98448 67564,4
Raagas RainTree,        ,   ,12.97261,77.62072,25559005,4
Ssr Dum Biriyani,        ,   ,12.92117,77.47204,+91 74115 98557,4
Three Aces Cafe,Italian Chinese       ,   ,12.99381,77.70248,+91 98868 54666,4
Butter Side Up,        ,   ,12.921466,77.67578,+91 99800 55889,4
Atithi Satkaar,        ,   ,12.96982,77.57975,+91 80 2220 6261,4
Zanzibar Pub,Pub        ,   ,12.93435,77.62362,+91 88970 55955,4
Teja Condiments,        ,   ,12.94342,77.60075,+91 95355 70316,4
Vinaya Sagar,        ,   ,12.98389,77.60807,+91 94487 96085,4
Calvin's,        ,   ,12.93579,77.60798,+91 80 2563 0179,4
Hotel Madhuvan Restaurant,        ,   ,12.970377,77.58003,+91 80 2221 1557,3.5
Biryaniwala,        ,   ,12.95584,77.7155,+91 77959 99404,3.5
MTR,Indian        ,   ,12.92382,77.52115,+91 98866 37825,2.5
N.D. Juice Bakes and Chats,Indian        ,   ,12.92988,77.5755,+91 99809 55564,4
Monks Bar & Kitchen,        ,   ,12.907534,77.60117,,
New DG Family Restaurant,Chinese        ,   ,12.97765,77.74307,+91 80 2841 3833,4
Krishna Bakery,        ,   ,13.0423,77.54779,+91 99004 56179,4
Purabhi Mirch Masala,Chinese Indian       ,   ,12.87489,77.63536,+91 80 4130 9666,4
Just Bake,Cafe        ,   ,13.01489,77.65944,+91 96206 42014,3.5
Daily Bread,        ,   ,13.09562,77.59375,+91 80 6452 6667,4
Skewer's,Fast Food        ,   ,12.95707,77.73703,+91 80 6565 8444,4
Biryani Mahal,        ,   ,13.06834,77.59719,+91 80 2675 0666,4
Taja coffee,Cafe        ,   ,12.9833,77.5833,+91 99640 26247,3
Adigas,        ,   ,13.01882,77.63944,41683468,4
Sugar Cane Town,        ,   ,12.90766,77.56382,+91 99010 50388,5
California Pizza Kitchen,Pizza        ,   ,12.93893,77.61877,+91 80 6569 6596,2.5
Chilly's,Chinese        ,   ,12.95409,77.69374,+91 80 4112 2323,4
BrewBakes Cafe,Italian Indian Fast Food Mediterranean European    ,   ,12.94119,77.6267,+91 90035 24204,4
Roll Corner,        ,   ,13.0373,77.56253,+91 99860 81488,5
Port of Pavilion,Chinese        ,   ,12.92719,77.52225,+91 80 2346 1437,4
Chocolate Graphics,        ,   ,12.97502,77.60475,+91 80 4965 3163,
Hotel Grand Taj,Indian        ,   ,12.9833,77.5833,+91 96868 15835,3
Bombay Vadapav Center,        ,   ,12.96142,77.5984,+91 90192 60262,4
New Biriyani Mane,        ,   ,13.03248,77.6443,+91 95912 17755,4
Nirmala Kitchen,        ,   ,,,+91 93794 48744,4
Paprica,Chinese        ,   ,12.96886,77.70103,+91 80 3020 8899,3
Sridhara Krupa,        ,   ,12.93892,77.56694,+91 80 2651 3368,4
Sneha Bakery,        ,   ,12.90823,77.6956,+91 82770 74143,3.5
Sunny Numkins,        ,   ,13.06233,77.58713,+91 80 2592 4702,5
B B Bakery,        ,   ,12.98454,77.55143,+91 94489 37953,4
Goli Vada Pav No. 1,Fast Food        ,   ,12.89001,77.59992,+91 96867 77677,3.5
Shanthi Sagar Veg,Cafe        ,Vegetarian Friendly   ,13.00449,77.70831,+91 99168 61111,3
Cafe Bengaluru,Indian Pizza Fast Food Healthy Street Food    ,   ,12.977201,77.54569,+91 95136 09030,4
Sri Devi Veg,        ,   ,12.90086,77.63581,+91 98458 48417,4
Subway,Fast Food        ,   ,13.11026,77.58197,+91 80 4223 4657,4
The 25th Hour,        ,   ,12.92564,77.61758,+91 80 4965 3002,4
Surya Sweets & Savouries,        ,   ,12.92549,77.60878,+91 95908 20825,4
Faaso's,Fast Food        ,   ,12.96161,77.63523,+91 78490 23939,3.5
Domino's Pizza,Pizza        ,   ,12.95147,77.64117,+91 80 2535 6100,3.5
Mickey Sweet Corn,        ,   ,12.92564,77.61758,+91 98807 40642,4
Malabar,        ,   ,12.92564,77.61758,+91 98869 00000,4
Km Bakery & Sweets,        ,   ,13.011,77.59522,+91 80 2292 4747,4
Manjushree Sweets & Chats,        ,   ,12.94292,77.59831,+91 77958 64703,4
Raj Food,        ,   ,12.85445,77.61047,+91 97314 55979,4
Lakehouse,American European Asian      ,   ,13.062235,77.61071,+91 99000 14308,
Avon,Chinese        ,   ,12.93201,77.61369,+91 80888 30300,3
Dilpasand Biryani Centre,        ,   ,12.99992,77.61097,+91 94496 66335,4
Beijing Bites,Chinese Thai       ,   ,13.01743,77.65709,+91 80 4096 5388,4
Krishna Chinai,Chinese        ,   ,12.95436,77.52306,26784287,4
Hotel Renowned Restaurant,        ,   ,13.00243,77.62334,+91 80 2670 1785,4
Ar Biryani Paradise,        ,   ,13.00966,77.67572,+91 99863 85599,4
Barista Lavazza,Cafe        ,   ,13.00931,77.58127,+91 80 4169 0965,3
Bake Junction Sweets,        ,   ,12.96383,77.52331,+91 99164 46058,4
Tasty Corner,        ,   ,13.03022,77.55962,+91 98463 23091,4
US Pizza,        ,   ,12.96609,77.70202,,3.5
Ice Berg,        ,   ,12.93423,77.61156,+91 90354 31213,
Just Bake,        ,   ,13.02847,77.57146,+91 80 4166 0022,4
Swathi Delux,Chinese        ,   ,12.97411,77.57444,+91 80 2235 6440,3.5
Wow! Momo,Asian Tibetan       ,   ,12.96861,77.5341,+91 88678 03487,2.5
New Zealand Natural Cafe,        ,   ,13.02152,77.64099,+91 87921 43492,3
Sanjeevini Andhra Style,Chinese        ,   ,12.90957,77.54992,+91 88842 04995,4
Vitalkrishna Bakery,        ,   ,12.98525,77.55422,+91 99088 79996,4
Kudla Beach Family Restaurant,Chinese        ,   ,12.99031,77.55831,+91 80 3240 9844,1
Chaatimes,Fast Food        ,   ,12.94662,77.57158,+91 99451 11997,3
Cafeteria Al - Falah,Chinese        ,   ,12.95739,77.71455,+91 90667 71044,4
Ramdev Sweet & Chats,        ,   ,13.01689,77.52028,+91 99805 37623,4
Riwaaaz Restaurant,        ,   ,13.00393,77.55372,+91 80 2337 7689,4
Sree Naveena Deluxe,        ,   ,13.04334,77.59912,+91 99017 22556,4
Goli Vada Pav No. 1,Cafe        ,   ,12.97478,77.57473,+91 95352 83163,3.5
Anamika Roll Centre,        ,   ,12.91768,77.60885,+91 93430 75672,5
Jyothi Restaurant,Asian        ,   ,13.01257,77.59586,+91 80 2597 2245,4
M K Bismillah Ambur Dum Biriyani,        ,   ,12.91666,77.60643,+91 99002 96555,4
Mr Iyer's,Indian        ,   ,12.98798,77.75071,+91 89715 41182,4
La Casa,Italian Chinese American International Asian    ,   ,13.0136,77.69186,+91 80 2691 0732,4
Pogo Chats,        ,   ,12.93663,77.56927,+91 97425 78321,3.5
Big Slice,Italian Pizza       ,   ,12.92442,77.65017,+91 80 6050 6070,4
Bake and Fresh,        ,   ,12.92732,77.61568,+91 97402 85400,4.5
Banashankari Biryani Corner,        ,   ,12.91833,77.57364,+91 99450 98254,4
Slv Tiffen Centre,Fast Food        ,   ,,,,4
Gudguda Prime Cafe,Fusion        ,   ,12.92208,77.6349,+91 98866 56686,3
Taste Buds,        ,   ,12.976,77.54,+91 97422 45073,4
Chung's Chinese Corner,Chinese        ,   ,,,+91 80 4113 2312,4
Kairali Family Restaurant,Indian        ,   ,13.02812,77.63301,+91 90360 60431,3
Cookieman India,Indian        ,   ,12.989096,77.72854,+91 70194 13437,
Roll Khazana,Chinese        ,   ,,,+91 96207 77758,3.5
Haandi Inn Restaurant,        ,   ,12.99805,77.62063,+91 80 4125 1274,3
Daily Bread,        ,   ,12.92384,77.67577,+91 80 6454 6665,3.5
Chennai Chutney,        ,   ,12.89276,77.67932,+91 97416 66674,5
Madurai Idly Dosa Shop,Indian        ,   ,12.95584,77.7155,+91 99861 78263,4
Sri Vishnu Sagar,        ,   ,12.99248,77.5798,23566879,4
KGN Chicken County,        ,   ,12.93079,77.56893,+91 80 2665 0700,4
Hotel Sahaja Restaurant,        ,   ,12.95608,77.7293,+91 80 6090 9009,3
Afs Bakes N Juice,        ,   ,12.9296,77.55812,+91 95389 52391,4
Keerthi Bakery and Juice Center,        ,   ,12.92311,77.61533,+91 97319 53141,4
New Pogo Chats,        ,   ,12.92918,77.55227,+91 95917 36252,4
Sports Bar Express,        ,   ,12.95934,77.70111,+91 80 2540 5701,3
Binge,        ,   ,12.95847,77.70107,+91 80 4902 9555,3
Nisarga,        ,   ,12.89989,77.58276,+91 80 2244 9899,4
Ashoka Darsani,        ,   ,12.97269,77.61999,+91 87228 98254,4
Comesum Multicuisine Restaurant,        ,   ,12.97434,77.56612,65904478,3
Shawns Bake House,        ,   ,12.95909,77.66046,+91 99451 12380,4
Candolim,        ,   ,12.8915,77.62204,+91 80 4965 2733,4
The Big Kahuna,        ,   ,12.95584,77.7155,+91 80672 66237,4
Mehek Dum Biriyani,        ,   ,12.96595,77.64154,+91 74112 71596,3
Sri Manikanta Bakery and Juice Centre,        ,   ,12.90443,77.62563,+91 99022 20336,4
Swagatham Biryani Express,        ,   ,12.92091,77.66485,+91 96327 26688,4
Hotel Nagashree Thejasvi Restaurant,        ,   ,12.97912,77.57678,+91 80 2226 2584,4
Domino's Pizza,Pizza        ,   ,13.094245,77.59495,+91 1800 208 1234,
Sri Venkateshwara Hot Chips,        ,   ,12.94404,77.60779,+91 95386 86921,4
Faaso's,Fast Food        ,   ,12.985258,77.67111,+91 77000 20020,2
Chowdeshwari Pani Puri Stall,        ,   ,12.99552,77.56729,+91 84530 58962,4
Crescent Bakery,        ,   ,12.98785,77.60292,+91 97408 51966,4
Wow Momo,        ,   ,12.95584,77.7155,+91 88844 29825,3
Sri Balaji Military Hotel,        ,   ,12.84498,77.66555,,4
Chicken Kabab Corner,        ,   ,12.95374,77.66103,+91 74117 87804,4
Jai Shree Sai Nath,        ,   ,12.89001,77.59992,+91 99453 59673,4
Hungryyy,        ,   ,13.06805,77.63573,+91 98863 42111,4
Om Ganesh Fruit Juice Center,        ,   ,12.9853,77.61242,,4
Kamal Bakery & Sweets,        ,   ,12.93358,77.62149,+91 99729 73974,3
Sri Ayyappa Sweets,        ,   ,12.90376,77.63114,+91 99647 44987,4
Shine Bakery,        ,   ,12.89575,77.63905,+91 89711 84453,4
Lobo's Food Lounge,        ,   ,13.01476,77.63915,+91 80 4170 0297,4
The Donut Baker,        ,   ,13.02672,77.63134,+91 80 4208 4228,4
Juice Junction Food Court,        ,   ,12.93629,77.61678,+91 80 4110 5299,4
New Shanthi Upahar,        ,   ,12.92391,77.58724,+91 80 2245 9626,3.5
Priya Juice & Chaats,        ,   ,13.04663,77.52268,+91 98459 93374,4
Tanoos Bakery,        ,   ,12.92589,77.60362,,4
Lilliput Condiments and Fast Foods,        ,   ,12.91693,77.59364,+91 99641 94558,4
The 4th Meal,        ,   ,12.92337,77.51093,+91 76248 93740,4
The Vintage Cafe,Italian Indian       ,   ,12.930183,77.546814,+91 98800 16665,4.5
Mahalakshmi Bakery & Sweets,        ,   ,13.06125,77.53398,+91 96116 16194,4
Choice Bake N Sweets,        ,   ,12.91838,77.48294,+91 96115 52345,4
Banaras Chaats and Snacks,        ,   ,12.93663,77.56927,+91 77955 87454,4
Atithi Satkaar,        ,   ,12.96895,77.62567,+91 96860 39004,3
Anisa's Kitchen,        ,   ,12.99975,77.61605,+91 98458 78300,2
Salt And Pepper,        ,   ,12.95584,77.7155,,4
J K Good Food,        ,   ,12.95917,77.65751,+91 96204 26019,4
Rolls On Wheels,        ,   ,13.11094,77.60683,,4
Srinathji's,        ,   ,12.92669,77.63353,+91 80 4116 2896,3
Ambur Biriyani,        ,   ,12.96475,77.63469,+91 95351 22043,3.5
Favorite Juice Center,        ,   ,13.01658,77.51171,+91 97421 19175,4
Dhanush Kolkatta Chats and Sweets,        ,   ,12.87767,77.61028,+91 81239 35831,4
Shahi Chicken Biryani Corner,Chinese        ,   ,12.98168,77.62936,+91 97425 72268,3
Iyengar Food Ex,        ,   ,12.95602,77.7121,+91 89048 05486,4
Iyengar's Bakery,        ,   ,12.99791,77.62064,+91 94482 27215,4
Snow Fields,        ,   ,12.91329,77.58574,+91 81475 22842,4
Savera Cafe Corner,        ,   ,12.99791,77.62064,+91 97432 27826,4
Soubhagya Bakery & Sweets,        ,   ,12.9753,77.63039,+91 80 2591 6084,4
Thela,        ,   ,12.97815,77.63664,+91 99011 89089,4
N Vi Snacks & Sweets,        ,   ,12.92011,77.60403,+91 88849 81000,4
Late Night,Chinese        ,   ,12.90393,77.56201,+91 88849 32323,3
Sri Vigneshwara Fast Food,        ,   ,13.04311,77.52032,+91 98802 29592,4
Khao Piyo Khisko,        ,   ,12.95624,77.70808,+91 80 4965 3328,3
Sri Annapoorneshwari Veg Restaurant,        ,   ,12.98726,77.47537,+91 80 2358 1122,3
Ammi's Biryani,        ,   ,12.92487,77.63783,+91 80 3945 7777,2.5
Himanchal Fresh Fruit & Juice,        ,   ,12.84788,77.66233,+91 85539 53407,4
Greens Garden,Chinese        ,   ,12.90587,77.61047,+91 96638 09382,3
Mallige Idly Food Factory,        ,   ,12.967388,77.53405,23504466,2.5
Sid's Take Away,        ,   ,12.95374,77.66103,+91 94816 30199,3
Shiva Kitchen,Chinese        ,   ,12.98279,77.58722,+91 98457 17240,3
81 Casual Dine,Chinese Indian Bar Asian Pub    ,   ,12.8885,77.6129,+91 87924 88366,
I Love Soda,        ,   ,12.99987,77.61111,+91 99024 71200,4
Sarkaar,        ,   ,12.94682,77.54352,+91 99004 84944,4
Ambur Biryani,Chinese        ,   ,12.89079,77.60708,+91 96205 34455,3
Mirchi,        ,   ,12.94095,77.54032,+91 99457 25049,4
Chinese Connection,Chinese        ,   ,12.92091,77.66485,+91 72594 54005,3
Bangalore Belly,Chinese        ,   ,12.93339,77.51595,+91 80 6569 0360,3
Desi Dhaba,Chinese        ,   ,12.92206,77.64492,+91 99002 96707,3
Yes Yes Hotel Restaurant,        ,   ,13.02299,77.70622,+91 99008 02541,4
Ole Desserts,        ,   ,12.99081,77.57581,+91 98441 24396,4
Bhaginy Residency Restaurant,        ,   ,13.03552,77.73732,+91 97428 87999,3.5
A-1 Chicken Biriyani Point,        ,   ,12.99686,77.57713,+91 99028 25328,4
Frontier Mall,        ,   ,13.0293,77.55926,+91 80 4210 7788,4
Andhra Mess,        ,   ,12.91426,77.60294,+91 97429 64787,4
A.F Bakery,        ,   ,12.94296,77.60805,+91 81233 46608,4
New Karavali Restaurant,        ,   ,13.019,77.55783,+91 80 2290 1639,4
Shree Sagar,        ,   ,12.97342,77.53843,+91 94814 74778,4
Sri Shanthi Sagar,        ,   ,13.01202,77.6255,25491970,4
Saravanan Bhawan,        ,   ,12.97291,77.64702,+91 98869 81661,4
New Royal Durbar,        ,   ,13.09958,77.57537,+91 96205 47791,4
Maha Maya's,        ,   ,13.08627,77.63503,+91 903647703,2.5
Dosa Bites,Indian        ,   ,12.95034,77.71305,+91 99007 26700,4
Courtyard,Chinese        ,   ,,,+91 80 2201 0333,4
Hotel Ashoka Restaurant,        ,   ,12.96888,77.58116,+91 80 2555 4521,4
Komala Snack Link,Chinese Cafe       ,   ,12.99755,77.61728,+91 85538 73612,3.5
Bean There Done That,        ,   ,13.01013,77.64551,+91 80 4043 0000,5
Sri Laxmi Venkateshwara Iyengar Bakery,        ,   ,12.97544,77.54146,+91 80 2553 6258,3.5
Coastal Park,Indian        ,   ,12.9577,77.65384,+91 80 2522 9033,4
Inchara Family Restaurant,        ,   ,13.10117,77.59866,+91 99801 57187,3
Beijing Bites,Chinese Thai       ,   ,12.92257,77.52062,+91 80 2860 6888,3.5
Hangyo Ice Cream,        ,   ,13.09958,77.57537,,4
Juice Junction,        ,   ,13.00242,77.52604,+91 91411 66774,3.5
Hotel Raju Restaurant,        ,   ,12.90376,77.63114,+91 88842 97161,4
Krupa Bar & Restaurant,        ,   ,12.96679,77.64841,25220808,4
Thali Family Restaurant,Chinese        ,   ,12.84652,77.68093,+91 96633 92138,4
3 Ediots,Diner        ,   ,13.03162,77.64415,,4
Mama's Eat More,        ,   ,12.97394,77.63585,+91 80 2520 0630,4
Faaso's,Chinese Cafe Fast Food      ,   ,,,+91 88844 91149,3.5
Wangs,Asian        ,   ,12.94085,77.63132,,2
Poorna Pragna Upahar Gruha,        ,   ,12.93801,77.56155,+91 98459 08254,4
Yum Kitchen,Chinese Indian       ,   ,13.02004,77.53491,+91 74060 90660,2
The Fast Food,        ,   ,13.00857,77.56786,+91 80 2334 6483,4
Bawarchi,        ,   ,12.99862,77.61546,25491767,3
Santrupti Uttar Karanataka Food Store,        ,   ,12.93343,77.63611,+91 99863 88278,3.5
Kitchen Of Chettinad,Italian        ,   ,13.01433,77.63633,+91 80 6012 4000,4
Pat's Fast Food,        ,   ,12.97521,77.53446,+91 94839 53303,4
Andra Spice,        ,   ,12.9408,77.56483,+91 99003 13542,4
Kanthi Sweets,        ,   ,13.01709,77.67119,+91 80 4229 3148,4
Sri Manjunatha Hot Chips,        ,   ,12.9408,77.56483,+91 81239 92292,4.5
Float Food and Beverages,Italian Chinese Indian European Asian    ,   ,13.022343,77.64338,+91 80 4375 8282,3.5
Subway,Fast Food        ,   ,13.03215,77.67403,+91 80 2268 2117,3
Cool Point,        ,   ,12.93399,77.61646,+91 98447 67260,4
Sree Raghavendra Sweets,        ,   ,13.02519,77.56132,+91 80 2360 1476,4
Pavan Sagar,Chinese        ,   ,12.95602,77.7121,+91 99800 40404,3.5
Vasudev Adiga's Mookambike,        ,   ,12.9111,77.51996,+91 80 2860 5959,3.5
Faaso's,Fast Food        ,   ,12.9097,77.5857,+91 88844 70701,4
Ambur Biryani,        ,   ,12.93357,77.62328,+91 98456 13541,3.5
Biryani Point,        ,   ,12.99543,77.62158,+91 80 2891 5213,4
Shilpa Bakery,        ,   ,12.89079,77.60708,+91 90363 66019,3
Beijing Bites,Chinese        ,   ,12.88919,77.60229,+91 93430 00000,3.5
Green Park Family Restaurant,        ,   ,,,+91 96862 78251,4
New Punjabi Restaurant,        ,   ,13.03353,77.60897,+91 81050 75728,4
Time Pass Bakery,        ,   ,13.00726,77.5215,+91 72599 97746,4
Sri Ramdev Sagar,        ,   ,12.93849,77.63144,,4
Goli Vada Pav No. 1,Fast Food        ,   ,13.01525,77.63933,+91 96200 08555,3
Kabab Hut,Chinese        ,   ,12.98852,77.5594,+91 99802 18278,4
Bhagyalakshmi,        ,   ,13.00046,77.57124,,4
Black Jack,        ,   ,13.03216,77.56995,+91 80 4112 9418,2
Cake Palace,        ,   ,12.9954,77.54742,+91 80 2290 2861,4
Shivas Only Veg,        ,   ,12.98512,77.57509,+91 97314 10990,4
Benito's,Italian        ,   ,,,+91 80 2524 1525,4
Biryani @ Koramangala,        ,   ,12.93435,77.62362,+91 90366 19179,4
1966 Vadapav,        ,   ,12.94653,77.59604,+91 99015 33200,4
Sri Ganesha Fruit Juice Centre,        ,   ,12.93441,77.62984,+91 80 2592 1717,3
Shakthi United Bar & Restaurant,        ,   ,12.99987,77.61111,+91 96118 34607,3
Cafe Creams N Browns,Cafe        ,   ,12.97815,77.63664,+91 88841 77741,
MumYum Kulcha's,Indian        ,   ,12.954094,77.63094,+91 78294 17505,
Deep Sagar,        ,   ,12.95275,77.6551,,3
Faaso's,Fast Food        ,   ,12.92206,77.64492,+91 88844 70704,2
Lahari Family & Garden Dhaba,        ,   ,13.08948,77.54394,+91 80503 53719,2.5
Taj,        ,   ,12.98111,77.60671,+91 80 4197 1111,2
The Tribal Restro Cafe,Chinese Indian African Cafe Diner    ,   ,12.892212,77.59032,+91 80958 84429,
Sunny Spice Fast Food,Chinese Thai       ,   ,13.0555,77.60674,+91 97425 15190,1
Mast Kalandar,        ,   ,12.93441,77.62984,+91 80 4164 1751,2.5
Anna Bakery,        ,   ,12.93859,77.62972,+91 99002 19100,2.5
Mughal Durbar,        ,   ,12.92024,77.56933,+91 80 2671 9999,3
Chinese Street,Chinese        ,   ,13.00242,77.52604,+91 98800 30303,2.5
Sree Ganesha Fruit Juice Centre,        ,   ,12.95275,77.6551,+91 98452 97734,3
Pattaka Vada Pav,        ,   ,12.92433,77.59354,+91 99026 23281,3
Goli Vada Pav No. 1,        ,   ,12.9442,77.57284,,3
Zaica Dine & Wine,        ,   ,13.0415,77.62469,+91 80 2544 4449,2.5
Sri Ganesh Darshan,        ,   ,13.03608,77.57491,+91 99809 04409,3
Arogyaz,        ,   ,12.96333,77.58958,+91 80 4286 2264,3
Sri Rama,        ,   ,12.98111,77.60671,,3
Kaati Zone,Fast Food        ,   ,12.96472,77.53814,+91 80566 60000,2
Northern Wave,        ,   ,12.96593,77.71658,+91 80 2854 1122,
Chugg,        ,   ,12.97613,77.60127,,2
Gandharva,        ,   ,12.9367,77.57976,26631181,2.5
Kusum Rolls,        ,   ,12.91815,77.6318,+91 97428 77401,3
Bangaliana,        ,   ,12.89001,77.59992,+91 98453 66458,3
Karnataka Bhel House,        ,   ,12.93954,77.58354,+91 98441 11020,3
New Kabab Zone,        ,   ,12.88083,77.58393,+91 99070 65111,3
Street Foods By Punjab Grill,        ,   ,12.991553,77.5708,+91 74283 83823,
Alfa Family Restaurant,        ,   ,12.94236,77.5942,+91 80 2657 8240,3
Ambur Biryani,        ,   ,12.94092,77.62062,+91 98458 90454,3
Golmaal Paratha,        ,   ,12.93399,77.61646,+91 80 4208 5757,3
Manjunatha Ice Land,        ,   ,12.99898,77.57835,+91 96320 50129,3
Fast Food & Samosa Center,Indian        ,   ,12.9262,77.67168,+91 72041 34287,2
Bengal Biriyani,        ,   ,13.03274,77.56643,+91 97423 55052,3
Kolkatha Speaicl Chat,        ,   ,12.94364,77.57017,+91 98442 03386,3
Mubarak Hotel Restaurant,        ,   ,13.03418,77.61487,+91 99724 52264,3
Mast Kalandar,        ,   ,12.93579,77.60798,+91 80 4173 7878,3
The Paramount Restaurant,        ,   ,12.89001,77.59992,+91 99001 71717,3
Cool Burger,        ,   ,12.92732,77.61568,+91 97397 87116,3
Nisarga Restaurant,        ,   ,13.00455,77.7083,,3
Baskin-Robbins,        ,   ,12.99298,77.66053,+91 90358 77656,3
Just Bake,        ,   ,12.89017,77.59967,+91 95380 58743,3
Shiv Shakthi,        ,   ,12.92206,77.64492,+91 90084 27624,3
Sri Annapoorna Sweets,        ,   ,13.02472,77.55996,+91 94491 52160,3
Sri Raghavendra Upahara,        ,   ,12.92091,77.66485,+91 93437 39856,3
New Ambur Dum Biryani,        ,   ,12.92091,77.66485,+91 99946 83098,3
Singh Sweets & Restaurant,        ,   ,13.00156,77.53047,+91 97390 93847,3
City Top Bakery,        ,   ,12.91675,77.51651,+91 96322 32575,3
Bourbon Bliss Sports Bar,        ,   ,12.92091,77.66485,+91 80500 03030,3
Sri Krishna Iyengar's Bakery & Sweets,        ,   ,12.97643,77.62248,+91 88926 41215,3
Ambur Biryani Point,        ,   ,12.92387,77.64001,+91 88808 77767,3
Food Court,        ,   ,12.996931,77.69642,+91 97461 52417,
South Calcutta Sweets & Chat,        ,   ,12.98764,77.6087,+91 80 4162 2069,3
Sri Mookambika Condiments,        ,   ,12.93776,77.56767,+91 99003 04455,3
Sameepa Iyengar's Bakery,        ,   ,12.93692,77.56842,+91 99451 43264,3
Calcutta Chats & Paratha Centre,        ,   ,12.9087,77.6043,+91 90369 48361,3
Hotel New Guide,        ,   ,12.96174,77.57776,+91 97310 19159,3
Sri Rama Fast Food,        ,   ,13.01476,77.48775,+91 80 2836 1660,3
Shawn Bake House,        ,   ,12.95778,77.65552,+91 80664 96733,3
Rolls Corner,        ,   ,13.1255,77.62546,+91 97520 97322,3
L.J. Iyengar Bakery,        ,   ,12.98394,77.53269,+91 80 2320 1778,3
Nandini Corner Cafe,        ,   ,12.99251,77.50242,+91 99002 65023,3
Slv Swagath,        ,   ,12.928445,77.58972,+91 94482 00410,3
Pipe 11,        ,   ,12.9885,77.55937,+91 73533 00093,3
Marmaris,        ,   ,12.84739,77.66217,+91 89041 59077,3
Paris Panini - Gourmet Sandwiches & Wraps,French Cafe Fast Food European Street Food    ,   ,12.934468,77.61469,+91 77604 52288,
S.L.V Upahara,        ,   ,12.93253,77.58598,+91 99727 63687,3
Goli Vada Pav No. 1,Fast Food        ,   ,12.92206,77.64492,+91 80 4218 8960,2
Kabab Korner,        ,   ,13.066,77.50344,25520961,3
Liquid Pearl Lounge Bar,Chinese        ,   ,12.92202,77.64495,+91 99000 13407,2.5
Arcade Biryani,        ,   ,12.87258,77.65124,+91 77606 02383,3
EggZotic,Chinese Indian       ,   ,12.961079,77.63552,+91 99011 71177,1
Anand Bavan,        ,   ,12.93723,77.54469,+91 99025 53066,4
Sweet Charit,        ,   ,13.08064,77.56041,+91 96202 82269,3
Baskin-Robbins,        ,   ,12.98392,77.72893,+91 90351 49536,3
Mahalakshmi Sweets and Juice,Asian        ,   ,13.03796,77.56523,+91 97401 88676,2
Taco Bell,Mexican        ,   ,12.85873,77.58544,+91 80 4965 3153,2.5
S R Bakery & Condiments,        ,   ,13.03266,77.65818,+91 99863 96721,3
Pizza Treat,        ,   ,13.02787,77.66466,+91 80 3256 7770,3
Sweet Chariot,        ,   ,12.978,77.63958,+91 80 2591 8869,3
Wang's Kitchen,Chinese        ,   ,12.91518,77.65174,+91 80 3925 3925,2.5
Mac Fast Food Sterling,Chinese American       ,   ,12.95929,77.65512,+91 80 2527 3292,1
Delicacy,Chinese Thai       ,   ,13.00811,77.64655,+91 80 4151 9995,2.5
Just Bake,        ,   ,13.00077,77.56308,+91 99451 84979,2.5
Cafe Ni-O-Ven,Indian Fast Food Greek Grill Healthy    ,   ,12.916245,77.61272,+91 72592 22221,
Sri Vishnu Sagar,        ,   ,12.92669,77.63353,+91 98801 22603,3
Spice Key Restaurant,Italian Chinese Indian British     ,   ,13.163791,77.63152,+91 70267 70261,
Emerald Juice Centre,        ,   ,13.02387,77.59848,,4
Cane Recipes,        ,   ,12.8438,77.60792,+91 87223 50811,3
Alwin Icecream,        ,   ,12.9377,77.55771,+91 97422 22215,4
Daily Bread,        ,   ,12.92208,77.58379,+91 80 6452 4223,4
Domino's Pizza,Pizza        ,   ,12.93253,77.58598,+91 80 4121 1500,2.5
The Cake House,        ,   ,12.97128,77.62765,+91 80 2530 9715,4
New Taj BC,        ,   ,12.98559,77.6059,,4
HKGN,        ,   ,12.90636,77.56326,+91 81475 34996,3
L J Iyengar Bakery,        ,   ,12.92206,77.64492,+91 99002 97795,3
Papa John,Pizza        ,   ,12.93919,77.61933,+91 88922 20707,1.5
Slv Iyengar's Bakery,        ,   ,12.92928,77.55228,+91 80 4173 7912,4
Honey Sweets,        ,   ,12.95903,77.59352,+91 96863 12650,3.5
Hotel Megha Darshini Restaurant,        ,   ,12.99013,77.55654,+91 81053 24712,4
Pizza Hut,Pizza        ,   ,12.86232,77.6501,+91 80 4248 2222,2.5
Ramdev Bhojanalaya,        ,   ,12.84498,77.66555,+91 74112 47981,4
Juice Gallery,        ,   ,12.93603,77.61568,+91 98455 24336,4
Jai Bhavani Dhaba,        ,   ,,,+91 95910 29951,4
Parata Junction,        ,   ,12.88496,77.6023,+91 80 4152 3399,4
Saravana Bhavan,        ,   ,12.93435,77.62362,+91 99164 30089,3
Sri Raghavendra Bakery,        ,   ,13.02703,77.59637,+91 80 2597 2390,4
National Fried Chicken,Chinese        ,   ,13.02865,77.60725,+91 87478 97666,4
Sangeet,        ,   ,12.99061,77.57289,+91 80 2346 1437,4
Ammi's Biryani,        ,   ,12.91621,77.60011,+91 80 3945 7777,2.5
Anda Ka Funda,        ,   ,12.92853,77.60932,+91 96866 26302,3.5
Shoba Sweet Stall,        ,   ,12.98772,77.54971,+91 99456 35242,4
Sri Vinayaka Fruit Juices Center,        ,   ,12.91057,77.58138,+91 99864 24260,4
Pingara Grand Family Restaurant,Chinese Indian Cafe      ,Vegetarian Friendly   ,13.06813,77.59248,+91 97413 03456,3
Qwikys Coffee,        ,   ,12.93312,77.61476,+91 80 4172 1559,4
Cafe Grill,Chinese        ,   ,12.98558,77.54282,+91 80 4096 0522,3
Khaja Hotel Restaurant,        ,   ,12.90086,77.63581,+91 95357 52491,4
Ritz,        ,   ,12.82526,77.68355,+91 80 4224 7050,2.5
S L J Iyengar Bakery,        ,   ,13.02228,77.55904,+91 98804 70534,3
The Cupcake Company,        ,   ,12.96856,77.60277,+91 81974 47699,5
Ande Ka Funda,Fast Food        ,   ,12.94039,77.62677,+91 80 6050 5100,4
Sri Raghavendra Veg,Chinese        ,   ,12.92313,77.57801,+91 99452 23262,3
Hotel Dinesh Restaurant,Fast Food        ,   ,12.97798,77.63186,+91 98459 16937,
Momoz,Chinese        ,   ,12.91648,77.61031,+91 80 4965 2568,3
"TECHila Mexican Pub, Indian Twist",Mexican Chinese Indian      ,   ,13.023858,77.6846,+91 98443 05005,
7-Star Ambur Dum Biriyani,        ,   ,12.99007,77.6109,+91 98867 89201,3.5
Mast Kalandar,        ,   ,12.93513,77.61405,+91 80 4121 4646,2.5
Sree Sagar,        ,   ,12.969,77.60974,+91 88924 70200,4
R. V. S. Madurai Mallige Idly Shop,        ,   ,12.96737,77.66554,+91 80 4091 0223,4
Ibaco,        ,   ,12.99635,77.6125,+91 89515 15309,4
Shivaji Fast Food,        ,   ,12.99217,77.59421,+91 99727 52725,4
P.B. Bakery,        ,   ,12.90183,77.60122,+91 90666 49376,4
Five Star Chikken,        ,   ,13.0587,77.56535,+91 96201 21219,3.5
Gateway Hyderabad,        ,   ,12.94264,77.59983,+91 80 4210 2287,4
Maa Paradise,        ,   ,12.91094,77.68405,+91 96633 73303,4
Cake Palace,        ,   ,12.9833,77.5833,+91 99727 43102,4
Omega Food Court,        ,   ,12.93629,77.61678,+91 80 2553 0369,4
King Ambur Hot Dum Biryani,        ,   ,12.92206,77.64492,+91 89716 18196,4
Raghavendra Fast Food,        ,   ,12.89001,77.59992,+91 98457 55927,4
JusBiryani,        ,   ,12.99694,77.61775,,4
Sada Bahar Ambur Biriyani,        ,   ,12.9644,77.57799,+91 99007 25556,4
Hotel Durga Prasad Restaurant,        ,   ,12.95758,77.51228,,4
Ruchita Ice Fantasy,        ,   ,12.95412,77.70516,+91 98865 49889,4
Le Gateau,        ,   ,12.95917,77.65751,+91 99026 16687,4
Sriranga Military Hotel Restaurant,        ,   ,13.03113,77.5956,+91 99458 77743,4
Eat Well,Chinese        ,   ,12.91966,77.65054,+91 99020 55284,4
Sri Sai Vinayaka Veg Hotel,        ,   ,12.99671,77.57157,+91 98457 72627,4
Sherlock's Pub Whitefield,Indian International British Pub     ,   ,12.96849,77.57907,+91 97315 67291,2.5
Lakeview Milk Bar,        ,   ,12.99975,77.61605,+91 98441 85246,4
New Taj Family Restaurant,        ,   ,12.97803,77.62769,+91 72049 15797,3
By The Way,Italian Chinese Indian      ,   ,,,+91 88840 38825,4
Sri Mookambika Condiments,        ,   ,12.9337,77.56821,+91 94496 47044,4
Surya Family Restaurant,        ,   ,13.06449,77.60412,+91 97424 10233,4
Zaika Restaurant,        ,   ,12.93846,77.63104,25536260,3
Kanti Sweets,        ,   ,12.9753,77.57576,+91 80 4124 1764,3
Torvaa Cafe & Restaurant,Italian American Indian Pizza Fast Food Arabic   ,   ,12.897588,77.5857,+91 86188 62883,
The Kimchi Chef Restaurant,Chinese Thai       ,   ,12.9767,77.7562,+91 88924 94435,
Paris Panini - Gourmet Sandwiches & Wraps,French Cafe European Street Food     ,   ,12.967489,77.64144,+91 82969 15821,
The Cafe @ Zorros,Cafe        ,   ,12.686174,77.47432,+91 80951 48961,
Sweet Chariot,        ,   ,13.02625,77.64086,+91 80 4161 3071,3
Bangalore Brewing Bay,Brew Pub Bar Pub      ,   ,12.992806,77.66117,+91 90430 77001,
Viviani Italian Bistro,Italian Mexican American      ,   ,12.913644,77.60709,+91 99801 11213,
Copper Chimney - Hsr Layout (takeaway),Indian Barbecue       ,   ,12.909782,77.638,+91 91525 15753,
P3 Cafe & The Lassi Corner,Cafe Healthy Street Food      ,   ,12.919829,77.646935,,
Smoothie Cafe,        ,   ,12.97076,77.60684,+91 97394 80209,
Smoor Seawood,Chinese American European Asian British    ,   ,12.971599,77.59457,+91 74001 93167,
Royal Taj,Indian        ,   ,13.03558,77.35276,+91 96867 80376,
Gallops,        ,   ,12.98023,77.58046,+91 80 2226 3575,
Chili's American Grill & Bar,Mexican American       ,   ,12.971599,77.59457,+91 93190 97394,
Al-Baik Tandoori Restaurant,Chinese        ,   ,13.01032,77.6149,+91 99865 42994,5
Freshbae,Italian Mexican American Indian Thai    ,   ,12.97194,77.59369,+91 88844 42004,
Willys Top Cafe,Italian Mexican Japanese American Spanish    ,   ,12.916957,77.59341,+91 77958 08555,
Green Bean Coffee,Italian Indian Cafe Spanish     ,   ,12.879033,77.55382,+91 86189 66567,
Mg's Fine Dining & Bar,Seafood        ,   ,,,+91 80 2222 4777,4
Goila Butter Chicken - Aurangabad,Indian        ,   ,19.877415,75.359184,+91 85888 87718,
Burma Burma Restaurant & Tea Room,Asian Burmese       ,   ,12.972448,77.60686,+91 99202 40092,
The Lassi Corner,Cafe Healthy Street Food      ,   ,12.97159,77.59606,,
Rupa Bar and Restaurent,Caribbean        ,   ,13.03023,77.56215,,
Chandra Cafe,Chinese Barbecue       ,   ,,,+91 93417 27028,4
Gilly's Resto Bar Bannerghatta Road,Pub Gastropub       ,   ,12.903827,77.6013,+91 96069 34553,
Pepper's,Indian        ,   ,12.9784,77.57642,+91 80 4965 2494,
Spot 360,        ,   ,12.923697,77.654144,+91 80676 56565,5
Sea Rock,Chinese Seafood Asian Contemporary Diner Central Asian   ,   ,13.028257,77.65239,+91 88841 28881,
BEWICHED - Sandwich Specialists,Italian American International European     ,   ,12.909877,77.63524,9.16E+11,4
Harshi Super Sandwich,Fast Food        ,   ,,,+91 95357 36455,4.5
Flame Pub and Restaurant,Pub        ,   ,12.96665,77.60661,+91 80 4153 9856,
Delicious Bites,Chinese Indian Fast Food Street Food     ,   ,13.05724,77.59886,+91 96204 52521,
Delickit Authentic Tamil Restaurant In Bangalore,Indian        ,   ,12.925571,77.60788,+91 63797 17979,
Mayur,        ,   ,12.874515,77.635025,+91 80 2553 3336,
All Cafe,Chinese Barbecue Middle Eastern Afghan Arabic    ,   ,13.076747,77.639534,+91 77959 06321,
Smoor New Bel Road,Chinese Belgian European Asian     ,   ,13.027917,77.57327,+91 95350 59858,
Al Bek Kabab Corner,        ,   ,12.99418,77.56478,+91 98800 00096,1
Moplah's,Indian Cafe Seafood      ,   ,12.933593,77.62103,+91 88679 19837,
Gooma - Dawn To Dusk,        ,   ,13.03733,77.59071,,
Bangalore,Indian        ,   ,26.514673,80.23987,,
Al Kareem Family Restaurant,Indian Fast Food Barbecue Diner     ,   ,12.983654,77.60748,+91 96860 30978,
Sorse Express,Indian Asian Bangladeshi      ,   ,12.989574,77.68815,+91 70223 88616,
Koyla's,Barbecue        ,   ,12.96686,77.58743,+91 95387 61492,
The Spice Studio,Indian Healthy       ,   ,12.966288,77.714096,+91 99163 65286,
House Of Mandiness,Chinese Indian Barbecue Arabic     ,   ,12.842654,77.645905,+91 96325 80186,
Cafe Fella,Italian Mexican Chinese Indian Contemporary    ,   ,12.959886,77.593445,+91 63637 37360,
Molly's Rooftop Bar And Lounge,Indian Beer restaurants       ,   ,12.9892,77.6644,+91 81473 17483,
Essence Of Kolkata,Chinese Indian Asian Bangladeshi     ,   ,12.3374,76.089874,+91 74830 66460,
TechTonic,        ,   ,,,,
Polar Bear,        ,   ,12.91326,77.59251,+91 80 2361 3172,2
Oota Restaurant,        ,   ,13.05591,77.5477,41440770,4
Aioli Bbq & Grill,Italian Mediterranean Barbecue European     ,   ,12.989033,77.59357,+91 96636 11776,
Cheer Up Mocktail Cafe,American Indian Fast Food      ,   ,13.01194,77.69804,+91 70199 90661,
Mathrushree Nati Systle,        ,   ,12.943198,77.52196,,
Ashok Uphar Restaurant,        ,   ,12.97512,77.57629,+91 80 2287 9776,1
Thalssery,        ,   ,12.95871,77.57637,+91 96116 50844,1
Fireside: Flame Craft Dining,Barbecue Grill       ,   ,13.024576,77.639915,9.16E+11,
The Rocks Bar And Kitchen,Chinese Indian       ,   ,12.92192,77.50912,+91 94802 32849,
Joules Cafe,        ,   ,12.95362,77.58001,+91 94821 44913,
Kaippunnyam,Indian        ,   ,12.970771,77.60669,+91 94495 19449,
Shegan Bar & Kitchen,Chinese Indian Arabic      ,   ,13.060275,77.648705,+91 81500 83500,
Platano - A Multi Cuisine Restaurant,Chinese Indian Asian Middle Eastern Afghan    ,   ,13.036986,77.62714,,
The Falcons Cafe,Indian Cafe Seafood Street Food Soups    ,   ,12.971257,77.61418,+91 63667 49612,
Rajan's Cafe,        ,   ,12.96161,77.63523,+91 80 4141 8080,4
Shri Krishna Bhavan,Chinese Indian       ,   ,12.97216,77.6529,+91 98800 88751,4
Cafe Coffee Day,        ,   ,13.03611,77.56676,+91 93411 91082,2
Orchard Table,Cafe Barbecue Asian Healthy Medicinal foods    ,   ,13.060496,77.65659,+91 98458 69109,
Avon Pub,Mexican Chinese Indian      ,   ,12.916634,77.60891,+91 97407 13336,
Bamey's Nepalese Restro,        ,   ,13.029423,77.57106,+91 80 4212 5151,1
Hatsuhi,Japanese        ,   ,12.950653,77.63921,+91 88674 70404,
Trinity Home Kitchen,        ,   ,12.97264,77.61942,+91 93438 07709,2
Lore,Italian Chinese Japanese Indian Bar Pub   ,   ,12.980158,77.58692,+91 98845 79214,
Annamma's Kitchen,Fast Food        ,   ,12.99298,77.66053,,
Mugshot,        ,   ,12.9799,77.64643,+91 80 4965 3374,2.5
Flavours Dine In,        ,   ,13.024829,77.56249,19606021791,
Nathal&lobo's,Filipino Asian       ,   ,12.91787,77.58952,+91 91487 37161,
Aditya Hyderabad Biryani,        ,   ,13.10116,77.59868,+91 99161 00837,2
Hill View,Chinese        ,   ,,,+91 80 2335 8250,5
Yaarab Mutton Stall,        ,   ,12.88982,77.62572,+91 99800 78462,2
Kwality Wall's Swirl's,        ,   ,12.95623,77.69435,+91 80951 62211,2
Magic Soda,        ,   ,13.0149,77.63285,+91 81234 50777,2
Mughal Rasoi,        ,   ,12.95584,77.7155,+91 99723 11713,3.5
Radix Nutritive,Indian Healthy       ,   ,13.147698,77.5669,+91 77803 72006,
Keetos Restaurant,Asian        ,   ,,,+91 91481 52748,4
Shoba Bakery & Sweets,        ,   ,12.93064,77.6855,+91 81979 87860,
Sitar Cafe Pizzeria Restaurant,Italian Chinese American Indian Pizza British   ,   ,13.063026,77.5919,+91 99022 77780,
Amaravathi Bar & Restaurant,Chinese Seafood Soups      ,   ,,,+91 80 2663 9222,4
Nebula,        ,   ,12.9885,77.55937,+91 80 4153 7295,2.5
Cookieman India,        ,   ,12.991613,77.571045,+91 87220 71227,
Cold Stone Creamery India,        ,   ,12.907775,77.60136,+91 80679 22488,
Peace Restaurant,Chinese Asian Tibetan      ,   ,,,+91 80 2550 0278,3.5
Rahmania Hotel,        ,   ,12.969,77.60974,+91 99728 11614,2.5
Goli Vada Pav No. 1,Fast Food        ,   ,12.95687,77.53086,+91 98453 91371,1
Mast Kalandar,        ,   ,12.96082,77.64022,+91 80 4090 3831,2.5
Tree Tops Bar & Kitchen,Indian Brew Pub Bar Cafe Asian Pub   ,   ,12.967827,77.596306,+91 73789 99275,
Three Drops Bar & Kitchen,Mexican Chinese Indian Thai Arabic    ,   ,13.037075,77.62068,+91 95132 60045,
B1 Pub,Italian Mexican Chinese Indian Thai    ,   ,13.072165,77.55619,+91 99005 89583,
Amigoo Bistro Bar,Mexican Chinese       ,   ,12.970877,77.64094,+91 76764 41388,
Paratha Junction,        ,   ,12.91581,77.60156,+91 88841 82838,3
Anna Kuteera,        ,   ,,,+91 96200 09302,4
Hatch Bangalore,        ,   ,13.02408,77.54801,+91 98453 65024,
Shanghai Times,Chinese        ,   ,12.91827,77.63136,+91 80672 66130,2
Burger King,        ,   ,12.934281,77.61119,+91 90359 87776,
Biryani Bowl,        ,   ,12.9128,77.5923,+91 88842 52160,2.5
Rice & Rolls,Fast Food        ,   ,13.00837,77.69346,+91 80 4147 8669,1
Chai Point,        ,   ,12.90719,77.63475,+91 92431 50001,4
Cafe Kolam,Chinese Indian       ,   ,12.97194,77.59369,+91 90359 13949,
Sahana Hotel Restaurant,Japanese        ,   ,12.97917,77.54266,+91 80 2224 4699,
Sutraspice,Indian        ,   ,12.93174,77.62287,,
Mast Kalandar,        ,   ,12.98558,77.54282,+91 80 4229 2871,3
Simm Kitchen,Chinese Indian Cafe Diner Healthy    ,   ,12.922688,77.65149,+91 63629 52216,
Bakers Inn,        ,   ,12.90914,77.56418,+91 97398 90369,2
Fenny's Lounge & Kitchen,Mediterranean        ,   ,12.935429,77.613686,,
Au Bon Pain,        ,   ,13.00635,77.62105,+91 98866 97400,4
Ghar Ki Thali,        ,   ,12.9676,77.6629,+91 99804 93757,3
The Cafe Multi-cuisine Restaurant,Italian Chinese Indian Pizza Cafe    ,   ,12.819034,77.513725,+91 74066 98000,
Terrace Open Grill,        ,   ,,,+91 80 2263 2222,4
Pizza Hut,        ,   ,13.06373,77.58524,+91 80 3377 3300,3
Savi Sagar,        ,   ,13.03318,77.61368,+91 80 2290 5362,2
Atthamma Foods,        ,   ,12.9683,77.73522,+91 81234 61977,3
Biriyani Mane,        ,   ,12.92724,77.57708,+91 80 2244 4614,5
Sri Athithis Inn,        ,   ,13.02097,77.68172,+91 80 6547 2396,3
Chef Baker's,        ,   ,13.00879,77.52678,+91 80 3299 6757,4
Lj Iyengar Bakery & Sweets,        ,   ,12.93082,77.57694,+91 88804 10376,3
Calcutta Chats & Parotha Centre,        ,   ,12.95441,77.52285,+91 90369 48361,3
Salem Spices,Indian        ,   ,12.95758,77.51228,+91 80 4212 6480,4
Palki Grand Fine Dine,Indian        ,   ,12.92091,77.66485,+91 99000 05485,4
Litti on Wheels,        ,   ,12.96752,77.71595,+91 99809 74187,4
Kirtunga Restaurant & Take Away,        ,   ,13.06813,77.59248,+91 77954 95029,3
Trupti Restaurant,        ,   ,12.90395,77.64146,,4
JS Food Court,Indian Thai       ,   ,12.84498,77.66555,+91 80 6595 0008,3
Nandhana Palace,Indian        ,   ,13.03578,77.52635,,
Dharwad Mishra Pedha,        ,   ,12.99802,77.60908,+91 80 2557 3625,4
Gayatri Sweets,        ,   ,12.98422,77.67798,+91 96633 60707,3
Fiat Caffe,        ,   ,13.03695,77.57334,+91 90350 02264,2.5
Keerthi's Multicuisine Restaurant,        ,   ,12.92126,77.60549,+91 80 2678 0174,4
Domino's Pizza,Pizza        ,   ,12.92091,77.66485,+91 80 4150 4331,2
Kanti Sweets,        ,   ,12.96161,77.63523,+91 80 4090 6782,3
Ambur Biryani Zone,        ,   ,12.93588,77.62824,+91 72048 30055,3
Hoskote Ragi Ruchi,        ,   ,13.00084,77.78508,+91 80 2793 1113,3
Biryani Bowl,        ,   ,12.93064,77.6855,+91 96207 01100,3
Swagatham,        ,   ,13.04161,77.61271,+91 99862 22755,
Davangere Benne Hotel,        ,   ,12.90376,77.63114,,3
Cafe Azzure,        ,   ,13.19957,77.70946,+91 97416 22462,
Hyderabad Ruchi's,        ,   ,12.96259,77.71884,+91 96202 43338,2.5
Whitefield Social,        ,   ,12.997446,77.696434,+91 80 4051 5253,
Star Ambur Dum Birayan Adda,        ,   ,13.00137,77.55554,+91 87479 78759,4
Curries & Pickles,        ,   ,12.9885,77.55937,+91 97416 69336,4
Pizza Stop,        ,   ,12.91902,77.58952,+91 80 4664 0404,3
Madhu Bar & Restaurant,        ,   ,12.742167,77.487885,,
Annapurna Hotel Restaurant,Indian        ,   ,12.95291,77.65835,41488201,4.5
Gold Bean,        ,   ,12.91174,77.6301,+91 80 2572 9596,3
Angreji,Italian Cafe European      ,   ,12.93435,77.62362,,
Bake N Choice,        ,   ,12.9209,77.6474,+91 97445 11945,3
Crunch Pizza,        ,   ,12.94039,77.62677,+91 96206 90292,3
Biriyani Corner,        ,   ,12.93102,77.51775,+91 97408 48585,3
Flavour Of India,Indian        ,   ,12.98377,77.6923,+91 72044 42600,3
Pizza Stop,Pizza        ,   ,12.9752,77.53473,+91 98801 60086,4
Just Bake,        ,   ,13.03953,77.61908,+91 80 4128 4047,5
Karma Kitchen And Bar,Italian Indian Bar Contemporary Pub Dining bars   ,   ,13.056166,77.509995,+91 91089 83883,
The Funjabi Tadka,Indian        ,   ,12.95584,77.7155,+91 80 4155 3255,2
Mishras Dharwad Pedha Shop,        ,   ,12.99952,77.57133,+91 99725 48103,5
Pizza Corner,Pizza        ,   ,12.91659,77.60025,+91 80 4115 4083,2.5
Andhra Spicy,        ,   ,12.92091,77.66485,+91 72595 95413,3
Sri Guru Nalapaka,Indian        ,   ,13.00375,77.71039,+91 80 2561 0926,3.5
Gangotree,        ,   ,12.98409,77.58632,+91 80 2226 8484,4
Suri Bar & Restaurant,        ,   ,12.95584,77.7155,+91 99808 38090,4
I'm A Foody,        ,   ,12.92091,77.66485,+91 80 4219 4819,4
Kevin's Kitchen,Chinese        ,   ,12.97467,77.65158,+91 97385 09396,4
Desi Dhaba,        ,   ,12.99278,77.57153,+91 99648 87576,3
Mano's Dhonne Biryani Centre,        ,   ,12.95374,77.66103,+91 85535 58289,3
Shree Ram Sweet Centre,        ,   ,12.88724,77.60807,+91 80 2678 3426,4
Vishnu Uphar,Cafe        ,Vegetarian Friendly   ,13.0423,77.54779,,4
Srs Restaurant,Chinese        ,   ,13.01315,77.63565,+91 80668 32208,3
Variars Make & Bake,        ,   ,13.03196,77.5954,+91 80508 88968,4
S.K. Bakery,        ,   ,12.94397,77.59665,+91 98452 83088,4
Amazing Blue Pub,        ,   ,12.98603,77.57219,,4
Natural Juice,        ,   ,12.92091,77.66485,+91 90088 74615,3
Burger King India,American        ,   ,13.094348,77.59478,+91 96326 36095,
A Taste of Rampur,        ,   ,12.98377,77.6923,+91 80 4218 7000,2.5
Shree Balaji Paratha House,        ,   ,12.92884,77.58361,+91 99863 15617,3
Sri Annapurna Sweets,        ,   ,12.93339,77.51595,+91 80 4915 4953,3
Fred's Fine Foods,Seafood        ,   ,12.97229,77.66471,25256571,
Street 48 Cafe,Mexican Chinese American Indian Fusion    ,   ,13.03379,77.57197,+91 80 4372 9659,
Randhana,Japanese        ,   ,12.93546,77.61556,+91 90080 54040,
The Street,Italian Mexican Indian Pub Street Food    ,   ,12.99675,77.50538,+91 95135 54271,
Atthebbq,Seafood        ,   ,12.925806,77.67699,+91 96209 97575,
Ocea Seafoods,Seafood        ,   ,12.98668,77.60193,+91 98440 63913,
Dal Tadkaa,Indian        ,   ,12.93335,77.55768,+91 80 2669 1763,4
Desi Tadka,        ,   ,12.89134,77.62207,+91 80 4175 1636,4
Kutumba Kitchen,Indian        ,   ,12.97194,77.59369,9.16E+11,5
Abhiruchi Palace Restaurant,Chinese        ,   ,13.00608,77.63604,+91 80 2542 2854,4
Green View Dhaba,Chinese Indian       ,   ,13.109926,77.63371,+91 90088 00038,
Utopia,Chinese        ,   ,12.94966,77.70179,+91 74067 40712,5
BEiR,American        ,   ,12.974546,77.60739,+91 96202 99966,
Dilli Snack Haat,Chinese Indian       ,   ,12.860847,77.6129,+91 91136 31966,
Atmaya,Mediterranean        ,   ,,,+91 80 4200 3146,4
Ponnusamy India,African        ,   ,12.989044,77.728065,+91 80562 77747,
Hotel Anandvihar Restaurant,International Asian       ,   ,12.96239,77.57613,+91 80 2670 8225,
Laddoos,Indian        ,   ,12.96799,77.65231,+91 80 4151 8859,3.5
Rua De Goa,Indian Seafood       ,   ,,,+91 95450 61854,
Kaaranji Restaurant,Italian Chinese Indian      ,   ,12.917804,77.52049,+91 90082 25225,
La Heaven,French American Belgian European     ,   ,13.007329,77.571075,+91 70191 30644,
Desi Firangii,Chinese Indian Asian Bangladeshi     ,   ,12.93629,77.61678,+91 80 4854 1843,
Dream a Dozen,Contemporary        ,   ,12.891397,77.58167,+91 88617 39269,
Frozen Coast,Indian Cafe Fast Food      ,   ,13.02994,77.55355,+91 98860 92727,
The Foodies,Indian        ,   ,12.937115,77.624435,+91 83173 27281,
Mr. Soup & Mrs. Salad,        ,   ,12.97465,77.60788,+91 80 4099 9165,
Mandarin Box,Chinese        ,   ,12.97524,77.60376,+91 80 4022 2999,
Pavili-Oven,Italian Japanese Pizza      ,   ,12.9682,77.60067,+91 80 4141 4141,
S.L.V Refreshment,        ,   ,12.9333,77.55758,+91 97310 01499,4
Al Fillfilah Mandi Majlis,Indian Arabic       ,   ,12.928341,77.59566,+91 98450 35635,
Sri Matha Sagar,Cafe        ,Vegetarian Friendly   ,12.87746,77.66715,+91 98867 89843,3.5
U.S.Pizza,Italian American Indian      ,   ,12.97592,77.72129,+91 99001 82500,
Big Daddy,Fast Food        ,   ,12.95875,77.61567,+91 80 4091 5533,
The Bel St.,Italian Chinese American Cafe Fast Food    ,   ,13.054549,77.59192,+91 91086 27766,
Savoy Castle,Chinese Indian Southwestern Cafe South American    ,   ,13.101245,77.57265,+(91)6366932444,
Goila Butter Chicken - Hebbal,Indian        ,   ,13.041285,77.624596,+91 85888 87718,
Knight Riders,        ,   ,12.95691,77.64148,+91 80 4164 5706,
Biryani By Kilo - Sarjapur,Indian        ,   ,12.908269,77.67635,+91 1800 212 2212,
Nagarjuna,Indian        ,   ,12.933637,77.62113,+91 80 4099 6000,
Fish Corner,Chinese Seafood Deli      ,   ,13.02252,77.55911,+91 92424 41255,
Meat Treat,Steakhouse        ,   ,12.99428,77.62543,+91 99160 29972,
Meghana Foods,Indian Asian Diner      ,   ,12.934626,77.61628,+91 80 4146 3738,
Westeros Rooftop Lounge,Italian Chinese Indian Southwestern Fast Food    ,   ,12.940422,77.62474,+91 90715 46020,
Enzo Oliveri Italian Kitchen,Italian        ,   ,12.979265,77.64348,19731084132,
Pizza Love,Italian Pizza       ,   ,12.93358,77.62088,+91 96208 23053,
Nirula's,Italian American Indian Fast Food Healthy    ,   ,12.966792,77.64227,+91 1800 102 5247,
Oottu,Indian Cafe Seafood      ,   ,12.845192,77.588135,+91 97315 52255,
The Brooklyn Tap,Mexican American Pub      ,   ,12.971903,77.600914,+91 91489 83042,
Bbq Ride,Barbecue        ,   ,12.96084,77.60219,,
Barbeque Delight,Barbecue        ,   ,13.07206,77.56064,+91 73489 28928,
Banjara,        ,   ,,,+91 80 2201 1500,3.5
Sands Of Time Restro Cafe,Italian Chinese Indian Cafe Asian    ,   ,12.900615,77.585846,+91 81471 71604,
Le Arabia Restaurant Maratha Halli,Arabic        ,   ,12.96643,77.58718,+91 79999 66664,
Happy Place,American        ,   ,12.96146,77.59418,,
Hotel Ganesh Prasad Restaurant,        ,   ,12.96694,77.57664,+91 80 2227 4548,
Xtreme Sports Bar & Grill at Earthen Bowl,Italian Chinese Indian Lebanese Mediterranean Grill   ,   ,12.978602,77.69665,9.19E+13,
CrossTownJapan,Japanese        ,   ,13.023689,77.639854,+91 80 4099 2265,
Iceberg,        ,   ,13.01743,77.65709,+91 80 4965 3389,4
The Spice Bazaar,Indian        ,   ,12.967827,77.596306,+91 91489 01222,
Chowman Marathahalli,Seafood        ,   ,12.957079,77.71504,+91 1800 890 2150,
Nakshatra,Cafe        ,   ,12.91173,77.59451,,
Dine Champs,Chinese Indian Seafood Street Food Soups    ,   ,12.952289,77.69594,+91 76767 37807,
Swachh Ahaara,Indian Fast Food       ,   ,13.064556,77.74116,+91 99866 77091,
Graffiters Food Hub,Italian Indian European Arabic     ,   ,12.968274,77.65026,+91 70199 60369,
Idli Mane,        ,   ,,,+91 97428 82625,4
Sip N Dine,Diner        ,   ,,,+91 99006 24953,3.5
Goila Butter Chicken - Sarjapur Road,Indian        ,   ,12.908431,77.67639,+91 85888 87718,
South Inn Restaurant,        ,   ,12.91013,77.63245,+91 80 2572 2555,4
Momos,Chinese Lebanese Mediterranean      ,   ,,,+91 96117 35722,5
Goli Vada Pav No. 1,Fast Food        ,   ,,,+91 97402 09716,4.5
Biryani By Kilo - Yelahanka,Indian        ,   ,13.098499,77.57354,+91 1800 212 2212,
Biryani By Kilo - Whitefield,Indian        ,   ,12.977374,77.72483,+91 1800 212 2212,
Board 4 Bored,Cafe        ,   ,12.940428,77.57134,+91 96061 73535,
Sudershan,Indian        ,   ,12.332807,76.60789,,
Kings Club Resto-bar,Indian        ,   ,13.042,77.5247,+91 78764 33433,
Loca Moca,Indian Cafe Barbecue      ,   ,12.91404,77.5995,+91 95350 15239,
Haldiram's Restaurant,Indian        ,   ,12.888538,77.562935,+91 85534 70189,
Yalla Arabic Restaurant,Arabic        ,   ,12.955757,77.726395,,
Ministop Brownies,Indian Fast Food European Asian Street Food    ,   ,12.932561,77.58938,+91 98869 56711,
Cafe Siri,Indian        ,   ,12.964218,77.71308,+91 81058 31046,
Whitefield Tiffin Service,Seafood        ,   ,12.96795,77.75739,+91 99160 38016,
Goli Vada Pav No.1,Chinese Fast Food       ,   ,,,+91 98458 88771,4
Goila Butter Chicken - Yelahanka,Indian        ,   ,13.098501,77.573746,+91 85888 87718,
Haru Asian Bistro,Chinese Japanese Cafe Asian Korean    ,   ,13.064213,77.57848,+91 90355 34433,
Khichdi Experiments,        ,   ,,,+91 95979 50383,4.5
Uncle Johnny Cafe,Italian Mexican Indian      ,   ,12.93513,77.61405,+91 73385 59550,
Pathaan Saheb,        ,   ,12.93435,77.62362,+91 80 4095 3211,3.5
Paris Panini - Gourmet Sandwiches,French Cafe Fast Food European Street Food    ,   ,12.934043,77.615486,+91 77602 53076,
Eesalacupnamdecafe,Italian Pizza Seafood Healthy Soups    ,   ,12.92813,77.59797,+91 80 4164 3168,
Anupam's Coast To Coast,Seafood        ,   ,12.974601,77.60738,+91 80 4965 2447,
Little Baghdad,Arabic        ,   ,12.962484,77.588455,,
Cafe 43 East,American Indian Cafe Barbecue     ,   ,13.021688,77.64754,+91 78920 72621,
Kudla Delight Coastal Cuisine,Indian Seafood       ,   ,12.853488,77.66418,+91 63648 65577,
Little Black Choux Cafe,Italian        ,   ,12.970162,77.640175,+91 75502 58367,
Bangalore Bistro,Italian Indian Mediterranean      ,   ,,,+91 80 4113 1616,4
Tap House Resto Bar,Chinese        ,   ,12.84652,77.68093,+91 80 4965 2645,2
21st Amendment Gastro Bar Indiranagar,Pub Gastropub       ,   ,12.933191,77.62306,+91 96866 90312,
Fine Flavors,Chinese Indian Pizza Asian     ,   ,12.893458,77.55843,+91 98886 04060,
Shiva Shakthi Jalebi Samosa Centre,Pub        ,   ,,,+91 90084 27624,4
Mellow Mood Cafe,Italian Chinese Indian Asian Soups    ,   ,12.793104,77.50499,+91 80739 13290,
Gopal Dhaba,        ,   ,13.03446,77.57088,+91 97398 30368,3
Ambur Royal Birayan,        ,   ,12.93359,77.62137,+91 89045 77234,1
Barbeque Nation,Indian Barbecue       ,   ,12.914705,77.59943,+91 80 3500 2045,
Daily Fresh,        ,   ,12.93492,77.61597,+91 89044 20168,3
Club Pizza 360,Italian Pizza Fast Food Neapolitan Campania Central-Italian Southern-Italian  ,   ,13.05835,77.58509,+91 6366 605 577,
Shine Restaurant,Chinese Indian Healthy Soups     ,   ,12.904211,77.62768,9.16E+11,
Chickpet Donne Biryani House,        ,   ,,,+91 98453 57285,3.5
KC Das - The Delite Foods,        ,   ,13.03316,77.68369,+91 98454 93476,3
Cool N Palace,        ,   ,12.84084,77.67175,+91 85538 20686,3
Lakshmi Upahara Veg,        ,   ,12.96181,77.59457,+91 77601 00345,4
Amravati,Chinese        ,   ,12.98791,77.52816,+91 99161 41899,4
Chefs Creation,Seafood International       ,   ,12.95476,77.70471,+91 88928 38969,4
Siman Restaurant,        ,   ,12.96074,77.4778,,3
B Town Barbeque,Barbecue        ,   ,12.973067,77.52742,+91 63646 66617,
Burger King,        ,   ,13.045134,77.62647,+91 86558 53849,
Cycle Gap Resto Bar and Pub,Chinese Indian       ,   ,12.957236,77.507286,+91 98864 99455,
North Indian and Bengali Mess,Indian        ,   ,12.92208,77.6349,+91 97395 94937,4
Biryani Mane,Indian        ,   ,12.94236,77.5942,+91 97318 63311,3
Juice Junction,        ,   ,12.93629,77.61678,+91 92412 99915,4
Juice N Ice,        ,   ,13.00049,77.61754,+91 99646 24558,4
Kubera Biryani Paradise,Chinese        ,   ,12.88585,77.60239,+91 80 2578 0248,3
Sambram Paradise Restaurant- HSR Layout,Indian Seafood Fast Food      ,   ,12.907091,77.648964,+91 99861 44151,
Apsara Bakery,        ,   ,12.98476,77.60519,+91 80660 37111,4
Taruni Andhra Mess,        ,   ,12.93435,77.62362,+91 81237 40250,3
Adithya Veg,Indian        ,   ,12.89771,77.58258,+91 80 4160 2728,2.5
Cake Magic,        ,   ,12.89276,77.67932,+91 96329 66203,4
Sumukha Juice Centre,        ,   ,13.00024,77.57365,+91 89713 57276,2
Burgermeister Ms Ramaiah,American Cafe       ,   ,13.030023,77.56328,+91 97394 58077,
Sree Venkateshwara Sweets and Chats,        ,   ,12.9073,77.69559,+91 97316 79240,4
Au Bon Pain,        ,   ,13.01293,77.71505,+91 80 4094 1171,3
Slv Iyengar Bakery & Sweets,        ,   ,12.96228,77.54058,+91 99021 47519,4
Cafe Runway,Italian Chinese       ,   ,13.206649,77.668564,+91 78997 04705,
Lj Iyenger Bakery,        ,   ,12.93587,77.5686,,3
Kabab Palace,Chinese        ,   ,12.97297,77.63589,+91 80 2529 6419,3
Raseela Bistro,Mexican Indian Cafe Barbecue Arabic    ,   ,12.964412,77.58669,+91 99453 26069,
Daily Bread,        ,   ,12.85898,77.56951,+91 80 6454 6662,3
Coffeebucks Cafe,Italian Pizza Cafe      ,   ,12.917596,77.58599,+91 81500 01090,
Chettinad Food House,        ,   ,12.94084,77.54451,+91 94484 67130,4
Bangalore Brewing Bay,Brew Pub Pub       ,   ,12.992928,77.661575,+91 90430 77001,
Pappadomz,        ,   ,12.96865,77.64977,+91 80 4201 2402,2
Swada Fine Dine,Indian        ,   ,12.894582,77.58182,+91 98446 72333,
Amma Ambur Biryani and Kababs,        ,   ,12.95946,77.64071,+91 97427 66713,2
Chickpet Donne Biryani House Vijayanagar,        ,   ,12.968551,77.537346,+91 80 2314 6261,
Bliss Chocolate Lounge,        ,   ,12.89001,77.59992,+91 99459 09109,2.5
Smoor Signature Lounge - Indiranagar,Italian European Asian      ,   ,12.96994,77.64151,+91 80 2521 1901,
Mirage,Italian Chinese Indian      ,   ,12.962484,77.588455,+91 95389 41981,
Essence Of Kolkata,Chinese        ,   ,14.882195,75.57454,17483066460,
Sathya's Restaurant,        ,   ,13.06167,77.55592,42010044,3.5
Ambur Biryani,        ,   ,12.93629,77.61678,,2
Mcdonald's,Fast Food        ,   ,,,+91 80660 00666,4
56 Bhoga,        ,   ,12.89646,77.6591,+91 98861 53740,3
Cantan - Chinese Bar House,Chinese Japanese Asian      ,   ,12.970763,77.59751,+91 98861 18967,
The C@fe,Italian Chinese Indian Pizza Fast Food    ,   ,12.819178,77.51378,+91 74066 98000,
Seven Sisters,Indian        ,   ,12.95593,77.65481,+91 80 3051 5690,
Domino's Pizza,Pizza        ,   ,,,+91 80 2854 2445,4.5
Yadavs Multi Cusine Restaurant,        ,   ,12.96794,77.6479,41150015,3.5
Hotel Prashanth Restaurant,        ,   ,12.84033,77.66287,+91 96869 17599,1
Siddhas,        ,   ,12.91238,77.5857,+91 81050 69903,4
Amruth Parkland,Chinese        ,   ,12.92484,77.63779,+91 80 2782 2292,3.5
Blueberry Restobar,Chinese Indian       ,   ,13.011456,77.67996,+91 96206 96303,
Brundavanam,        ,   ,12.96956,77.73548,+91 95382 22118,3
Slounge,Indian Barbecue       ,   ,,,+91 98104 62329,
Friend's Meet,        ,   ,13.03022,77.55962,+91 88446 86899,4
Sri Krishna Darshini,        ,   ,12.95234,77.57648,9.18E+12,3
Pushpa Darshini,        ,   ,12.91173,77.59451,+91 94822 13336,3
Happy Belly Bakes,American Cafe       ,   ,12.967753,77.600296,+91 80 4146 1178,
Shree Ganesh Fruit Juice Centre,        ,   ,12.95374,77.66103,,3
Gandharva Mess,Cafe        ,Vegetarian Friendly   ,12.95803,77.56849,+91 99862 55533,3
Terrace By House Of Commons,American Indian Contemporary Fusion     ,   ,12.913562,77.58574,,
Zwarma,Indian Lebanese Mediterranean Middle Eastern Arabic    ,   ,12.959455,77.519615,+91 99167 28800,
Munnaas Karali Restaurant,        ,   ,12.95847,77.70107,+91 84535 04404,3
Mynt,        ,   ,13.081,80.274,+91 80666 04545,1
Pizza Corner,Pizza        ,   ,,,+91 99455 57777,4
La Vigna,        ,   ,12.97194,77.63332,+91 80 2359 2359,4
Sri Ram Sweets Centre,        ,   ,12.8438,77.60792,+91 97404 39701,4
Slvb Cake Shop,        ,   ,12.94325,77.55862,+91 99645 01184,3
Ebony Bristro,        ,   ,12.97232,77.59878,41252333,4
Ruchi Fast Food,        ,   ,12.92563,77.54971,+91 88672 73268,4
Koli Mane,        ,   ,12.97786,77.54231,+91 80 2332 6789,3
Sandwich Binge,Cafe Fast Food International      ,   ,12.96557,77.60625,+91 97403 66005,
Oftr_blr,Pub Gastropub       ,   ,13.04124,77.6246,+91 73492 15006,
Bharath Restaurant,        ,   ,13.06578,77.63775,+91 78478 16333,3
Manjushree Fish Palace,Seafood        ,   ,12.95943,77.51834,+91 94480 78798,
Biggies Burger Hsr Layout,American Cafe       ,   ,12.912354,77.64244,+91 90199 10516,
Sampurna,Indian        ,   ,12.972455,77.626274,+91 93532 99817,
Gowda's Hotel Rajaatithya - Naati Style Family Restaurant,Indian        ,   ,13.018786,77.55792,+91 78922 74635,
Ande Ka Funda,Fast Food        ,   ,12.91007,77.57819,+91 90360 07823,
Cafe Coffee Day,Cafe        ,   ,12.96956,77.73548,+91 80 3248 9331,
Paani Cum Chai,        ,   ,12.92855,77.59337,+91 98867 44189,3
Supreme Foods,        ,   ,12.96713,77.57717,+91 80 2287 0086,
Domino's Pizza,Pizza        ,   ,12.97304,77.61695,+91 80 2532 9010,
Chungwaa Restaurant,Chinese        ,   ,12.974059,77.60931,+91 80 2555 0053,
"Coconut Grove, Church Street",Indian        ,   ,12.97521,77.60441,+91 80 2559 6149,
Le Charcoal Brookefield,Arabic        ,   ,12.964982,77.71815,+91 77953 00099,
Biriyani Zone,        ,   ,,,+91 99800 00887,4
The Parisian Cafe by Breadworks,French        ,   ,12.97459,77.61004,+91 84318 20003,
Khan Saheb - Grills & Rolls,Middle Eastern        ,   ,12.92586,77.58594,+91 95354 24444,
Kabul Express,Afghan        ,   ,,,+91 99809 55512,2
Biriyani Stand,Indian        ,   ,12.77961,77.77062,+91 95385 14949,
The Groot,        ,   ,12.989509,77.72858,+91 90191 54258,
Pizza Hut,Pizza        ,   ,12.989368,77.711914,+91 1800 202 2022,
Visantoe,Seafood        ,   ,12.993821,77.66097,+91 98451 64021,
Dambals Veg,Indian        ,   ,13.024463,77.548645,+91 99642 22683,
Gofish Ombr,Seafood        ,   ,13.008321,77.6504,+1 901-904-6266,
Masala Haandi,Indian        ,   ,12.888818,77.57289,+91 80 4890 2048,
Sri Bhagya Sagar,Chinese Indian       ,   ,12.84496,77.67756,+91 80 2573 4446,3.5
Cocoa Sweet,Fast Food        ,   ,12.96491,77.58945,+91 98806 04886,
Asian Decor,Asian        ,   ,12.953684,77.5429,,
Biggies Burger,American        ,   ,12.886836,77.58196,+91 90199 10511,
2 Fish,Seafood        ,   ,12.96791,77.65274,+91 98860 90888,
Dilli Se,Indian        ,   ,13.0629,77.5917,+91 99453 40666,
Mtr,Indian        ,   ,12.916472,77.6448,+91 98867 05959,1
Marina Seafood Club,Seafood        ,   ,12.97097,77.60848,,
J's Cafe,        ,   ,12.969608,77.64126,+91 89040 90009,
Five Star Chicken,Fast Food        ,   ,,,+91 81053 66669,3
Wok Monk Bangalore,Asian        ,   ,12.928956,77.582664,+91 98801 04000,
Tanvi Restaurant & Bbq Lounge,Barbecue        ,   ,13.0609,77.57398,+91 77600 40046,
Green House Family Restaurant,Barbecue        ,   ,12.90948,77.47939,+91 80 2848 4693,
Burger King,American        ,   ,13.152288,77.62089,+91 86575 98639,
Pazzo,Italian        ,   ,12.91322,77.63237,+91 95000 26246,3.5
Spice Elephant,        ,   ,12.93799,77.55698,+91 80 4965 2445,4
Hotel Arkavathi Veg & Non-Veg,        ,   ,12.90368,77.49082,26712468,
Flying Spaghetti Monster,Italian        ,   ,12.96672,77.64151,+91 99667 66652,
Mainland China,Chinese        ,   ,12.975317,77.603546,+91 80 4090 1416,
Ciros Pizzeria,Italian        ,   ,12.970137,77.6385,+91 99456 01701,
Fish Corner,Seafood        ,   ,13.0282,77.56177,+91 80 4121 0848,
Subway,Fast Food        ,   ,,,+91 80 4166 5051,4
Vybhav Darshini,Cafe        ,Vegetarian Friendly   ,12.97802,77.57835,+91 99065 29773,
Ande Ka Funda,Indian Fast Food       ,   ,12.90393,77.56201,+91 98443 52310,5
The Parisian Cafe by Breadworks,French        ,   ,13.02844,77.58632,+91 80 2362 1318,
The Seafood Mart Koramangala,Seafood        ,   ,12.9409,77.61854,+91 99805 30741,
Tortilla,Mexican        ,   ,12.96896,77.7356,+91 96118 40156,
Magique Avikk Hospitality,Indian European Asian Pub Gastropub Central Asian   ,   ,12.962484,77.588455,+91 96193 99117,
Mekong,        ,   ,12.908325,77.600685,+91 80665 15151,
Biggies Burger,American        ,   ,12.979301,77.64106,+91 99867 69000,
Vaayu Sky Lounge,Chinese American Thai      ,   ,12.96984,77.60653,+91 80 4111 8477,
Nammuru Mangaluru,Seafood        ,   ,13.07273,77.60305,+91 86606 46434,
Abeo's Kitchen,American Seafood       ,   ,12.99435,77.58527,+91 98866 27662,
Punjabi Veg Restaurant,Indian        ,   ,12.97084,77.57415,+91 97401 96732,
Karavali Delex Restaurent,Mediterranean        ,   ,13.0195,77.55641,+91 81972 91815,
Ambur Chicken Biryani,Fast Food        ,   ,12.95611,77.69797,+91 96633 54512,4
Rolls on Wheels,Cafe        ,   ,12.93349,77.63056,+91 96866 89359,2.5
Linto Coffe,Italian        ,   ,12.88341,77.60657,+91 99722 22709,
Five Star Chicken,Fast Food        ,   ,,,+91 99457 61004,4
Pizza Hut,Pizza        ,   ,12.96713,77.60659,+91 1800 202 2022,
Green Chillies Restaurant,Chinese        ,   ,12.84742,77.67079,+91 97396 10122,4.5
The Barbeques,Barbecue        ,   ,13.01785,77.53838,+91 80 4216 6666,
Ignite,Chinese International       ,   ,12.96248,77.64929,+91 80 4070 3703,
Wrapz - BBQ & Grill,Fast Food Barbecue       ,   ,12.92704,77.60239,+91 80 4121 2456,
Ciros Pizzeria,Pizza        ,   ,12.96683,77.60856,+91 72005 17331,
Connect Cafe,French Cafe Soups      ,   ,13.0158,77.65181,+91 99452 48507,
Andhra Tiffin Centre,Seafood        ,   ,12.85032,77.65553,+91 98865 00170,
New Indian Restaurant,Seafood        ,   ,12.98664,77.74376,+91 89048 69986,
Pizza Hut,Pizza        ,   ,12.975295,77.60359,+91 1800 202 2022,
Eggstacy,Fast Food        ,   ,13.02551,77.5622,+91 93425 03700,4
Marisqueria,Seafood        ,   ,12.899411,77.65922,+91 81973 50631,
Spice N Wok,Chinese Asian Thai      ,   ,12.95691,77.74168,+91 80 2852 5000,
Royal Savera,Chinese        ,   ,12.99543,77.62158,+91 80 2547 2233,
Asian Plast,Asian        ,   ,12.973513,77.574585,,
The Egg Factory,Italian        ,   ,12.9807,77.61607,+91 80 4124 1093,
Mast Kallandar,Barbecue        ,   ,12.96833,77.53335,+91 80 6569 1544,
Cinc,Seafood        ,   ,12.928951,77.58269,+91 80 4965 3340,
Sangam Sweets,Indian        ,   ,13.098422,77.57328,+91 96062 18703,
The Pizzeria,Italian Pizza       ,   ,13.01743,77.65709,+91 97398 71033,3.5
Amma's Pastries,        ,   ,13.02547,77.60497,+91 95906 07750,4.5
Bonhomia,Cafe        ,   ,12.939734,77.56677,+91 95913 36494,
Daily Sushi,Sushi        ,   ,12.956689,77.73198,+91 78999 46331,
Kenzai,Japanese        ,   ,12.970019,77.610085,9.16E+11,
Dragon Phoenix,Vietnamese        ,   ,13.03274,77.56643,+91 99167 25844,
Kailash Parbat,Indian        ,   ,12.933975,77.58263,+91 91489 64264,
Janus Enterprises,Italian American Indian Contemporary     ,   ,12.97792,77.63921,+91 99863 93788,
Cafee Malabari,South American        ,   ,12.87116,77.57612,+91 80 2550 7373,
Papa John's Pizza,Pizza Fast Food       ,   ,12.918887,77.52048,+91 80 2860 4665,
R T O North,        ,   ,13.0324,77.53329,23376039,
The Salad Studio,Healthy        ,   ,12.92529,77.6695,+91 98807 09160,
Zaitoon,Middle Eastern Afghan       ,   ,12.902989,77.585754,+91 80 4965 2697,
The Indian Restaurant,Indian        ,   ,13.068984,77.58059,+91 89519 59570,
Coastal Hungama Sea Food Kitchen,Seafood        ,   ,12.849894,77.65805,+91 74060 93198,
Mercure,        ,   ,12.97539,77.52836,25352266,5
Pizza Hut,Italian Pizza       ,   ,13.01437,77.658,+91 80 3377 3300,3.5
Roll Er Dokaan,Barbecue        ,   ,12.968574,77.64922,+91 96329 46070,
Hotel Karavali Spice Restaurant,Thai        ,   ,,,+91 96635 99237,4
Foodee Zone,Chinese        ,   ,12.98392,77.72893,+91 90080 11911,
Adithya,Chinese        ,   ,12.92845,77.60027,+91 80 2245 9120,
Pradhaman Restaurant,Indian Seafood       ,   ,12.85898,77.56951,+91 76760 22128,
Khayal Restaurant,Middle Eastern Persian       ,   ,13.024195,77.63293,+91 98450 14531,
Fish Factory,Seafood        ,   ,12.98614,77.59566,+91 81508 28222,
Swaad,Chinese        ,   ,12.96181,77.59457,+91 99868 68242,
Foodiespizza,Pizza        ,   ,10.764925,79.84538,+91 91592 33146,
Kannan Cafe,Indian        ,   ,12.981344,77.67598,+91 81977 05621,
Urban Foods,Italian American Indian      ,   ,12.91948,77.64643,+91 80883 23828,
Chicken Man,American Cafe Fast Food European Healthy    ,   ,12.9212,77.683365,+91 98801 14077,
Smokeybarbeque,Barbecue        ,   ,12.918104,77.48015,+91 96202 88883,
Sampurna,Chinese Indian       ,   ,12.972542,77.62597,+91 93532 99817,
Mallige,International        ,   ,12.99774,77.57141,+91 80 4040 2323,
Davis Bar and Restaurant,        ,   ,13.01269,77.62702,+91 80 2548 4555,4
Cafe Kababs,Chinese Indian Arabic      ,   ,13.011567,77.61652,+91 99021 28111,
Barbeque Nation,Barbecue        ,   ,12.981797,77.563225,+91 80 6902 8722,
Mountain Spice,Chinese Indian Asian Tibetan Nepali    ,   ,12.9409,77.61512,+91 91488 64738,
Soopersouth,Indian        ,   ,12.69678,77.61583,+91 88679 19830,
Apna Dhaba,Indian        ,   ,12.940331,77.5644,+91 74832 33165,
Kings Club,        ,   ,13.042,77.5247,+91 78764 33433,
Shadow Fast Food,        ,   ,12.9747,77.60789,+91 98443 97966,
Pasta Street,Italian Pizza Wine Bar      ,   ,12.907081,77.69457,9.18E+11,
Ammi's Biryani,        ,   ,12.97976,77.64646,+91 80 3945 7777,
Phoenix Market City,Chinese        ,   ,12.97751,77.7101,+91 80 4962 6176,
Toast on Terrace,Italian Indian Bar European Pub    ,   ,12.896592,77.57037,+91 86976 51285,
Bramble Kitchen And Bar,Italian Chinese Indian Southwestern     ,   ,12.917593,77.57436,,
Gold Line Breadz,        ,   ,13.02857,77.65225,+91 80 2545 2799,4.5
Kuuraku Bangalore,Japanese        ,   ,12.972602,77.60692,,
Grub Monkeys Koramangala,American        ,   ,12.936438,77.61504,+91 77608 98973,
Little Cafe,Italian        ,   ,12.948936,77.57749,+91 80 4211 3033,
Ajna Spa,Indian        ,   ,21.18137,81.33965,+91 80 3559 3070,
Keval Cafe,Chinese American Indian      ,   ,12.820435,77.7856,+91 96631 70330,
Chowman - Bellandur,Seafood        ,   ,12.923148,77.67119,+91 1800 890 2150,
Pepper Mill Bistro,Cafe        ,   ,13.02152,77.57226,+91 80 4152 3055,
Bumblebee Brauhaus,Chinese Indian Pizza      ,   ,12.969075,77.64159,+91 74060 00098,
Uttara Karnataka Food Stores,Fast Food        ,   ,,,+91 94482 61201,5
Kulfi Adda,        ,   ,12.95632,77.70683,+91 93795 44439,2
Onions,        ,   ,12.95804,77.73169,+91 76769 97535,2
Denny's,        ,   ,13.0989,77.59761,,1
Mulbagilu Dosa Point,Indian        ,   ,13.058842,77.58601,+91 96208 09999,
Machali Port,Seafood        ,   ,12.886707,77.582405,,
Bella Mangalorean Cuisine,Seafood        ,   ,12.93029,77.58611,+91 89712 85555,3
Miya Bhai Barbeques,Barbecue        ,   ,12.877126,77.61516,+91 98457 58189,
Jade,International        ,   ,12.93859,77.62972,+91 80 4060 7777,3.5
Rasa Sangam,Chinese Indian       ,   ,13.071099,77.651855,+91 97315 36511,
Bongicious,Chinese Indian       ,   ,12.881681,77.62616,+91 95354 15801,
Veg Brooo Rajajinagar,Chinese Indian Fast Food Asian Diner    ,   ,12.996173,77.554634,+91 80881 32400,
Oziano Bangalore,Indian        ,   ,12.960064,77.7138,+91 81006 68219,
A1 Ambur Biryani,        ,   ,13.02315,77.55938,+91 97316 73997,3
Simpli Namdhari's,American Indian Pizza Asian Soups    ,   ,12.97554,77.48423,+91 80108 99899,
Sri Raghavendra Bakery,        ,   ,12.92564,77.61758,+91 99165 83613,4
Thalappakatti Restaurant,Indian        ,   ,12.974362,77.6078,+91 78258 90024,
Al Khansah Restaurant,Indian        ,   ,12.923055,77.67305,+91 80 4866 7452,
Aditya Bakery and Sweets,        ,   ,13.03155,77.53478,+91 99646 80318,3
Lazeez Restaurant,        ,   ,12.92033,77.60761,+91 80 2668 1606,3
Bhagya Parnika,        ,   ,12.91565,77.59999,+91 81472 97069,3
Srinidhi Upachar,Indian        ,   ,13.01498,77.6556,+91 81057 14391,4
Mackenna's Smoked Bbq,Barbecue        ,   ,13.089029,77.61424,,
New Raaj Bhavan Sweets,        ,   ,12.9636,77.58429,+91 80 6565 2255,4
2 States Rasoi,Italian Chinese Indian      ,   ,13.043484,77.52073,+91 98452 65952,
Srinidhi Sagar,Indian        ,   ,13.04912,77.5966,+91 80 2362 7879,3.5
Hebbal SOCIAL,        ,   ,13.055512,77.59404,+91 86556 85251,
Ludos Pizza,Italian Indian       ,   ,12.93447,77.61668,+91 80 4993 4415,
Arion Restaurant & Cafe,Chinese Indian Cafe Asian Diner    ,   ,12.932327,77.68519,+91 92068 45845,
Missing Spoon Restaurants,        ,   ,13.06075,77.651,+91 90195 97280,
Mavalli Tiffin Room,        ,   ,13.03015,77.65175,+91 98866 37825,4.5
PurpleBasil,Italian American Fast Food Asian Healthy    ,   ,12.96372,77.64936,+91 78998 06600,
Goila Butter Chicken - Kanakpura Road,Indian        ,   ,12.881375,77.54619,+91 85888 87718,
Collage By Tuscano,Italian Indian Asian      ,   ,12.990748,77.72205,,
Bhojon Tripti,Middle Eastern        ,   ,12.90227,77.6012,+91 80 4965 3006,
Secret Story,Indian        ,   ,12.97194,77.59369,+91 95134 40101,
Castle Multi Cusine Restaurant,Chinese Indian Arabic      ,   ,12.922668,77.614395,+91 90358 20137,
TrigerEato Terrace,Italian Mexican Chinese Indian Thai    ,   ,12.93433,77.61238,+91 96208 40390,
Kitchen's Seafood Restaurant,Chinese Indian Seafood      ,   ,12.97023,77.6417,+91 85468 62720,
K-os The Gamebar,Italian Indian Beer restaurants      ,   ,12.935008,77.61354,+91 99721 04540,
Smoor Indiranagar,Belgian Cafe European Asian Healthy Burmese   ,   ,12.969811,77.64152,+91 80 2521 1901,
The House of Tea,Cafe        ,   ,12.97768,77.74289,+91 80 4652 4155,
Le Blu Cafe,Italian Middle Eastern Afghan Arabic     ,   ,13.016017,77.639465,+91 93537 92030,
"Nomad Pizza, Sarjapur",Italian Bar Pizza Pub Wine Bar    ,   ,13.0072,77.65948,+91 91106 54653,
"El Salver Restuarent , srinidhi arcade",Chinese Indian Seafood Soups     ,   ,13.11115,77.60532,+91 73538 26208,
Aquagrill,Seafood        ,   ,,,+91 80 4020 0200,4
Wah Parantha,Indian Cafe       ,   ,12.926734,77.670334,+91 80796 06084,
Veggie Food Joint,Chinese Indian Street Food Northern-Italian     ,   ,12.858421,77.57136,+91 80957 77237,
Spicy Corner,Chinese        ,   ,,,+91 88848 29421,5
New Taj,Chinese        ,   ,,,+91 95356 09038,5
Kabab Curry Aur Biryani,Asian        ,   ,13.002,77.6297,+91 80 4165 4422,3.5
Sunheri,Indian        ,   ,12.964707,77.594864,+91 97430 02311,
The Pavillion,Chinese        ,   ,12.90758,77.59781,+91 95919 96953,2
Thyme And Whisk,Italian Mexican Chinese European Asian Contemporary Fusion  ,   ,12.840192,77.653366,+91 80886 99722,
Arun Ice Cream,        ,   ,12.92024,77.56933,+91 98861 60281,3
The Sanctuary,        ,   ,13.01491,77.65631,+91 80 4124 5949,4.5
Lulu Bakes & Sweets,        ,   ,12.90046,77.634,+91 80508 15030,4
PHEW - Play Hard Eat Wild,Lebanese Fast Food Mediterranean Asian Fusion    ,   ,12.9136,77.60417,+91 97171 72871,
Buddys - Bar & Cafe,Chinese American Indian European Thai    ,   ,12.9774,77.64083,+91 95386 29288,
Ideal Kitchen,Chinese Indian Seafood      ,   ,12.98235,77.63977,+91 96866 34075,
Noodle Cloud,Chinese Asian       ,   ,12.901138,77.60136,+91 88843 93449,
Nikkis Kabab Corner & Restaurant,Chinese        ,   ,13.008125,77.58678,+91 99726 58888,2
Wow! Momo,Fusion        ,   ,12.974251,77.71083,+91 97419 67091,
Hari Burger Corner,        ,   ,12.93273,77.58777,,2
Campus Cafe,        ,   ,12.95374,77.54315,+91 94821 48092,
Udupi Upahar,Indian        ,   ,12.961754,77.53332,+91 97421 07070,
Rolling Dough Cafe,Italian American Indian Asian Contemporary    ,   ,12.972325,77.6261,+91 80735 17723,
Iris Inn,Indian        ,   ,12.92751,77.54713,,3.5
Aone Restaurant,Indian        ,   ,12.893703,77.6792,+91 72593 34747,
Swastik Delux,Indian Barbecue       ,   ,13.04912,77.5966,+91 90362 00666,
Cafelicious Cloud Kitchen,Chinese        ,   ,12.900779,77.599754,+91 70040 47585,
S R Sweets,Cafe        ,   ,12.98111,77.60671,+91 98867 41003,
R & R Bar and Restaurant,Eastern European        ,   ,12.95908,77.61375,+91 87228 87226,
Vape N Vibe,American Cafe Asian Diner Arabic    ,   ,12.972525,77.60699,+91 98446 08886,
Wazwan,Indian        ,   ,12.91753,77.62517,+91 80 4337 0000,
Royal Bengal Corner,Cafe        ,   ,12.8506,77.66089,+91 80506 43671,
Indian Hot Chips,Indian        ,   ,12.96029,77.60132,+91 77956 77448,
Urban Spice Restaurant,Chinese        ,   ,12.93629,77.61678,+91 80 4060 7777,
Kartik's Mithai Shoppe,Fast Food        ,   ,12.9097,77.5857,+91 80 4216 4166,
McDonald's,Fast Food        ,   ,12.91873,77.51217,+91 97422 58049,
Ramprasad Veg,Cafe        ,Vegetarian Friendly   ,12.98425,77.60301,+91 99805 26889,
Cafe Coffee Day,Cafe        ,   ,13.00104,77.57312,+91 80 4001 2345,
Chungs Chinese Corner,Chinese        ,   ,13.02384,77.65248,25428677,3
Misu,Asian Indonesian       ,   ,12.970157,77.642784,+91 96067 76228,
Kylie's,Asian        ,   ,12.975474,77.64122,+91 97412 75151,
U.S. Pizza,Pizza        ,   ,12.95584,77.7155,(+91) 80 221818180,
Trickl,Pizza        ,   ,13.10719,77.60589,+91 98860 19568,
Tarbouch Fusion Bistro & Grill,International        ,   ,13.01251,77.63754,,
Spices,Chinese Thai       ,   ,13.12174,77.62549,+91 95382 95188,
Burger King,American        ,   ,12.87597,77.59551,+91 79960 77284,
Occasions,Cafe        ,   ,12.97528,77.53433,+91 93227 28728,
Goan Taste - Family Restaurant,Indian        ,   ,15.52268,73.826866,+91 99238 95897,
Ande Ka Funda,Fast Food        ,   ,12.949911,77.69849,+91 90357 22067,
Thanco's Natural Ice Creams,Healthy        ,   ,12.960352,77.53065,+91 80 4209 6512,
McDonald's,Fast Food        ,   ,12.95275,77.6551,+91 80660 00666,
Asian Paints,Asian        ,   ,12.961176,77.646286,,
Chandan Bar & Restaurant,Chinese        ,   ,12.97588,77.58738,+91 80 2851 2120,
Domino's Pizza,Pizza        ,   ,13.02444,77.7089,+91 80 2561 9080,
Boss Burger Koramangala,        ,   ,12.935438,77.614105,+91 95992 98754,
Pepe's Pizza Bangalore,Pizza        ,   ,12.963921,77.71433,+91 73383 02424,
R n r,Indian        ,   ,12.96814,77.6066,,
Autumn,Chinese        ,   ,12.99696,77.597336,+91 80 4058 0444,
Burger King India,American        ,   ,12.907604,77.60124,+91 70224 07127,
Sugar 'N' Spice,Thai        ,   ,12.98665,77.57676,+91 90088 33468,
Unlock - The Restobar,Japanese        ,   ,12.84483,77.67889,+91 80 3918 9407,
Kolkata Famous Kati Roll,Fast Food        ,   ,12.93629,77.61678,+91 99862 63736,
Mon Cheri Resto Cafe,        ,   ,12.942737,77.580315,+91 97410 16468,
Sri Rangana Hindu Military Hotel Restaurant,Indian        ,   ,12.98655,77.75351,,
California Burrito Technopark,Mexican        ,   ,12.966675,77.725586,+91 80 3951 5101,
Chung Wah,Chinese        ,   ,13.0596,77.58134,+91 80 4168 7488,
The Crimson Valley,Indian        ,   ,26.124472,91.79819,+91 93601 19097,
Pizza Hut,Pizza        ,   ,12.904498,77.527466,+91 1800 202 2022,
Chokha Aahaar,Chinese        ,   ,12.96767,77.57852,+91 96209 59566,
Me So Soy,Asian        ,   ,12.907882,77.60112,+91 76250 87869,
Squeeze Juice Bar,Bar Pub       ,   ,12.9811,77.64464,+91 85536 95806,
La Pino'z Pizza - Btm,Pizza        ,   ,12.913785,77.609184,+91 96063 46346,
Hotel Anand Regency Restaurant,Cafe        ,Vegetarian Friendly   ,12.97702,77.57623,+91 94480 24850,
Taco Bell India,Mexican        ,   ,12.986805,77.73623,+91 80 4965 3065,
Adyar Ananda Bhavan,Indian        ,   ,12.974133,77.57487,+91 80 4124 2999,
Jaykar Rolls and Sandwiches,Fast Food        ,   ,12.96886,77.60722,+91 72042 32915,
Italian Foodista,Italian        ,   ,12.9548,77.70468,+91 87620 60459,
Salt 'n' Stone,Indian        ,   ,13.11868,77.6288,+91 73494 32663,
Nh 8,Indian        ,   ,12.978987,77.728584,+91 81058 31005,
Pizza Hut,Pizza        ,   ,13.063472,77.590866,+91 1800 202 2022,
American Fried Chicken,American        ,   ,12.86218,77.65091,+91 80 4166 3792,
Spotlight,Chinese        ,   ,12.84916,77.67299,+91 80 4040 9090,4.5
Sri Nandikeshwara Fast Food,Cafe        ,   ,12.95142,77.4924,+91 94492 86028,
Mathura Junction,Indian        ,   ,12.83898,77.65897,+91 94494 44469,
Bakasur,Indian        ,   ,12.98652,77.73605,1.09E+11,
Pizza Hut,Pizza        ,   ,12.854792,77.58849,+91 1800 202 2022,
Pizza Hut,Pizza        ,   ,12.906139,77.59525,+91 1800 202 2022,
Hidden Spoon,Chinese Indian       ,   ,12.955458,77.69813,+91 75300 63282,
Kubo,Asian        ,   ,12.934875,77.58287,+91 96540 89548,
Bake N Cake,European        ,   ,12.916,77.5094,+91 80 4150 1605,
Little China,Chinese        ,   ,12.976201,77.59893,+91 80 4112 2571,
Huliyappa's Donne Biryani,        ,   ,13.09562,77.59375,+91 77955 20007,
Little Italy Restaurant,Italian        ,   ,12.920203,77.66709,+91 80 2528 9126,
Coorg Flavours,Indian        ,   ,12.983933,77.58302,+91 94493 53903,
Uthra Restaurant,        ,   ,12.978197,77.639915,+91 91136 52552,
Fish Feast,Chinese Seafood       ,   ,12.99824,77.61308,+91 80 3201 2922,
Unlock - The Restobar,International Asian       ,   ,12.98392,77.72893,+91 80 3945 1000,
Amruta Restaurant,Indian        ,   ,12.97745,77.57765,+91 80 2238 9900,
Juicemaker,Healthy        ,   ,12.91389,77.65367,+91 77601 15486,
Mithai Mane,Thai        ,   ,12.89148,77.58186,+91 80 6538 1907,
Hotel Empire,Indian        ,   ,12.979689,77.57519,1.08E+11,
Adyar Ananda Bhavan,Indian        ,   ,12.99708,77.5714,+91 80 4128 0909,
Desi Rasoi,        ,   ,,,+91 96117 11911,3.5
Bhat Foods,Indian        ,   ,13.00954,77.54324,+91 80 2349 0959,
Mr and Mrs Pagaria,        ,   ,13.223453,77.69071,+91 76760 57436,
The Village Indiranagar,Indian        ,   ,12.975527,77.64122,+91 80 4126 3331,
Cookingmom,Indian        ,   ,12.92735,77.67185,+91 81972 84471,
Hotel Shalimar Restaurant,Indian        ,   ,12.9645,77.58578,+91 72044 60859,
Indian Coffee House,Asian        ,   ,12.913331,77.64465,,
Bombay Borough,Indian        ,   ,12.962484,77.588455,+91 96060 69004,2.5
Hongkong Garden,Middle Eastern        ,   ,12.9105,77.6007,+91 80 4120 0800,
Grab and Fly,        ,   ,13.01968,77.63007,,3
Jodhpur Sweets Bangalore,Indian        ,   ,12.971591,77.5773,+91 97403 97404,
Charcoal Restaurant,Chinese        ,   ,9.92381,78.14464,9.16E+11,
Biere Societte,Indian        ,   ,12.97329,77.75038,+91 82964 12555,
Swathi Sagar Restaurant,Indian        ,   ,12.909395,77.565544,+91 80 2359 5565,
Kaati Zone,Fast Food        ,   ,12.98289,77.73364,+91 80 6566 0000,
Bhartiya Jalpan,Indian        ,   ,12.968866,77.64154,+91 80 4852 5797,
Bumble Bee,Chinese        ,   ,12.95584,77.7155,+91 91640 10527,
Rekha Restaurant,Chinese        ,   ,12.95584,77.7155,+91 99864 02925,
36 Sakura Cafe,Indian        ,   ,13.073501,77.75033,+91 77600 28881,
Mango Greens Restaurant,Chinese Indian Pizza      ,   ,13.069258,77.69217,+91 76195 63079,
Sandoitchi Kojo,Japanese        ,   ,12.92226,77.65152,+91 98445 00051,
Finger Foods,Seafood        ,   ,12.97344,77.67827,+91 80 4217 1087,
380 Down,American Contemporary       ,   ,12.98218,77.64583,+91 80 4098 0380,
Burger Plus,Fast Food        ,   ,12.92091,77.66485,+91 97315 62870,
Nawabi Finnest Hyderabadi Biryani,Seafood        ,   ,13.06531,77.64461,+91 99000 88766,
Sri Veeranjaneya Tiffin Centre,Seafood        ,   ,12.95611,77.69797,,
Twist Of Tadka,Indian        ,   ,12.967317,77.60669,+91 80 4545 4545,
Go Italia Ecity,Italian        ,   ,12.850707,77.6481,+91 73377 53349,
Shitakke,Japanese        ,   ,12.925796,77.675446,+91 80 4902 9555,
Gilly's Resto - Bar: Electronic City,Bar Pub       ,   ,12.84152,77.64512,+91 96064 43392,
Annapurna Naivedyam,Indian        ,   ,12.973336,77.57994,,
Hotel Sri Durga Dharshini Restaurant,Fast Food        ,   ,12.94966,77.70179,+91 97419 54515,5
Dreamz Restora,Indian        ,   ,12.967579,77.60674,+91 80 4165 8797,
Crispycool,American        ,   ,13.103662,77.57657,+91 95354 41144,
Cross Town Japan,Japanese        ,   ,13.024726,77.639984,,
MITTI Cafe,Indian Pizza Cafe International Healthy    ,   ,12.926015,77.57364,+91 95383 74593,
Koshy's,Indian        ,   ,12.975715,77.60157,1.08E+11,
The Parisian Cafe by Breadworks,French        ,   ,12.97459,77.61004,+91 80 3246 6586,
Kulfi & More,        ,   ,12.92599,77.60035,+91 99000 91470,4
Cafe Jezve,        ,   ,12.93995,77.6259,+91 98441 31111,4.5
Cakeport,        ,   ,12.98443,77.554,+91 90365 00001,2
Premium Kulfi,        ,   ,12.97765,77.74307,+91 99869 10003,4
Khan Saheb - Grills & Rolls,Barbecue        ,   ,12.96206,77.59712,+91 91485 55566,
Bahja Fried Chicken,        ,   ,12.92091,77.66485,+91 77953 48637,3.5
Andhra Style Family Restaurant,        ,Vegetarian Friendly   ,12.98621,77.51441,+91 80 2315 2316,4.5
Honey Well,        ,   ,12.9923,77.6604,+91 83742 75000,
"Absolute Barbecues, Electronic City",Barbecue        ,   ,12.842042,77.64391,+91 73373 83765,
Deck Of Brews,Italian Indian Brew Pub Pizza Asian Pub   ,   ,12.933996,77.69799,+91 88848 77773,
A 2 B,Indian        ,   ,12.93846,77.55045,,3.5
Sri Sai Ram Andhra Mess,        ,   ,12.92091,77.66485,+91 98808 15654,4
The Maori,Asian        ,   ,12.90633,77.58137,+91 80 4901 1000,
Gillys Resto Bar,Asian        ,   ,12.993399,77.55608,,
Cafe Lazy Lad,Italian French American Pizza Healthy    ,   ,,,+91 78291 90001,
Restaurant 1179,        ,   ,13.063873,77.588196,+91 90363 41179,1
Annapoorna Family Restaurant,Chinese        ,   ,12.93187,77.56878,+91 99019 03388,1
Hungry Dragon,Chinese        ,   ,13.05888,77.56499,+91 80674 16609,4.5
Smoke House Deli,American Indian Cafe Deli Diner    ,   ,12.965651,77.64136,+91 91520 10478,
The Coffee Brewery - HRBR Layout,Cafe Healthy       ,   ,13.020049,77.64577,+91 74068 04000,
Charcoal Street,Barbecue        ,   ,12.99583,77.61597,+91 90196 26454,
Square Ruth,        ,   ,13.01882,77.67724,+91 99169 93879,5
Purple Box,Indian        ,   ,13.103296,77.5716,+91 80 4170 8545,
Ocean,Chinese Indian Seafood International Asian    ,   ,,,+91 80 4143 5673,4
Daily Bread,        ,   ,12.98404,77.73724,+91 80 2804 1111,
Cozy,Chinese Indian Bar Pub Beer restaurants    ,   ,12.967844,77.60653,+91 99803 22279,
Temptation Food Court,Chinese        ,   ,12.97056,77.57857,+91 80 6566 6332,
Cafe Inxs,European        ,   ,13.03575,77.56325,+91 99454 68877,
Salt N Pepper,Chinese        ,   ,12.84652,77.68093,+91 81239 32181,4.5
Drink N Dine,Chinese Indian       ,   ,12.903877,77.513954,+91 86189 40599,
Krishna Kuteer Pure Veg,        ,   ,,,+91 87908 70549,4
New Empire Hotel Restaurant,        ,   ,12.94848,77.60132,+91 80 3249 2450,4.5
The Parisian Cafe by Breadworks,French        ,   ,12.97765,77.74307,+91 80 2802 6541,
Night Dine,Indian        ,   ,12.89611,77.57817,+91 92430 00900,
The Dragon - Authentic Chinese Restaurant,Chinese Indian Thai      ,   ,12.916135,77.58563,+91 80 2664 8488,
Al-Badia,Arabic        ,   ,13.015269,77.63939,+91 73385 54460,
Pizza Hut,Pizza        ,   ,12.822504,77.685974,+91 1800 202 2022,
Le Charcoal Xpress,Barbecue        ,   ,12.911931,77.6487,+91 80 6900 0088,
Powerhouse Pitstsa,Indian Brew Pub Fast Food Thai Pub    ,   ,12.92233,77.55813,,
Nandhini Restaurant Jayanagar,Indian        ,   ,13.04094,77.62035,+91 80 2689 0033,
Chickstar,Indian Fast Food Arabic Algerian     ,   ,12.995337,77.61433,+91 97411 77373,
Khan Saheb - Grills & Rolls,Barbecue        ,   ,12.914429,77.676445,+91 70220 16314,
Sindhur,Indian        ,   ,12.96503,77.58959,1.08E+11,
Misu,Asian        ,   ,12.985774,77.58796,+91 91488 75228,
Gangadkar's,Seafood        ,   ,12.94179,77.55591,+91 80 2672 1287,
Grand Feast,Indian        ,   ,12.971505,77.59436,1.09E+11,
Bhola & Blonde,        ,   ,12.969972,77.63916,+91 95389 20236,
Cazo Foodtech Llp,American European       ,   ,13.02446,77.59588,+91 96966 85500,
Olives Grill And Chill,Filipino Asian       ,   ,12.912657,77.58599,+91 73537 87866,
Taj Restaurant,        ,   ,12.96442,77.57268,+91 80 4124 9978,
Cafe Ni-O-Ven,Indian Cafe Greek Grill Healthy    ,   ,12.950653,77.63921,+91 78999 99979,
Secret Story Bar & Kitchen,Indian        ,   ,12.97194,77.59369,,
Southie Hsr,Indian Fast Food       ,   ,12.913647,77.64441,+91 88840 31113,
Wow! Momo,Asian Fusion Tibetan      ,   ,,,+91 72047 92547,4
Sri Venkateshwara Sweets and Restaurant,Indian        ,   ,12.97555,77.48422,+91 80 2667 7131,4.5
Delhi 6,        ,   ,12.95451,77.65305,+91 80 6597 9221,3
Estate Club,Chinese        ,   ,12.84469,77.68523,+91 80 2676 1500,
Salad Lounge 5,        ,   ,12.97688,77.63032,+91 99809 13860,4
Basaveshwar Khanavali,Indian        ,   ,12.980445,77.57582,+91 80 4375 5991,
Cafe Coffee Day,        ,   ,12.97571,77.60506,+91 93438 63688,2
Gokul Bakery & Sweets,        ,   ,12.96793,77.53795,+91 90366 43329,3
Bangalore Iyengar bakery,        ,   ,13.05291,77.51217,+91 72599 97769,3
Indian Engineering Works,Indian        ,   ,12.962529,77.57807,,
The Dragon Chinese Restaurant,Chinese Thai       ,   ,12.962484,77.588455,+91 80 2664 8488,
Hungry Day,Italian Cafe Fast Food Spanish Fusion    ,   ,12.92994,77.60834,+91 90717 07707,
Capparis Restaurant,European        ,   ,13.123814,77.62394,+91 95136 39009,
Al Khair Restaurant,Chinese Barbecue       ,   ,13.037374,77.605156,+91 80 2365 1665,
Pratidinam,Indian        ,   ,13.001385,77.553,+91 80 4973 7230,
Tillite's Arabic Kitchen,Middle Eastern        ,   ,12.93318,77.6139,+91 99083 30000,
Nati Koli Mane,Caribbean        ,   ,13.0948,77.58018,+91 99016 73399,
Foodbell,Chinese Indian       ,   ,12.904456,77.69158,+91 73380 00777,
Tilt Bar Republic,Chinese European       ,   ,12.9832,77.6406,+91 90084 03914,
Board 4 Bored,Cafe        ,   ,12.913138,77.52058,+91 96061 73535,
The Cake Shop,        ,   ,12.96695,77.6209,+91 80 2521 1234,4
Pepe Verde's Italian Cafe & Ristorante,Italian        ,   ,12.98414,77.5865,+91 80 2220 9090,
Punjabi Mehak,Indian        ,   ,12.96029,77.60132,+91 80 2223 2856,
Vaji's Kitchen,Indian Asian       ,   ,13.063454,77.64961,+91 96328 13802,
Restaurant in Bangalore Naidu Mess,Indian        ,   ,13.01825,77.63009,+91 99725 88263,4
Purnabrahma Marathi Restaurant,        ,   ,12.979695,77.69438,,
Chaipatty,Healthy        ,   ,13.00697,77.64534,+91 80 4153 4140,
Srinivasa Cool Corner,        ,   ,13.00973,77.63492,+91 99007 81222,4
Curry Cafee,Indian        ,   ,12.96611,77.71828,+91 87620 33334,
Hotel Manarama Restaurant,Chinese        ,   ,12.85893,77.66188,,
Chambal,Indian        ,   ,12.974428,77.607475,+91 96635 42244,
Sree Durga Biryani Kuteera,Fast Food        ,   ,12.98416,77.60715,+91 81971 79373,
Wat-a-burger,American        ,   ,12.92242,77.59351,+91 84960 33999,
Bhavani Bar And Restaurant,        ,   ,12.93701,77.58017,+91 96864 24602,
Hotel Savitha Restaurant,        ,   ,12.92519,77.6336,41317746,
Sri Durga Veg,Cafe        ,Vegetarian Friendly   ,13.03859,77.51814,+91 96867 42418,
Sri Sai Andhra Hotel Restaurant,Chinese        ,   ,12.98289,77.73364,+91 74113 12255,
Mummyz Cart,Chinese        ,   ,12.95584,77.7155,+91 94483 89926,
Surya Condiments,        ,   ,12.95523,77.58686,+91 77600 28166,
Kingfisher World,        ,   ,12.971854,77.59627,+91 80 2229 3333,
Pizza Corner,Pizza        ,   ,12.93629,77.61678,+91 80 2206 7712,
Timonese,Chinese        ,   ,12.95647,77.73477,,
Radhakrishna Adiga Nageshwara,Cafe        ,Vegetarian Friendly   ,12.98899,77.56284,+91 80665 34621,
Dot,Indian        ,   ,12.91652,77.52059,,
Habitts,Mexican        ,   ,12.923445,77.613304,+91 99168 89996,
A Taste Of Rampur,Indian        ,   ,12.962541,77.6417,+91 80 4215 6000,
Five Star Chicken,American        ,   ,12.92846,77.59311,+91 82771 27826,
Pier 39,Mexican        ,   ,12.916966,77.58548,1.08E+11,
Dvgbennedosa,Indian        ,   ,12.955276,77.64184,+91 99809 12434,
Mitraa Da Pizza,Pizza        ,   ,12.90914,77.56418,+91 79778 09237,
Domino's Pizza,Pizza        ,   ,,,+91 80 6570 3740,3
Sree Sagar,Chinese        ,   ,12.98893,77.75073,+91 97381 58974,
Andhra Vindu Multicuisine Restaurant,Indian        ,   ,13.121872,77.623825,+91 93419 77977,
Biriyaniwala,Indian        ,   ,12.95703,77.71496,+91 77959 99404,
Route 49,Indian        ,   ,13.09324,77.58233,+91 84316 61437,
Eden Huts Restaurant,Indian        ,   ,12.85078,77.65997,+91 89714 70784,
Skanda Super Sandwich,Fast Food        ,   ,12.93798,77.55457,+91 97392 22555,
Tulsi Restaurant,Indian        ,   ,12.821673,77.52247,1.09E+11,
Sree Lakshmi Janardhana Bakery,Japanese        ,   ,12.90376,77.63114,+91 99019 45683,
bangalorioa,Indian        ,   ,12.9833,77.5833,+91 81975 74063,
Burrito King,Mexican Fast Food       ,   ,12.97697,77.63411,+91 80 4208 8755,
Malabar Fast Food,Chinese        ,   ,12.98425,77.60301,+91 88925 87262,
Domino's Pizza,Pizza        ,   ,12.98649,77.56007,+91 80 2320 5555,
Sri Bhema's Garden,Indian        ,   ,12.924514,77.64995,+91 80 2574 7755,
Shree Mithai,Thai        ,   ,12.98883,77.64715,+91 80 4110 4961,
Hotel dream land,Indian        ,   ,12.92475,77.49815,6363091331,
Dharwad Mishra Pedha,Indian        ,   ,12.987945,77.536545,+91 90352 14744,
"The South Indian - Kalyan Nagar, Bangalore",Indian        ,   ,13.02247,77.63799,9.16E+11,
Silikal India Pvt Ltd,Indian        ,   ,13.01405,77.63895,9.16E+11,
Mani's Dum Biryani,Indian        ,   ,12.889418,77.581696,+91 80 4300 6111,
Nandhana Palace,Indian        ,   ,12.95735,77.51316,+91 80 2977 3344,
Taco Bell India,Mexican        ,   ,12.875998,77.59548,+91 84487 97303,
Beijing Bites,Chinese Indian       ,   ,12.99355,77.55591,+91 80 2268 2188,
Bhagas,Indian        ,   ,13.00418,77.55368,+91 80 6555 5599,
Koral,        ,   ,12.92091,77.66485,+91 80 6535 5512,
Sampurna - The House Of Southern Flavours,Indian        ,   ,12.97234,77.62596,+91 93532 99817,
Trois,Indian        ,   ,12.936045,77.62164,9.16E+11,
Andhra Ruchulu,Indian        ,   ,12.916794,77.58989,+91 89704 09660,
New Mathru Sagar,Japanese        ,   ,13.0269,77.61352,+91 94486 98231,
Phulka King,Chinese        ,   ,12.90633,77.58137,+91 98455 28953,
Oye Amritsar,Indian        ,   ,12.936259,77.62133,+91 98860 92990,
Amexicano,Mexican        ,   ,12.9713,77.64722,+91 94497 84247,
Okaya Japanese Batteries,Japanese        ,   ,13.013644,77.63569,,
Zaica,Indian        ,   ,13.040933,77.62443,+91 88845 16772,
Brew & Chew Resto,Chinese        ,   ,12.9405,77.58186,+91 80 4130 7119,
The Burger House,American        ,   ,12.939605,77.5653,+91 72041 05302,
Imperial Room,Chinese        ,   ,12.97743,77.57651,+91 80 2234 8880,
1947 Restaurant,Indian        ,   ,12.92503,77.51688,+91 80 2860 5666,
Nandhini Restaurants,Indian        ,   ,12.914575,77.676094,+91 97432 93388,
Streetology,Indian        ,   ,12.912519,77.68063,+91 97401 75005,
D'Lish,Chinese        ,   ,12.97743,77.57651,+91 80 4015 2222,
Viking Family Restaurant,        ,   ,12.97051,77.654,+91 80 4128 0905,3.5
Royal Bake N Juice,Healthy        ,   ,12.84652,77.68093,+91 98467 93795,
Arogya Ahara,Indian        ,   ,12.98987,77.59281,,
Goli Vada Pav No. 1,Cafe Fast Food       ,   ,12.92866,77.61071,+91 99454 76793,4
Creamee N Spicee,Thai        ,   ,12.94787,77.52424,+91 96636 62660,
The Piano,Indian        ,   ,12.98377,77.6923,+91 80 2540 1144,
Hot Chix,Chinese        ,   ,13.02419,77.53735,+91 99006 16501,
Green Onion,Chinese        ,   ,12.93037,77.51092,+91 88847 96145,
Sri Krishna Hotel Restaurant,Caribbean        ,   ,13.0743,77.56534,+91 94806 00956,
Mani's Dum Biryani,Indian        ,   ,12.997262,77.67369,+91 80 4300 6111,
Khandani Rajdhani,Indian        ,   ,12.935112,77.61351,1.08E+11,
Parisara Bhavana,Indian        ,   ,12.975598,77.60308,,
Skewer's,Fast Food        ,   ,12.95584,77.7155,+91 80 6565 8444,
Sri Chanmundeshwari Hot Chips,        ,   ,12.94966,77.70179,+91 96639 31009,5
Leo's Paratha Roll,Chinese Indian Fast Food      ,Vegetarian Friendly   ,12.91368,77.60784,+91 80 3221 1201,
Indian National Congress,Indian        ,   ,12.975945,77.62269,,
South Inn Restaurant,Cafe Asian       ,   ,12.99441,77.61635,+91 98860 72938,
Nandhana Palace,Indian        ,   ,13.014965,77.63582,+91 80 2580 4466,
Arabian Delight,Indian        ,   ,13.02648,77.55803,+91 98869 88679,
Hotel Kadal Family Restaurant,Chinese        ,   ,12.9885,77.55937,+91 80 2312 6838,
Chopsticks,Chinese        ,   ,12.955968,77.71769,+91 80 4965 2724,
Mam's Kitchen Family Restaurant,Indian        ,   ,12.92845,77.60027,+91 80 6050 0230,
Kebabs And Biryani,Indian        ,   ,13.028475,77.57172,+91 80 6444 4555,
Kubra Chicken Corner,Fast Food        ,   ,12.96736,77.60853,+91 93437 22359,
Idly Hut,Chinese        ,   ,12.96611,77.71828,+91 94822 05059,
Beijing Bites,Chinese        ,   ,12.8592,77.59821,+91 80 4224 6688,
Belgian Swirls Fusion,Belgian European       ,   ,12.89759,77.65891,+91 98730 20403,
California Burrito,Mexican        ,   ,12.92619,77.69484,+91 80 4709 1118,
Peppers,Indian        ,   ,12.978797,77.579445,1.08E+11,
Meghana Mess,Chinese        ,   ,13.04094,77.62035,+91 90088 42375,
Sri Krishna Cafe,Indian        ,   ,12.96931,77.60725,+91 80 4215 0015,
Cafe Coffee Day,        ,   ,12.84143,77.59077,+91 80 3234 4456,
Biryani Zone,Indian        ,   ,12.952464,77.700226,+91 90356 12255,
Santrupti,Indian        ,   ,13.05728,77.64835,+91 78298 38282,
Ristorante Italia Restaurant,Italian        ,   ,12.96905,77.70088,32473344,
Daffodils,Chinese        ,   ,13.01132,77.53113,+91 90083 36162,
Bow Barracks,Indian        ,   ,12.96308,77.6776,1.10E+11,
Rajeev Bakery & Juice,Fast Food        ,   ,12.96678,77.6094,+91 99020 36690,
Bhojohori Manna,Indian        ,   ,12.88876,77.49516,+91 80 2550 3666,
Prashant Naati Corner,Chinese Caribbean International      ,   ,13.03572,77.56709,+91 98808 93932,
Cafe Chokolade,Fast Food        ,   ,12.97405,77.60771,+91 99606 99257,
Rakabdar,Indian        ,   ,12.93405,77.61023,+91 80 6533 0026,
Fika Cafe,Cafe        ,   ,13.01912,77.70436,,
Oasis,Chinese        ,   ,12.99441,77.61635,+91 80 4113 9191,
Curry Toast,Fast Food        ,   ,12.97351,77.60747,+91 80 6571 1111,
Wow China,Chinese Fusion       ,   ,13.071281,77.59234,+91 97419 67091,
Club X,Indian        ,   ,12.93629,77.61678,,
Noorsfamilycuisine,Chinese Indian       ,   ,12.99509,77.61404,+91 99009 38465,
Fresh Italian Cooking,Italian        ,   ,13.011567,77.554955,,
Bharat Electronics,Pizza        ,   ,41.834774,13.09511,+91 80 2503 9300,
Olive Taphouse,Bar Mediterranean Pub Dining bars     ,   ,12.884476,77.61008,+91 90354 15199,
Abruzzo,Italian        ,   ,12.936657,77.61481,,
Bhikaram Chandmal Bhujiawala,        ,   ,12.97815,77.63664,+91 80 2297 6861,4
Rimo,Asian        ,   ,12.934302,77.616196,+91 97406 95063,
Sweet Palate,        ,   ,12.9052,77.64442,+91 94480 42710,3
Brik Oven,Pizza        ,   ,12.977268,77.72484,+91 80 4814 5609,
Bathinda Junction,Indian        ,   ,12.91223,77.64135,+91 80957 66619,3
Hill Station Cafe,        ,   ,,,,4.5
Santosh Juice Junction,Street Food        ,   ,12.93064,77.6855,+91 97311 79620,
Matru Sagar,Cafe        ,Vegetarian Friendly   ,12.9343,77.55046,+91 74118 60439,4.5
Hotel Ganga Kaveri Restaurant,        ,   ,12.97266,77.57824,+91 77600 40046,
The Anzey's,American        ,   ,13.008345,77.5559,+91 97397 82828,
Hotel Savaji's Restaurant,        ,   ,12.99523,77.54541,+91 80 2349 5022,5
Pizza Corner,Pizza        ,   ,13.00416,77.57125,+91 80 3249 6715,
Naadan Bhakshanasaala - Vailankani Restaurant,Japanese        ,   ,12.84652,77.68093,+91 97425 71088,
Ms&Mrs,Mexican American Indian Mediterranean     ,   ,12.972805,77.60756,+91 72597 50044,
Khasak Restaurant,Chinese Indian Fast Food Arabic     ,   ,12.969409,77.6415,+91 87921 34446,
Mooch Marod,Indian        ,   ,12.94052,77.62409,+(91)6363391019,
Sriharsha Biryani Delights,        ,   ,12.9025,77.5832,9.16E+11,
Just Bake,Cafe        ,   ,12.98493,77.67464,+91 96630 45455,
Tilam,Chinese        ,   ,12.96707,77.59919,+91 80 4900 4111,
Biryani Bar,Indian        ,   ,13.104953,77.566536,+91 98454 17111,
Nanjil Nadu,Indian        ,   ,8.299666,77.240395,+91 83308 80000,
7th Heaven,Chinese        ,   ,12.98463,77.57854,+91 80 4044 3636,
Rai's Cuisines,Chinese        ,   ,13.04803,77.50794,+91 77953 67881,
AJ International Restaurant,        ,   ,12.98287,77.60106,41971111,1.5
Le Arabia Restaurant,Indian Asian Arabic      ,   ,12.998609,77.54214,+91 80 2323 3000,
Sandwich and Burgerman,Fast Food        ,   ,12.84652,77.68093,+91 99802 17415,
Ambur Darbar Biriyani Point,Caribbean        ,   ,12.93524,77.56516,+91 96115 30844,
3G's - Gulp and Groove,Chinese Indian       ,   ,12.93801,77.56155,+91 96206 50033,4.5
Multi Cakes,Cafe        ,   ,12.89719,77.58133,+91 99865 88882,
Ice Cream Lab,Indian        ,   ,12.934261,77.61632,,
Friends Bar and Restaurant,Caribbean        ,   ,13.05603,77.50735,+91 98809 21583,
Pizza Hut,Pizza        ,   ,13.045315,77.62692,+91 1800 202 2022,
Seasons,Chinese Indian       ,   ,12.84652,77.68093,(+91) +80 2852 1122,3.5
Halwai Junction,Indian        ,   ,13.098547,77.57363,+91 99723 06063,
Echakh Danah,        ,   ,12.93077,77.58189,,
Nikil Snacks Center,Asian        ,   ,13.02112,77.55678,+91 99802 61764,
Crustys 79,Italian American       ,   ,12.99298,77.66053,+91 80 6066 7799,
Darjeeling Momo & More,Japanese Asian Tibetan      ,   ,12.96975,77.52392,+91 77959 58912,
Lacto Foods,Fast Food        ,   ,12.9097,77.5857,+91 95383 52286,
Dhansagar Coastal Restaurant,Indian Seafood       ,   ,12.916152,77.6019,+91 96066 93131,
Indian Food Court,Indian        ,   ,12.855015,77.665634,+91 88804 70988,
Thulsi n Thyme,International        ,   ,12.98268,77.64077,+91 80 2527 1555,
Sai Foods,        ,   ,12.94871,77.71302,+91 90083 53777,4
Pishon Pizza,Italian        ,   ,12.977688,77.64437,,
The Beer Joint,        ,   ,12.97394,77.63585,+91 80 2525 0346,
Pulimunchi,Indian Seafood       ,   ,13.005723,77.580734,,
Domino's Pizza,Pizza        ,   ,12.84496,77.67588,+91 80 4120 2620,5
Hotel Prashanth Restaurant,Cafe        ,   ,12.97912,77.57678,+91 80 4148 3339,
Vaishali Deluxe,Indian        ,   ,12.98343,77.56064,+91 80 2679 0111,
Nesara,Chinese        ,   ,13.10179,77.56799,+91 80 3296 4890,
Five Star Chicken,Fast Food        ,   ,13.00791,77.62239,+91 72044 57064,3.5
Restaurant Dolfin,Diner        ,   ,13.05994,77.57678,+91 86602 62656,
R R Vatika Punjabi Dhaba,Indian        ,   ,12.926004,77.517876,+91 70196 81068,
Kaka Cafe,Chinese        ,   ,12.97067,77.60082,+91 80 2211 2888,
And It Was Called Yellow Modernist Desi Kitchen + Bar,Indian        ,   ,13.063676,77.59055,9.16E+11,
Mohabbat Desi Restaurant,Indian        ,   ,12.76566,77.70099,+91 81508 27333,
Eclipse,International        ,   ,12.95608,77.7293,+91 99456 65447,
Pizza Hut,Pizza        ,   ,13.00542,77.57596,+91 80 2331 2752,
Raw Experiences,        ,   ,12.933618,77.61478,,
Vinn,Pizza        ,   ,13.032853,77.56929,+91 80 4199 9113,
Biryani Palace,Chinese Indian       ,   ,12.998,77.58253,23341201,
Sri Ranghavendra Hot Chips,Fast Food        ,   ,12.9885,77.55937,+91 98456 27627,
Shanthi Sagar Fast Food,Cafe        ,Vegetarian Friendly   ,,,+91 80 2552 0346,4.5
Nimma Abhi Ruchi Veg,Cafe        ,Vegetarian Friendly   ,12.97642,77.57655,+91 89715 11042,
Gallop Bar,International        ,   ,12.93969,77.59504,+91 80 4933 3555,
"Four Seasons, Bengaluru",Brew Pub Cafe European Pub Central European Central Asian   ,   ,13.017182,77.58405,,
Manjushree Sagar,Caribbean        ,   ,13.08172,77.54828,+91 99804 84922,
Pizza Hut,Pizza        ,   ,13.006669,77.55452,+91 1800 202 2022,
Biryani Express,        ,   ,12.92377,77.60962,+91 80 6555 5860,4.5
Malberry,Indian        ,   ,12.9683,77.61268,+91 98456 95410,
Grillzilla,Barbecue        ,   ,13.004488,77.71763,+91 77600 74714,
Meme Foodies Corner,Chinese Indian Arabic      ,   ,12.917791,77.62414,+91 79946 17766,
Sri Vinayaka Bar and Restaurant,Asian        ,   ,13.03993,77.51835,+91 94485 45069,
The Rising Dough,Deli        ,   ,12.98377,77.6923,+91 97408 60446,
Khan Saheb,Barbecue        ,   ,12.94136,77.69663,+91 98456 68822,
KK Momo House,Japanese        ,   ,13.01856,77.65632,+91 90359 00873,
Aaditya Coastal & Multicuisine Fine Dine,Chinese Seafood       ,   ,12.96844,77.65025,+91 99456 65447,
Dr. Sheesha,Italian Chinese       ,   ,12.95697,77.66484,+91 80 4680 9324,
Sangam - Kuch Khatti! Kuch Meethi!,Indian        ,   ,12.97674,77.57953,9.18E+12,3.5
Paakashala,Chinese Indian       ,   ,,,+91 93809 09952,4
Chick Blast,African        ,   ,12.96915,77.53653,+91 97316 50008,
Aahar Bhavan,Cafe        ,Vegetarian Friendly   ,12.91033,77.60644,+91 99645 64245,
Friendly Fried Chicken,Fast Food        ,   ,12.98406,77.60682,+91 98809 13154,
Go Naati,Indian        ,   ,12.99005,77.552895,+91 84948 44801,
Kotian Paradise a/C Family Restaurant,Cafe        ,   ,12.99729,77.57692,+91 80503 57657,
Bismilla Kabab & Biryani Centre,Chinese        ,   ,12.95687,77.53086,+91 99806 83339,
Priya Anda Ka Funda,Chinese        ,   ,12.90854,77.57274,+91 96202 93569,
Ravitejas Annapoorna,Chinese        ,   ,12.95687,77.53086,+91 98803 29642,
Ahaar Dhama,Chinese        ,   ,12.90633,77.58137,+91 99805 93555,
Chillies Restaurant,Chinese        ,   ,13.00553,77.6226,+91 80 3251 8840,4
Ashwini Fast Food,Chinese Fast Food       ,   ,12.9731,77.64733,+91 81059 20761,
Donne Biryani Hatti,Indian        ,   ,12.992474,77.593506,1.10E+11,
Mallnad Hotel Restaurant,Chinese        ,   ,13.01027,77.53687,+91 94485 42819,
Huko Mukho Hangla,Indian        ,   ,13.012712,77.63766,+91 95914 18658,
Sabarwal Bar & Restaurant,Chinese        ,   ,13.00158,77.54859,+91 80 2223 6894,
Kolkatha's Dum Biriyani & Roll Centre,Chinese Fast Food       ,   ,12.9832,77.6406,+91 81232 37957,
Shalimar,Indian        ,   ,12.978387,77.63731,+91 80 2525 1328,
Malabar Thattukada Bangalore,Indian        ,   ,12.9848,77.67503,+91 73384 91788,
Hotel New Lathifia Plaza Restaurant,Chinese        ,   ,12.90866,77.57507,+91 97385 02245,
Kadambam,Indian        ,   ,12.933129,77.58281,+91 80 3095 5438,
Chowpatty,Indian        ,   ,12.973001,77.64675,+91 99168 20043,
Royal Restaurant,Chinese        ,   ,12.99098,77.6006,,
Roll Nation,Fast Food        ,   ,12.9034,77.60188,+91 96208 54231,
A1 Star Biryani,Fast Food        ,   ,12.92484,77.63779,+91 97389 03295,
Sri Brahmi Upahar,Chinese Cafe International      ,   ,12.9988,77.57314,+91 91644 22714,
Hotel Masthi Kabab Restaurant,Chinese        ,   ,12.93064,77.6855,+91 90364 78861,
Sai Palace,        ,   ,13.00719,77.5709,+91 80 2337 8272,
Hotel New Food Palace,Chinese        ,   ,12.93658,77.48881,+91 89707 88723,
Bollywood Adda,Indian        ,   ,12.970542,77.71218,1.10E+11,
Rayal Spice Andra Restaurant,Indian        ,   ,12.970597,77.71205,+91 80 4116 2611,
Sri Lakshmi Upahar,Indian Cafe       ,Vegetarian Friendly   ,12.9131,77.59999,+91 98457 40368,
Eat Well,Chinese        ,   ,12.95275,77.6551,+91 74065 22007,
Sri Gajanana Fruit Juice Centre,Healthy        ,   ,12.96,77.50417,,
Durgashree Samruddhi Grand,Indian        ,   ,12.97726,77.54597,+91 96867 76398,
Howrah Bridge Hsr Layout,Indian        ,   ,12.915084,77.6364,+91 80 4120 1717,
Bake Mark Bakery & Coolbar,Turkish        ,   ,12.96868,77.53388,,
Cafe Flavorz,        ,   ,12.97798,77.63987,,
Namdev Sweets Stall,        ,   ,12.97078,77.654,+91 80 2598 4136,4
Gali Parathae Wali,Indian        ,   ,12.98562,77.70002,+91 99025 46574,
Thirumala Green Palace,Chinese        ,   ,12.92067,77.47809,+91 98808 10887,
Atr Swaruchi,Indian        ,   ,12.960141,77.559746,+91 80 2660 3530,
Humsa Kaun,Indian        ,   ,12.974452,77.63895,+91 99161 32033,
Chung Wah Express,Chinese        ,   ,12.96554,77.63835,+91 80 4123 8088,
Indus Belly,Indian        ,   ,12.93253,77.58598,+91 80 2245 1451,
Shradhi Lunch Home,        ,   ,13.01285,77.54373,+91 80 2598 1308,
Yoyo Cafe,        ,   ,12.99112,77.54968,+91 96170 74930,
Brookfield Cafe,        ,   ,12.96516,77.71414,+91 80 6546 2897,
Punjabi Aunthentic Food,Indian        ,   ,13.02681,77.60633,+91 96117 17904,5
Turmeric - Andhra Delicacies,Chinese        ,   ,12.92503,77.59717,+91 80 4965 3070,
Dragon's Kitchen,Chinese        ,   ,12.909018,77.64452,+91 80 6444 8888,
Three Dots And A Dash - Jp Nagar,Bar Pub       ,   ,12.910792,77.59923,,
Lucky Da Dhaba,Chinese        ,   ,12.93629,77.61678,+91 90360 61007,
Shanghai Court,Chinese        ,   ,12.920106,77.51724,+91 97311 75999,
Forking Rolls,Chinese        ,   ,12.93629,77.61678,+91 98862 11162,
Food Hut,Chinese        ,   ,12.93546,77.61556,+91 73537 76618,
Adukale,        ,   ,12.998327,77.56963,+91 99860 31252,
Metro Chick,Fast Food        ,   ,13.01476,77.63915,+91 80 6538 6538,
Sri Rajarajeshwari Chats,Fast Food        ,   ,12.9189,77.5136,+91 94495 02567,
Juiceland,Fast Food        ,   ,12.87796,77.58232,+91 97382 29388,
Chandani Chowk,        ,   ,,,+91 87227 55814,3
Bikanr Sweets,        ,   ,13.06105,77.57388,+91 99017 48052,
King of Biryani,Chinese        ,   ,13.01437,77.658,+91 96860 09966,4
Rock N Roll,Fast Food        ,   ,12.97528,77.53392,+91 98802 48134,
Styx,        ,   ,12.974729,77.60844,1.08E+11,
Breadcrumbs Bakery,        ,   ,12.88919,77.60229,+91 98862 88890,4
Cw Gandhi Nagar,        ,   ,12.955949,79.137024,+91 75988 75988,
Ande Ka Funda,Fast Food        ,   ,12.93435,77.62362,+91 98864 52746,
Labbaik Fast Food,Fast Food        ,   ,13.00088,77.61279,+91 80 2272 3377,
New Roll Centre,Fast Food        ,   ,12.97815,77.63664,+91 87921 36379,
Absolute Chinese Restaurant Rajajinagar,Chinese        ,   ,13.007098,77.55469,+91 74066 63331,
Five Star Chicken,Fast Food        ,   ,12.97394,77.63585,+91 81234 56504,
Sakae Japanese Restaurant,Japanese        ,   ,12.960296,77.59411,+91 80 2224 8655,
Just Coffee,Fast Food        ,   ,13.00651,77.56641,+91 88612 38805,
Hot & Spicy,Turkish        ,   ,12.916325,77.61036,+91 77958 80425,
Slurp Chinese Restaurant,Chinese        ,   ,13.01209,77.63362,+91 96067 74777,
New Raghu Refreshment,British        ,   ,13.04663,77.52268,+91 80 2837 4580,
Empire Restaurant,Indian        ,   ,12.988935,77.57437,+91 80 4041 4141,
The Hub,International        ,   ,12.91082,77.62529,+91 80 4900 9090,
Five Star Chicken,Fast Food        ,   ,12.96737,77.65699,+91 81053 66669,
Swadist Uphara,Cafe        ,Vegetarian Friendly   ,12.88919,77.60229,+91 90358 80772,4
Loka,        ,   ,12.908319,77.60068,+91 80665 15151,
Extra Bite,Fast Food        ,   ,13.0149,77.63285,+91 98866 32319,
Swastik Fast Food,Fast Food        ,   ,12.9567,77.70328,+91 99025 40102,3
Happy Chopsticks Chinese & Italian Cuisine,Chinese        ,   ,12.89499,77.51301,+91 98445 50815,
Hookaholic Cafe,        ,   ,12.96249,77.5948,+91 88844 44499,
"M. V. R, Gas",        ,   ,12.96258,77.59499,9122238206,
New Zaika Kathi Roll & Momo's,Chinese        ,   ,12.93107,77.57611,+91 97382 00240,
Shree Ganesh Fruit Juice Centre,Fast Food        ,   ,12.95312,77.6982,+91 88922 34034,
Raenss Cafe,American        ,   ,12.97115,77.62776,+91 80 4122 5622,
Gold Coin Club,        ,   ,12.960814,77.594864,+91 80 2212 7606,
Espncricinfo,Indian        ,   ,12.972386,77.61269,,
Blessings Fast Food,Chinese        ,   ,12.98686,77.57361,,
Basilbistro,Chinese Wine Bar       ,   ,12.9161,77.65418,+91 96065 96661,
Krishna Juice Centre,Indian        ,   ,12.94702,77.57153,,
Kolkata Rolls,Fast Food        ,   ,13.00029,77.67351,+91 90367 03406,
Dine in Restaurant,        ,   ,12.96967,77.60905,+91 88845 55859,
Cool Corner,Fast Food        ,   ,12.93629,77.61678,+91 97423 77725,
Hungry Hogs,American        ,   ,12.93553,77.62141,+91 80 6583 1243,
Manjunatha Bar & Restaurant,        ,   ,12.96133,77.57798,+91 80 2670 0185,
Vtos Pizzeria,Pizza        ,   ,12.934209,77.6162,+91 78999 66280,
Pooja Veg,        ,   ,12.99802,77.60908,+91 99451 38488,
Domino's Pizza,Pizza        ,   ,13.00097,77.56314,+91 80 2313 2240,
Indian Bakery,Indian        ,   ,12.94404,77.60779,+91 80958 72822,
Sinchana Karavali Hotel,Chinese Japanese       ,   ,12.8988,77.62658,+91 96868 74080,
Swadishta Aahar,American        ,   ,12.913987,77.61014,+91 80 4120 2028,
Costa Coffee,Cafe        ,   ,12.97657,77.62685,+91 80 6568 4280,
Kismiss - Sahs,Chinese        ,   ,12.95584,77.7155,+91 81230 03100,
Calcutta Biryani Club,Indian        ,   ,12.957047,77.71517,+91 89712 66620,
Udupi Kitchen,Chinese Cafe Fast Food Deli Central Asian    ,   ,,,+91 96118 50741,
Vishnu Priya Bar And Restaurant,        ,   ,12.91414,77.55892,26390040,5
Pizza Stop,Pizza        ,   ,12.97384,77.6415,+91 96320 08331,
Foodies Inn,Chinese        ,   ,12.98289,77.73364,+91 80 4965 3030,
Nafees,Chinese        ,   ,12.95584,77.7155,+91 80 6888 8832,
Sln Grand Restaurant - Jisha Gardenia,Indian        ,   ,13.122374,77.63058,+91 97417 33955,
Biryani Park,Chinese        ,   ,12.96292,77.71715,+91 98866 88048,
Pizza Corner,Pizza        ,   ,12.93326,77.61175,+91 80 2206 7999,
Mirchi House Restaurant And Bar,Chinese        ,   ,12.84036,77.663864,+91 99526 33845,
Rajdhani Thali Restaurant,Indian        ,   ,13.055705,77.59298,,5
Kauser bakery,Indian        ,   ,12.86495,77.58832,+91 99025 54723,
New Ra Ravi's Restaurant,Chinese        ,   ,12.95584,77.7155,+91 77600 45500,
Ruchista,Indian        ,   ,12.848206,77.65015,+91 73377 64681,
Fish N Chips,Seafood        ,   ,12.93799,77.55698,+91 80 4112 1461,
Khana Mahal,Japanese        ,   ,12.90869,77.61038,+91 98454 99093,
Board 4 Bored,Chinese Indian Pizza Cafe Diner    ,   ,12.940453,77.571365,+91 96061 73535,
Reddy's Hotel Restaurant,Chinese Cafe       ,   ,12.97867,77.63675,+91 95359 08375,
Mahalakshmi Bar & Restaurant,Italian        ,   ,13.03908,77.51499,+91 94481 08996,
Shangrila,Chinese        ,   ,12.972873,77.60725,+91 80 2558 8994,
Waterpipe,Pub Gastropub       ,   ,12.840311,77.65232,9.16E+11,
KFC,American        ,   ,12.97107,77.65397,+91 80 2290 7009,3.5
Subway,Fast Food        ,   ,,,+91 80 2663 1616,5
Homifoo,Indian        ,   ,12.91848,77.64587,+91 92062 98204,
Champaran Belly,Chinese Indian Asian Diner Healthy    ,   ,12.953847,77.7037,+91 82946 59301,
Fisheteria,Cafe Seafood Fast Food      ,   ,12.92704,77.60239,+91 99864 10978,
Ion Bar & Kitchen,        ,   ,12.96733,77.60651,+91 90362 06575,
Sri Lakshmijanardhana Bakery & Sweets,Japanese        ,   ,12.92488,77.54397,+91 80953 09381,
Shakes Theory,        ,   ,12.91684,77.57579,6200 00463,
Vaibhav,Seafood        ,   ,12.92177,77.60023,,
Treatly,Chinese Indian       ,   ,12.808149,77.784225,,
Satis Tiffins,Seafood        ,   ,12.95573,77.71596,+91 80 2540 0122,
Just Shawarma,Arabic        ,   ,12.85109,77.65743,+91 76765 61561,
Wetzel's Pretzels,Fast Food        ,   ,12.97764,77.74292,+91 80672 66522,
Swaad,        ,   ,12.987645,77.55437,+91 80 4965 3053,
Dharwad Line Bazar Mishra Pedha,Indian        ,   ,12.98947,77.55307,+91 87227 77711,
Brooks 37,Bar Pub       ,   ,12.962332,77.71667,+91 97426 53333,
Hoptel Nile Residency,Chinese Indian International Middle Eastern     ,   ,13.02419,77.58738,+91 99009 48871,
The Punjabi Rasoi,Indian        ,   ,12.9813,77.64071,+91 80 4161 1777,
New Grand Family Restaurant,        ,   ,12.84498,77.66555,+91 80 2552 4411,4
Pasta Street,Italian        ,   ,12.988145,77.72994,+91 77605 36185,
Urban Monkey Cafe,Italian American Pizza Cafe European    ,   ,12.91579,77.67293,+91 90363 65904,
Snack Spot,Fast Food        ,   ,12.95605,77.72893,+91 77952 40971,
Samaroh - Celebrating Indian Cuisine,Indian        ,   ,12.92092,77.66491,+91 98867 33600,
Madhuri,Asian        ,   ,12.9659,77.58364,+91 80 2227 1165,
Sky Brew,        ,   ,,,+91 80 4300 1000,4
The Coffee Brewery - Koramangala,Cafe        ,   ,12.96557,77.60625,+91 78928 54489,
Drunken Monkey,Cafe Healthy Fruit parlours      ,   ,12.989802,77.55568,+91 99003 95551,
27th Park Avenue,Seafood        ,   ,12.91833,77.57364,+91 80 2671 6400,
Sakshi Multicusine Restaurant,Chinese Indian Asian Soups     ,   ,12.903516,77.60233,+91 80738 30657,
Banashankari Donnebiryani,Indian        ,   ,12.92228,77.56993,+91 90369 68980,
Nandhana Palace,Indian        ,   ,12.904969,77.521126,+91 80 2861 2995,
Star Chicken Centre,        ,   ,12.957077,77.58418,1.10E+11,
Tudum,        ,   ,12.986423,77.59496,+91 89710 30516,
Zam Zam Kerala Mess,        ,   ,12.94966,77.70179,+91 98868 71421,5
Kannur Food Point,        ,   ,13.03593,77.52672,+91 98861 65106,
Eat N Chill,Chinese        ,   ,12.96627,77.71648,+91 81971 51312,
Hotel New Nandhini Restaurant,        ,   ,12.90368,77.49082,+91 90088 21063,
Atithii,Indian        ,   ,13.063145,77.59134,+91 95351 84669,
New Uncle Kitchen,Chinese        ,   ,12.84257,77.66935,+91 80668 16535,
Harini Veg,Cafe        ,Vegetarian Friendly   ,13.01184,77.63523,+91 91644 02666,
The Cafe,Indian        ,   ,12.819185,77.513794,+91 74066 98000,
Lifetree,        ,   ,12.96496,77.59839,+91 70907 18708,
Crezzo,Indian        ,   ,13.008322,77.560776,+91 86607 91036,
Amirthas,Indian        ,   ,12.979674,77.69415,+91 78480 80808,
Biryani Paradise,Indian        ,   ,12.986588,77.70844,+91 98455 98800,
Punj-Aab,Indian        ,   ,12.99298,77.66053,+91 80 4093 0914,
Corretto Thrown Cafe,Chinese Cafe Thai      ,   ,12.91873,77.51217,+91 98861 10783,
Raj Rasoi,Indian        ,   ,12.937842,77.568565,+91 88805 20649,
California Burrito,Mexican        ,   ,12.934182,77.61699,+91 80 4709 1118,
M B Bakery,Indian        ,   ,12.94956,77.57993,+91 98807 81616,
Buzz Snacks & Brewz,Fast Food        ,   ,12.94326,77.57998,+91 94482 70820,
1722 Ub Cafe,European        ,   ,12.93591,77.61541,+91 80 4371 6305,
Chatar Patar,Indian        ,   ,12.92814,77.59015,+91 97425 14023,
Sri Ram Sweets,        ,   ,12.88919,77.60229,+91 95356 54143,4.5
Arayante Adukkala,Seafood        ,   ,12.995062,77.69737,+91 96065 65101,
Afrin Kabab Centre,Chinese        ,   ,12.99802,77.60989,+91 97397 02238,
Taj Biryani Corner,Chinese        ,   ,12.99543,77.62158,+91 97318 53703,
Bhagini Le Jardin Kitchen,Indian        ,   ,12.977219,77.69667,,
S.L.V. Upahar,Cafe        ,   ,12.96991,77.57155,+91 94489 33398,
Lotus,Chinese        ,   ,12.98385,77.58069,+91 80 2226 7071,
Pizza Hut,Pizza        ,   ,12.781457,77.764206,+91 1800 202 2022,
Calaca - The Mexican Kitchen,Mexican        ,   ,13.032307,77.570724,+91 81973 87129,
Juice Maker,Healthy        ,   ,12.91615,77.61442,+91 81232 32253,
Nandhana Palace,Indian        ,   ,12.931825,77.62281,+91 80 2563 0202,
Yuva Multicuisine Restaurant,Chinese Indian Asian Healthy Middle Eastern Pakistani   ,   ,13.08487,77.54847,,
Cool Roll Burger,        ,   ,12.93441,77.62984,+91 80 3308 5020,3.5
Subway,Fast Food        ,   ,12.95616,77.65478,+91 80 2559 4748,
The Touch Club,Chinese Indian       ,   ,12.91112,77.65393,+91 98456 22023,
Dyce,European        ,   ,12.923633,77.581566,+91 97396 34151,
Pizza Corner,Pizza        ,   ,12.92208,77.58379,+91 80 4098 0913,
Suryawanshi,Indian        ,   ,12.912799,77.679855,+91 80 4866 7798,
Allana Kabab,Fast Food        ,   ,12.9665,77.60789,+91 99869 23588,
Sintales,Chinese Indian Pizza Cafe International    ,   ,12.95448,77.65618,+91 97412 97988,
Beijing Bites,        ,   ,13.099252,77.589424,+91 80 4166 7488,
Minsk Restobar,        ,   ,12.917252,77.608894,+91 91640 72727,
Pita Pit,Mexican Healthy Canadian      ,   ,,,+91 80 4965 3067,
Chatokara Foods Pvt. Ltd.,Indian        ,   ,12.95699,77.5806,+91 73380 00475,
Hyderabadi Biryani Box,Indian        ,   ,12.84569,77.64902,+91 96470 86645,
Kotae Garden,        ,   ,12.84498,77.66555,+91 98455 63402,
Naidu Military Hotel Restaurant,Indian        ,   ,13.013,77.63155,,3
Pizza Hut,Pizza        ,   ,12.92091,77.66485,+91 97395 91351,3
Al-Baiek,        ,   ,12.96442,77.57907,+91 80 2351 0777,
Dominos Central 2,Pizza        ,   ,12.916394,77.59235,+91 97380 43093,
The Other Crescent,        ,   ,12.93573,77.57545,+91 80 4369 9999,
Prequel,        ,   ,13.051631,77.59385,+91 91680 41969,
Frutti Scoop,        ,   ,12.96549,77.60214,+91 99162 50050,
Sri Kala Bar and Restaurant,        ,   ,12.91454,77.56055,+91 80 2691 7489,5
Kanti Sweets,        ,   ,12.91102,77.55157,+91 80 2296 0616,5
Devishri Sweets and Condimoms,        ,   ,12.9833,77.5833,+91 89702 74274,
Cakes & Slices,        ,   ,12.93799,77.55698,+91 80 2590 8416,5
Srikshetra Ice Cream,        ,   ,12.88919,77.60229,+91 88849 50947,5
Chak De,        ,   ,12.97309,77.71967,+91 80 2846 1788,
Tandoor Terrain,        ,   ,12.97471,77.52826,+91 80 2212 9882,4
Chameleon Lounge Bar,        ,   ,13.026,77.55787,,
Toca.koramangala,        ,   ,12.934954,77.61607,+91 95385 00032,
Fresh Pressery Cafe,        ,   ,12.971645,77.597885,+91 80 4147 4546,
Ashok Upahar,        ,   ,12.97456,77.57468,+91 97812 31523,
Lv Venkateshwara Jolada Rotti Oota,Indian        ,   ,12.999148,77.57237,,
Sree Malemahadeshwara Tea House,        ,   ,12.969783,77.5811,,
Street8,        ,   ,13.239946,78.046875,+91 80 2666 2233,
Cafe Nova,        ,   ,13.01801,77.50014,+91 97408 44005,
Mb Munoths Jain,        ,   ,12.967388,77.579636,,
Boss Burger Lavelle Road,        ,   ,12.971398,77.5985,,
Sri Annapoorneshwari Food Products,        ,   ,12.91659,77.509575,+91 93438 12214,
Corner House Ice Creams,        ,   ,,,+91 80 4169 9595,4
Mirchi Mama,        ,   ,12.971847,77.59094,,
Nice Burger,        ,   ,12.9892,77.57417,+91 89515 53082,
Arthiees Foods,Indian        ,   ,12.912067,77.6494,+91 96066 00848,
Makhan Chor,Chinese Indian       ,   ,12.95441,77.52285,+91 97411 57399,
Hyderabadi Dum Biriyani,Indian        ,   ,12.91817,77.58469,,
Le Gateau - The Cake Shop,        ,   ,12.95905,77.66255,+91 80 4965 3228,4
Bangarpet Chats,Indian        ,   ,12.988981,77.54575,+91 96869 82244,
The Up Cycle Cafe,        ,   ,12.90784,77.52107,+91 80 6570 0549,
New Krishna Sweets,        ,   ,12.966555,77.58107,,
Eateroo Bombay Vada Pav,        ,   ,12.92926,77.54495,+91 93411 14321,4
Hotel Manjusree,Indian        ,   ,12.9143,77.56247,,
Rolls on Wheels,        ,   ,12.97954,77.51066,+91 80508 83813,5
Indian Food,Indian        ,   ,13.0019,77.55327,,
Paradise Pool Side Restaurant,Chinese Indian       ,   ,12.91873,77.51217,+91 80 4965 2702,
Hot Chips,        ,   ,12.96181,77.59457,+91 90663 90059,
Biryani Palace,        ,   ,12.91416,77.6324,+91 81057 19991,5
Nn Timbers,        ,   ,12.962766,77.579094,+91 80 2670 0820,
New Prayag Raj Restaurant,Indian        ,   ,12.934449,77.61681,,
L.G. Iyenger's Bakery,        ,   ,12.96181,77.59457,+91 80 2224 4378,
Davanagere Benne Restaurant,Indian        ,   ,12.90866,77.52092,,
Goila Butter Chicken - Koramangala,Indian        ,   ,12.937328,77.62456,+91 85888 87718,
Malani Gold Tea,        ,   ,12.965706,77.58038,,
Neerus India,Indian        ,   ,12.96597,77.64162,+91 77028 77026,
Panjabi Dhaba,Indian        ,   ,12.966824,77.64107,+91 80 2526 2117,
Grill & The Goat,Indian        ,   ,12.982259,77.63934,+91 80 4091 1673,
Nellai Aappakadai,Indian        ,   ,12.93734,77.62443,+91 80 4133 0399,
US Pizza,        ,   ,12.9713,77.69928,+91 80 3247 5724,
Chakos Restaurant,        ,   ,12.93513,77.61405,41105666,
Sri Ganesh Bhavan,Indian        ,   ,12.98852,77.5594,+91 99868 94456,
Bake Zone,        ,   ,12.96394,77.59241,+91 72067 23663,
Madras Curd rice company,Indian        ,   ,12.962484,77.588455,,
Panchavati,Chinese Indian       ,   ,12.9885,77.55937,+91 80 4127 7777,
Mamma's Kitchen,        ,   ,12.96688,77.57939,+91 98801 75331,
California Burrito,Mexican        ,   ,12.891251,77.598755,+91 80 4709 1118,
Kalakshiti,Indian        ,   ,12.938409,77.57104,,
Cafe Jatayu,        ,   ,13.173013,77.53756,+91 76762 31007,
Paint The Town Cafe,        ,   ,12.935544,77.61248,9.16E+11,
Global Restaurant,Indian        ,   ,12.9246,77.50119,,
Kc Das,Indian        ,   ,12.906078,77.59514,,
Stevie's,        ,   ,13.008707,77.56309,1.10E+11,
Keerthi Restaurant,Indian        ,   ,12.910234,77.69732,,
Flying Trapeze,Indian        ,   ,12.93435,77.62362,+91 99001 78610,
Thalappakatti Restaurant,Indian        ,   ,12.916738,77.58568,+91 78258 90015,
Pappu Da Dhaba,Indian        ,   ,12.916345,77.59276,1.06E+11,
Ammis Biryani,Indian        ,   ,12.919784,77.66759,+91 80 3945 7777,
Spicy Paradise,        ,   ,12.942019,77.6958,+91 96030 02255,
Sree Manjunatha Tiffin Centre,Indian        ,   ,13.022416,77.55872,,
Kargil Hilton Bar,Indian        ,   ,12.936819,77.575714,,
New Biryani Point,Chinese        ,   ,12.95735,77.51316,+91 98446 59389,
Anvari Hotel Veg & Non Veg Restaurant,Chinese        ,   ,12.92736,77.52146,+91 88849 13952,
The Kick Ass Company,        ,   ,12.939466,77.6962,+91 83109 94507,
Hot Fast Food,Chinese        ,   ,13.01525,77.63933,+91 91414 46767,
Annakuta Prasadam Restaurant,        ,   ,13.012686,77.55372,+91 80 2347 1956,
Nayi Dilli,Indian        ,   ,12.916836,77.67321,+91 80 4965 3559,
Samovar Restaurant,Indian        ,   ,13.018022,77.636024,+91 88677 64548,
The Diner,Chinese International       ,   ,12.9189,77.5136,+91 80 2525 5959,
Donne Biriyani Mane,Indian        ,   ,13.02721,77.55364,+91 80 2642 1238,
Roll Junction,        ,   ,12.98216,77.64579,+91 85534 58343,
Maveli Restaurant,Indian        ,   ,13.02088,77.5374,+91 99453 81000,
Malabar Restaurant,Chinese        ,   ,13.03997,77.51845,,
Reddys Restaurant,        ,   ,12.98537,77.66489,+91 80 6559 5999,
Spiceyard Bangalore,Indian        ,   ,12.93245,77.61395,+91 90350 57515,
Hyderabad Ruchi's,Indian        ,   ,12.931372,77.68443,+91 80 6050 5559,
Hot Bits,Chinese        ,   ,12.9097,77.5857,+91 90194 73959,
New Biriyani Zone,Chinese        ,   ,12.92261,77.54346,+91 80 4113 2833,
Pizza Hut,Pizza        ,   ,13.00776,77.64115,+91 80 2543 5999,4
North Indian Hotel,Indian        ,   ,12.99098,77.6006,+91 77427 70048,
Utsav,Chinese        ,   ,12.90468,77.60181,+91 80 2842 9048,
Agarwal Sweets,        ,   ,12.96555,77.57749,+91 98452 54101,
Samrat Regency Bar and Restaurant,Chinese        ,   ,12.93669,77.62611,+91 80 2563 1976,
New Rajeshwari Veg,Chinese        ,   ,12.98739,77.62056,+91 96322 26428,
Zain's Kabab Korner,Chinese        ,   ,12.89767,77.58558,+91 80 3221 1445,
B7 Biriyanz,Indian        ,   ,12.91586,77.60604,+91 78928 28043,
Sunthar Idlys,Chinese        ,   ,12.91998,77.59702,+91 90668 38375,
Coffee Kendra,        ,   ,12.94757,77.57385,+91 99805 13332,
Ganga Rasoi,Indian        ,   ,12.90983,77.564316,+91 97397 85112,
Eatingmatters,Indian        ,   ,12.907354,77.60588,+91 96630 08538,
California Burrito Pritech Park,Mexican        ,   ,12.921441,77.68135,+91 98449 33332,
Biryani Day,Indian        ,   ,13.008177,77.554886,1.08E+11,
National Fried Chicken,Fast Food        ,   ,12.98094,77.55136,+91 91644 33033,
Vicky's la Terrazza,European        ,   ,12.93087,77.57807,+91 80 4175 1635,
Caperberry,European        ,   ,12.972219,77.596,+91 94481 25513,
Delhi Darbar,Chinese        ,   ,13.0609,77.57398,+91 80 4222 9902,
Sri Devi Upahara,Chinese        ,   ,12.87489,77.63536,+91 99863 12191,
Shree Durga Foods,Chinese Indian       ,   ,12.931956,77.48938,+91 73496 01369,
Ember The Calabash,Italian Cafe European      ,   ,13.032988,77.569275,+91 81059 30009,
Foodie,Chinese        ,   ,12.98922,77.75464,+91 99863 74891,4
Rakesh Ladduwala,Chinese Cafe       ,   ,12.9244,77.63145,+91 99450 75203,
Veekay Hotel Family Restaurant,Chinese Indian       ,   ,12.98821,77.57832,+91 84948 11011,
Thalappakatti Restaurant,Indian        ,   ,12.94816,77.69941,+91 78258 90022,
Malnad Hindu Miltry Hotel Restaurant,Chinese        ,   ,13.0397,77.51831,+91 94493 39392,
Absolute Barbecues,Italian Indian Asian      ,   ,13.115466,77.606995,+91 731 473 5956,
Karavali Grand,Indian British       ,   ,12.90225,77.58959,+91 80 4113 3147,
Petoo,Chinese Indian       ,   ,12.99907,77.67383,+91 98450 08658,
Vijaya Bakery Stores,Chinese Indian Thai      ,   ,12.97,77.57983,+91 76761 41424,4
Pita Pocket Factory,Chinese        ,   ,12.957992,77.71437,+91 96112 14199,
Kartik's Mithai Shoppe,Street Food        ,   ,12.9097,77.5857,+91 80 4216 4166,
Raidan restaurant,        ,   ,,,+91 80 3254 1177,3.5
Oggarne - Shankara,Indian        ,   ,12.99535,77.53981,+91 98441 15729,5
Mookambika Veg,        ,   ,12.963484,77.59622,25992724,
Ambur Royal Biryani,        ,   ,12.95611,77.69797,+91 88676 89184,4.5
Oregano,Italian        ,   ,12.99518,77.69709,+91 80 6566 6627,
Madhura Sagar Fast Food,Cafe        ,Vegetarian Friendly   ,12.9614,77.57698,+91 89511 55530,
Cafe Coffee Day,Cafe        ,   ,12.937149,77.69326,+91 1800 102 5093,
The Parisian Cafe,French        ,   ,12.96401,77.71226,+91 80 4211 5554,
Shehzada's Biryani,Indian        ,   ,12.936656,77.61184,+91 96060 66759,
Ammi's Biryani,        ,   ,12.99441,77.61635,+91 80 3945 7777,
Babachatkora,Indian        ,   ,12.910582,77.58808,+91 98808 94199,
Chinese Square,Chinese        ,   ,12.939128,77.57143,+91 80674 66725,
Top Foam Parantha Roll & Juice Centre,Fast Food        ,   ,12.88157,77.50577,+91 74116 25526,
Flax,Healthy        ,   ,12.93446,77.61231,,
Upahara Darshini,Indian        ,   ,12.93301,77.58453,+91 80 4121 0637,
Burger Man,Pizza Cafe       ,   ,12.93663,77.56927,+91 95359 07308,
Kulu Cafe,Fast Food        ,   ,12.9244,77.63145,+91 80 6050 5055,
Ragi To Raga,        ,   ,12.885005,77.55465,+91 98442 42689,
Siroi,Indian        ,   ,12.936056,77.61487,+91 80 4146 5888,
Pizza Hut,Pizza        ,   ,12.92236,77.69537,+91 1800 202 2022,
Bathinda Dine,Indian        ,   ,12.90673,77.59885,+91 80955 26000,
Pattaka Vada Pav,Fast Food        ,   ,12.94179,77.55591,+91 97311 09109,
Raj Juniors,        ,   ,12.95735,77.58816,+91 90080 20461,
I Berry U,Fast Food        ,   ,12.94092,77.62062,+91 91648 49103,
Hungry Hogs,American        ,   ,12.98216,77.64579,+91 98861 80711,
Al-Ameen,Chinese        ,   ,12.99038,77.59003,+91 80 2226 8831,
Oat Soda,        ,   ,12.969274,77.60175,+91 98862 11179,
Adyar Anand Bhavan,        ,   ,12.88391,77.55049,+91 94487 14269,3
Boboz,American Fast Food       ,   ,12.96728,77.53109,+91 72592 55444,
Bao To Me,Chinese        ,   ,12.940276,77.61828,+91 70195 65453,
Ashas Ambur Biryani,Chinese        ,   ,12.94296,77.60805,+91 88800 37205,
Pizza Heaven Bangalore,Pizza        ,   ,13.059413,77.64905,,
Watson's,Pub Gastropub       ,   ,13.063706,77.59057,+91 73386 99790,
South End Bar And Restaurant,        ,   ,12.93628,77.57522,+91 99807 01499,
Meghasri Veg,Cafe        ,Vegetarian Friendly   ,12.99808,77.60964,+91 87480 63909,
Caesars Fine Dine Multicuisine,Indian        ,   ,12.97483,77.61061,1.08E+11,
Chickpet Donne Biryani House Byrathi Hennur,Indian        ,   ,13.056967,77.64845,+91 95905 55333,
ZEST by Southern Star Bengaluru,        ,   ,,,+91 4896 6232,
Presto Resto & Cafe,Indian        ,   ,12.937128,77.575226,+91 95388 02872,
California Burrito,Mexican        ,   ,12.841372,77.64753,+91 80 4709 1118,
Chatpata,Indian        ,   ,12.95584,77.7155,+91 77605 09574,
NutriTown,International        ,   ,12.97615,77.61506,+91 80 4965 2664,
Chungs Chinese Corner,Chinese        ,   ,12.916853,77.59814,+91 98862 85853,
Pizza Stop,Pizza        ,   ,13.007178,77.564095,+91 96119 66677,
Watta's,Chinese        ,   ,12.95917,77.65751,+91 80 2522 6246,
Sri Lakshmi Janardhana Iyengar Bakery & Sweets,Japanese        ,   ,12.90208,77.64431,+91 87470 18294,
Domino's Pizza,Pizza        ,   ,12.91285,77.52181,+91 80 2860 6401,
Crispy Fried Chicken,Fast Food        ,   ,13.02635,77.63196,+91 99640 00534,
Inhouse Burger,American        ,   ,12.986054,77.735825,+91 91132 57816,
Hyderabadi Spice,Indian        ,   ,12.839889,77.66394,1.08E+11,
Pizza Corner,Pizza        ,   ,12.99302,77.66089,+91 80 6569 1122,
Kolkata Famous Kati Roll,Fast Food        ,   ,12.92091,77.66485,+91 99022 65398,
Pizzza Next,Pizza        ,   ,13.00764,77.5614,+91 98444 64789,
Orbis Restaurant,Indian        ,   ,12.9866,77.7317,+91 73376 69296,
Rasoi,        ,   ,12.92695,77.56478,+91 93434 15708,4.5
Hangover Hsr,Bar Pub       ,   ,12.91225,77.63785,+91 91484 84333,
Spiga,        ,   ,12.98991,77.57661,+91 80 4211 0469,
Trilok Restaurant,Seafood        ,   ,12.93051,77.5562,+91 94485 22042,
Queens Restaurant,        ,   ,13.028683,77.57195,+1 636-604-6260,
Paakashala,Indian        ,   ,12.9301,77.5149,+91 80 2860 4460,
Coffee N U,Cafe        ,   ,12.99689,77.57695,25633693,
Fresh Kitchen,Chinese        ,   ,12.84498,77.66555,+91 96327 22308,
Bahja Fried Chicken,Cafe        ,   ,12.92091,77.66485,+91 89704 34463,
Thanal Eat Drink,Japanese        ,   ,12.94871,77.71302,+91 98440 52252,
Udupi Park View Veg,Healthy        ,   ,12.91858,77.63142,+91 80663 79990,
Wow China,Fusion        ,   ,13.023752,77.658356,+91 91471 60990,
Mishra Pedha Shop,        ,   ,12.96803,77.59153,+91 80 2212 4988,
Winners Bakes,Chinese Cafe       ,   ,12.95319,77.63899,+91 90085 01500,
The Big Mess Cafe,American        ,   ,12.97545,77.48442,+91 96116 34303,3
Zaffrons,Chinese        ,   ,12.96844,77.65025,,4
Goli Vada Pav No. 1,Fast Food British       ,   ,12.96851,77.53435,+91 98450 73594,
Quiznos,Pizza        ,   ,12.89294,77.67876,+91 88676 57637,
Aahar Utsav Restaurant,        ,   ,12.93799,77.55698,+91 98453 50592,3.5
Five Star Chicken,Fast Food        ,   ,12.89771,77.58258,+91 94821 32483,
Al Amal Cafe,Cafe        ,   ,12.96521,77.59951,+91 98450 21244,
The Pallavas,        ,   ,12.96714,77.71449,+91 81249 49442,
Sanjeevini Corner Bakery and Juice,        ,   ,12.95423,77.698,+91 97381 30711,4
New Aastha,        ,   ,12.85376,77.67427,+91 98444 31043,2
Anvari Hotel Restaurant,        ,   ,12.97512,77.57629,+91 80 4154 0451,
Magic Oven Bakers,        ,   ,12.84483,77.67889,+91 99015 65307,4
Ven & Varn Cafery,        ,   ,12.906483,77.510056,+91 98667 19948,
Sweet Chariot,        ,   ,13.01456,77.63802,+91 80 6533 7614,
Willy Vaniliy,        ,   ,12.96984,77.60653,+91 80 6570 1657,
Au Bon Pain,        ,   ,12.99298,77.66053,+91 80 6583 2366,
Cafe Coffee Day,        ,   ,12.95734,77.51315,+91 80 6569 0465,
Mirage Family Restaurant,        ,   ,13.01466,77.63804,+91 97429 96995,
Ganesh Bakery,        ,   ,13.01465,77.639,+91 80 2548 1763,
Excellent Chicken & Mutton Centre,        ,   ,12.88567,77.5798,+91 96630 30874,
Shanghai Court Restaurant,Chinese        ,   ,,,,3.5
Chick Blast,        ,   ,12.90656,77.64906,+91 80 6050 5959,
Sri Annapoorneshwari Hotel,        ,   ,12.95611,77.69797,+91 81970 05118,4
Oven Fresh,        ,   ,12.9833,77.5833,+91 80 2802 6520,
Big Basket,        ,   ,12.95236,77.58073,+91 93377 47774,
Pogo Chats,        ,   ,12.95401,77.65801,+91 98865 10907,
The Dining Table,        ,   ,12.87489,77.63536,,
Marwa Restaurant,        ,   ,12.497604,78.56482,+91 95005 51185,
TummyKhush,        ,   ,12.94831,77.57346,+91 97311 64906,
Le Rock Pub Cafe - The Official Page,        ,   ,12.97366,77.60712,+91 80 4123 1001,
Sly Granny,        ,   ,12.972642,77.60685,+91 99458 52662,
Slv Tiffin Room,        ,   ,12.9712,77.57751,+91 80 2237 3789,
Delistic,        ,   ,12.968788,77.600525,+91 95384 42277,
Biryani By Kilo - Lulu Global Malls,Indian        ,   ,12.981114,77.563385,+91 1800 212 2212,
The Chervil,        ,   ,12.88924,77.5819,+91 97428 91444,
Captain Tea Centre,        ,   ,12.961967,77.57664,,
Kohinoor Ropes,        ,   ,12.95482,77.58079,,
SRI Ganesh Darshan & Sweets,        ,   ,13.02879,77.57185,+91 80 2360 5306,
Hotel Annapurna Restaurant,        ,   ,12.95734,77.51315,+91 74069 44201,
Bamburies Meat Products,        ,   ,12.966526,77.60842,+91 80 2530 1949,
Thalassery Restaurant,        ,   ,12.95654,77.69644,+91 80 3271 3030,2
Domino's Pizza,Pizza        ,   ,12.97028,77.65657,+91 80 2685 0997,2
The Lassi Corner,        ,   ,12.850334,77.65662,,
Cafe Azzure,        ,   ,12.96727,77.60635,+91 97416 22462,
Grandmas,        ,   ,12.91662,77.59806,+91 80 4207 5251,
12 Degree Restobar,        ,   ,12.972408,77.59708,+91 80501 63337,
Frosty Crumble,        ,   ,12.9682,77.60067,+91 97395 06907,
Lakshmi Sweets Mart,        ,   ,12.96954,77.57733,+91 80 2226 3618,
Board 4 Bored Official,        ,   ,12.9405,77.57133,+91 96061 44041,
Aishwarya Bar N Restaurant,        ,   ,12.97332,77.63586,+91 80 2525 4024,
Swamy's Hot Chips & Condiments,        ,   ,13.00719,77.5709,+91 99803 01333,
Idli Station,        ,   ,12.96161,77.63523,+91 97395 92690,
Kaggis,        ,   ,12.94179,77.55591,+91 99001 91258,
Bellur Fruit Juice Centre and Chats,        ,   ,12.91491,77.56333,+91 91644 25344,4
Vegan Heat,        ,   ,12.92126,77.60549,+91 80 4851 3973,2
Freshmenu,        ,   ,13.19996,77.70829,+91 95133 37448,
Sri Lakshmi Ganapathi Tiffens,Fast Food        ,   ,12.95512,77.50186,+91 95389 51999,3
Srigandha Restaurant,        ,   ,13.090062,77.835075,+91 89512 95699,
Tawa Ghar Ka,        ,   ,12.91389,77.6324,+91 80 4965 3415,3.5
Utsav,        ,   ,12.93021,77.5532,+91 99860 74634,3
Coldsmith,        ,   ,13.268656,77.719734,+91 99804 49014,
Nammura Upahara,        ,   ,12.96736,77.53095,+91 80 2659 7787,
Moksha,        ,   ,,,+91 80 4031 5555,4
Sri Krishna Upahar,Cafe        ,Vegetarian Friendly   ,13.05884,77.5651,+91 96634 82653,3
Richies Rahhams,        ,   ,13.014765,77.62917,+91 80 2580 8700,3.5
Mathru Palace Restaurant,        ,   ,12.95354,77.64055,32404565,
Food Planet,        ,   ,12.88007,77.64546,+91 80 4141 1555,
Iyengars Bakery and Sweets,        ,   ,12.98903,77.57403,+91 97398 49532,
Special Dum Biryani And Fast Food,        ,   ,12.84496,77.67756,,3.5
Daily Bread,        ,   ,12.93087,77.58384,+91 80 6565 4546,
Royal Prince Hotel Restaurant,        ,   ,12.99038,77.60711,+91 88925 87262,
10 Speakeasy,        ,   ,12.967143,77.608444,+91 96060 69006,
Harsha Refreshment,        ,   ,12.96957,77.57562,+91 80 2287 7444,
Mamatha Sagar,        ,   ,12.96811,77.57476,+91 98869 17936,
Sri Krishna Stores,        ,   ,12.99529,77.57628,+91 96864 99269,
Chaayos,        ,   ,12.971117,77.59765,9.16E+11,
Abdullah Darbar Family Restaurant,        ,   ,12.90945,77.56434,,
Birbal Biryani - Sompura,        ,   ,12.864797,77.76923,+91 89510 74702,
Smoothie Man,        ,   ,16.41307,102.851685,+91 80 2521 1901,
Chawla Square,        ,   ,13.05835,77.59361,,
The Moo Point,        ,   ,12.967537,77.60003,+91 99162 55661,
Hyderabadi Biryani and Kabab Centre,        ,   ,13.01269,77.62702,+91 81976 50399,4
Guru Nanak Punjabi Dhaba,        ,   ,12.84496,77.68017,+91 98868 28534,3.5
Kanti Sweets,        ,   ,13.02362,77.60299,+91 80 2296 0624,4
Sgr Enterprises,        ,   ,12.94976,77.5768,+91 98869 88627,
Cafe Nisa,        ,   ,13.1583,77.62483,+91 96069 69247,
Kb Mart,        ,   ,26.212273,81.24374,9.16E+11,
Avm Chips & Cafe A/c,        ,   ,10.586416,77.250145,+91 97512 26099,
Deja Vu,        ,   ,,,+91 80 4098 8901,4.5
Domino's Pizza,Pizza        ,   ,12.94792,77.70529,+91 80 2321 2010,2.5
The Pub World,        ,   ,12.96661,77.59875,+91 80 2558 2506,
Energy Addaa,        ,   ,12.948031,77.57993,+91 80 2657 0999,
All Bake,        ,   ,12.93591,77.57083,+91 99868 47535,
Five Star Chicken,Cafe        ,   ,13.00281,77.63497,+91 98803 91675,3
Punjabi Tadka Family Restaurant,        ,   ,12.90823,77.55784,,5
Ayull Agro Product,        ,   ,13.06084,80.13545,+91 70108 22990,
Mahveer Sweets,        ,   ,12.96767,77.57852,+91 80 4115 2927,
S V Multi Cusine,        ,   ,12.98377,77.6923,25747077,
Sri Venkateshwara Sweetmeat Stall,        ,   ,12.97308,77.57485,+91 80 2287 5335,
Khasha Cool Corner,        ,   ,12.96029,77.60132,+91 90369 96853,
Brahma Sri Upahara,        ,   ,12.96029,77.60132,+91 97313 14602,
Taprika Corporate Services Restaurant,        ,   ,12.90026,77.58278,41288780,
Essvee Dairy and Bakery,        ,   ,12.97078,77.57784,+91 80 4147 5291,
Skylark Restaurant,        ,   ,12.90598,77.57839,49011000,
Venkateshwara Juice Centre,        ,   ,12.96767,77.57852,+91 80 2221 0304,
Ovenity,        ,   ,7.824931,98.3397,+91 87620 70107,
Element 3,        ,   ,12.956293,77.732574,+91 88677 94100,
Jai Misthan Bhandar,        ,   ,24.57601,73.72681,+91 98292 42867,
New Aryan Bhavan,        ,   ,12.94701,77.57157,26670370,
Harsha Bakery,        ,   ,12.97143,77.5805,+91 80 2221 8456,
Nandhana Palace Nagarbhavi,Chinese Indian Asian      ,   ,12.97326,77.50655,+91 80 4613 1111,
Meat and Eat,Steakhouse Fast Food       ,   ,,,+91 96322 21006,
L J Iyengar's Bakery,        ,   ,12.96778,77.57912,+91 95532 56720,
Ambur Biryani Centre,Indian        ,   ,12.94669,77.6025,+91 85530 54031,3.5
Cafe Planet,        ,   ,12.93836,77.55556,,5
Bunker Cafe & Restaurant,        ,   ,12.864272,77.76939,+91 99160 33125,
Mr. Gola,        ,   ,12.98392,77.72893,+91 96118 04567,
Sai Ram Curry Point,Indian        ,   ,12.95423,77.698,,4
Caliber Rolls,        ,   ,12.96029,77.60132,+91 99450 08146,
Pizza Hut,Pizza        ,   ,12.99693,77.53982,+91 80 6000 9000,3
Nesara Restaurant,Chinese        ,   ,,,+91 80 2360 0715,4
The Placid Restaurant,        ,   ,12.94132,77.698074,+91 93531 85855,
Freskka,        ,   ,13.01477,77.62743,+91 80 6999 9824,5
Al Ameen Hotel Restaurant,        ,   ,12.98039,77.57695,+91 99808 35556,
Jigarthanda,Indian        ,   ,13.001741,77.57174,,
Stomp,Indian        ,   ,12.95584,77.7155,+91 80 4942 0000,
Gowdru Hotel Restaurant,        ,   ,12.97394,77.63585,+91 97402 07244,2.5
Adyar Ananda Bhavan,Indian        ,   ,12.97168,77.65399,+91 80 4151 5454,4
The Big Market Marsur,        ,   ,12.761498,77.702866,+91 94491 06000,
Hospi Karanth Speciality,        ,   ,12.91741,77.62303,+91 80 2668 0886,
Krs Chekku Oils,        ,   ,12.897489,77.84033,+91 76398 66000,
Sri Devi Veg,        ,   ,12.95523,77.58686,+91 99646 17707,
Walnut Kitchen,Indian        ,   ,12.958805,77.63828,,
Sitara,Indian        ,   ,12.93404,77.62353,+91 80 2528 8881,
Shanghai Mein Restaurant,Chinese Indian       ,   ,12.92427,77.47792,+91 88675 39629,
Hot N Spicy,Chinese        ,   ,13.09812,77.57051,+91 80506 01599,
Happy Singh,Indian        ,   ,,,+91 97422 66961,3.5
A2s Agricrop India Pvt Ltd,        ,   ,13.22414,77.55214,+91 79750 97734,
Mynt,Italian American Middle Eastern      ,   ,12.985842,77.73556,+91 80673 43058,
Punjabi Dhaba,Indian        ,   ,12.979136,77.576675,+91 80 2226 5729,
Tandoori Club Hsr,Indian        ,   ,12.90795,77.65175,+91 82962 55666,
Punjabi Dhabi,Indian        ,   ,12.97973,77.63708,+91 80 2526 2117,
Petoo,Indian        ,   ,12.846898,77.65871,+91 80 2852 0939,
California Burrito,Mexican        ,   ,12.97815,77.63664,+91 90083 88204,
New Shanthi Sagar,Indian        ,   ,13.004166,77.57125,1.08E+11,
Beijing Bites,        ,   ,12.967724,77.71664,+91 98453 15131,
Namdhari's Salad Bar,Fast Food        ,   ,12.95584,77.7155,+91 80 6570 1859,
Sukhmukhmukhwas,        ,   ,12.9711,77.5976,+91 99593 75521,
Adyar Ananda Bhavan,Indian        ,   ,12.936619,77.578,1.08E+11,
Nesara Vegetarian,        ,Vegan Options   ,12.85032,77.65553,+91 96112 32219,
Sonar Bangla,        ,   ,13.00279,77.56933,23367624,
Ishwaryam,Fast Food        ,   ,12.97765,77.74307,,
Country Kitchen & Cafe,Chinese        ,   ,12.91968,77.5108,+91 89510 61832,
Mayur Army And General Stores,        ,   ,12.985538,77.60514,+91 80 2286 9072,
Dizzy Resto Bar,        ,   ,12.967382,77.71477,+91 70220 09603,
Biryani By Kilo - Kanakapura Bangalore,Indian        ,   ,12.881722,77.54635,+91 1800 212 2212,
Pizza Hut,Pizza        ,   ,12.9885,77.55937,+91 80 3377 3300,
Sri Manjunatha Upahara Kendra,        ,   ,12.96181,77.59457,+91 98454 19399,
California Burrito,Mexican        ,   ,13.049271,77.593124,+91 80 4709 1118,
Ceasers Restaurant,        ,   ,12.97571,77.60506,25582465,
Cake24x7 Bangalore,        ,   ,12.944337,77.592316,+91 99714 95880,
Punjabi Tiffin,        ,   ,12.84626,77.67148,+91 98801 18141,5
Rotana,Chinese        ,   ,12.90734,77.61098,,
Cool City,Indian        ,   ,12.86232,77.6501,+91 89045 63567,
Sri Annapoorneshwari Condiments,        ,   ,12.94623,77.59575,+91 80508 46890,
Via Lucknow,Indian        ,   ,13.03288,77.5696,+91 80884 44004,
Go Scoops,Chinese        ,   ,12.92091,77.66485,+91 97392 99498,
Desi Cream Junction,Indian        ,   ,12.93074,77.58182,+91 98809 88500,
AdayarAnadaBhavan,        ,   ,,,+91 80 4115 7199,4.5
Ruchira,Indian        ,   ,12.9431,77.65483,+91 99801 71682,
Mayur Restaurant,Indian        ,   ,12.90341,77.63143,+91 96761 81454,
When North Met South,Indian        ,   ,12.908179,77.692825,+91 88619 38245,
God's Own Kitchen,Indian        ,   ,12.98175,77.67492,+91 96204 66809,
Swad,Chinese        ,   ,12.916223,77.61505,+91 80 4203 8371,
Rolling Scoops Creamery,        ,   ,12.93244,79.13778,+91 84899 23330,
Recipe,Indian        ,   ,12.90945,77.56496,+91 80 6570 2865,
Shivam Fast Food,Chinese        ,   ,12.911,77.5783,+91 95910 00552,
Five Star Chicken,Fast Food        ,   ,13.01957,77.65603,+91 98862 60441,4
Rangastaalamm,Indian        ,   ,12.932312,77.51606,+91 96116 63663,
Sai Bhavan,Chinese        ,   ,12.9731,77.64733,,
Gr Briyani Paradise,        ,   ,12.98377,77.6923,+91 93412 56394,
Udupi Upachar,Indian        ,   ,12.93339,77.55333,+91 80 4212 2116,3
Sri Lakshmi Venkateshwara Hindu Military Hotel Restaurant,        ,   ,12.93037,77.51092,+91 97438 86373,
Golmaal Paratha,Indian        ,   ,12.93629,77.61678,+91 88613 28539,
Manasa Restaurant,Mexican        ,   ,12.99544,77.49822,+91 85536 69343,
Star Ambur Biryani Center,Chinese        ,   ,12.97359,77.65133,+91 89043 93336,4
Shree Ganesh Fruit Juice Center,        ,   ,12.95523,77.58686,+91 78999 12624,
MoXa Bistro,        ,   ,12.982843,77.596275,+91 80 4244 0550,
A1 Star Chicken Centre,        ,   ,12.95671,77.589554,,
Karishma Valley Restaurant,        ,   ,12.9711,77.5976,+91 81055 84829,
Balaji Mess,Indian        ,   ,12.937014,77.62458,,
Reehas,Chinese        ,   ,12.9538,77.52382,+91 80 4110 1522,
East Delicious,Chinese Indian       ,   ,12.94871,77.71302,+91 97381 58626,4
Hotel Janatha Restaurant,        ,   ,12.96767,77.57852,+91 80 2221 6822,
Chichaba's Taj,Indian        ,   ,12.997573,77.54466,+91 80674 66725,
Paratha House,Chinese        ,   ,12.96702,77.63699,+91 96113 49655,
Adyar Ananda Bhavan,Indian        ,   ,12.96525,77.64944,+91 94821 04129,
Chillyz Food Court,Chinese        ,   ,12.90009,77.58586,+91 72591 80006,
Akshaya Dosa Corner,Indian        ,   ,12.9577,77.65384,+91 90085 50208,
Trinity Kitchen,Chinese        ,   ,13.01862,77.65535,+91 98452 33275,5
Kababbish,Chinese        ,   ,12.99978,77.61969,+91 80 4165 7941,
Sri Manjunath Cafe,Fast Food        ,   ,12.95584,77.7155,+91 99003 03438,
Bake Feast,Fast Food        ,   ,12.95739,77.71455,+91 80 4110 0808,
Mezban Restaurant,Indian        ,   ,12.976102,77.57643,,
Bawarchi Multi Cuisine,Indian        ,   ,12.98913,77.57445,+91 80 4092 1515,
Goli Vada Pav No. 1,Fast Food        ,   ,12.98216,77.64579,+91 99457 80890,
Curry's,Chinese        ,   ,12.93776,77.69394,+91 80 6452 2444,
Ripe Green Tomatoes Llp,Chinese Indian       ,   ,12.97194,77.59369,+91 72040 91979,
Dakshin Tadka,Indian        ,   ,12.915855,77.60591,+91 97403 19623,
Punjabi Masala,Indian        ,   ,12.90713,77.52103,+91 99293 71462,
Mecaf,        ,   ,12.97598,77.52191,+91 80 2553 5000,3.5
Hyderabad Chefs,Indian        ,   ,12.948209,77.69873,1.08E+11,
Sai Ganesh Bhavan,Chinese        ,   ,12.91902,77.58952,+91 99865 50885,
Indian Enterprises,Indian        ,   ,13.04764,77.57598,,
Desi Khana Restaurant,Japanese        ,   ,12.93629,77.61678,+91 80 4150 7166,
Taj Tandoori Park,Chinese Indian       ,   ,12.91902,77.58952,+91 74112 01331,
Desi Tadka,Indian        ,   ,12.98196,77.63914,+91 80 4115 4714,
Hungry Hogs,Fast Food        ,   ,12.99682,77.57144,+91 80 4965 2866,
Royal Pingara,Chinese        ,   ,12.92892,77.60056,+91 80 4156 6609,
3leafs,Indian        ,   ,12.972027,77.680305,+91 80 4090 9669,
A-roma,Chinese        ,   ,12.88654,77.55892,+91 97392 61177,
The Rasoi,Indian        ,   ,12.99241,77.57703,+91 80 4282 4555,
Beijing Bites,Chinese Thai       ,   ,12.99298,77.66053,+91 80 4166 5050,
Sree Guru Veg,        ,   ,12.96834,77.5693,+91 99458 48166,
Spice Route,Chinese        ,   ,12.99774,77.57141,+91 80 4040 2323,
Adyar Ananda Bhavan,        ,   ,12.93226,77.55593,+91 80 4206 2999,3.5
Hotel Arcade Chicken Biryani Restaurant,        ,   ,12.84652,77.68093,+91 88673 30002,4
Punjabi Rasoi,Indian        ,   ,12.97598,77.71032,+91 84318 37176,
Aishwarya Lounge Family Restaurant,        ,   ,13.0415,77.62469,+91 98809 71776,
Five Star Chicken,Chinese        ,   ,13.0269,77.6041,+91 77958 83463,3
Darsh Kitchen,        ,   ,12.95234,77.57648,+91 99002 83838,
Eshwar Traders,        ,   ,12.961213,77.571526,+91 98451 04543,
Devsagar,        ,   ,12.95035,77.57716,+91 98862 04745,
Sri Sai Ram Hot Chips,        ,   ,12.97168,77.65399,,4
Burger King,        ,   ,13.098494,77.57359,+91 87926 68117,
Bella Mooz,        ,   ,12.97613,77.60127,+91 99456 22188,
Janapriya Mangala Sweets,        ,   ,12.84498,77.66555,,
Shuchi Ruchi Condiments,        ,   ,12.946438,77.59599,+91 99451 38900,
Karavali Spice,        ,   ,13.09983,77.58164,,
Iyengar's Bakery And Sweet,        ,   ,12.84498,77.66555,,
Kartik Restaurant & Bar,Chinese        ,   ,12.98426,77.52664,+91 80 4207 1903,2
Pappu Bc,        ,   ,12.988192,77.60941,+91 97390 64246,
Hotel Sunitha Restaurant,        ,   ,12.97897,77.75335,+91 94800 68566,
Podium Pokket Cafe,        ,   ,13.088077,77.63531,+91 96067 03006,
Freshiouz Foods,        ,   ,12.8502,77.65715,+91 73537 17717,
Madouk Cafe,        ,   ,12.96586,77.71444,+91 91640 80309,
Just Bake Tirumenahalli - Factory Outlet,        ,   ,13.087483,77.636284,+91 95916 66911,
Hanuman Sweets,        ,   ,13.10061,77.58107,+91 80883 90639,
Sreshta Sweets,        ,   ,13.10273,77.57434,+91 96118 36789,
Hammered Cunningham Road,        ,   ,12.98666,77.595055,+91 80 4121 7527,
Shreyas,Chinese        ,   ,12.97051,77.654,+91 80 3246 2614,3
Star Star Restaurent,        ,   ,10.7643,79.84207,+91 85249 10456,
Sree Ganesha Fruit Juice Centre,        ,   ,12.98406,77.60682,+91 96114 75858,
The Belgian Waffle Co Vv Puram,        ,   ,12.949828,77.57671,+91 80 4300 9967,
Sri Manjunatha Restaurant,        ,   ,12.528919,76.90142,,
Hebbar's Sri Cane Fresh,        ,   ,12.92105,77.60544,,4
Sorse,        ,   ,12.958854,77.74657,1.08E+11,
Kfc,        ,   ,13.09713,77.63586,+91 80 4275 4444,
Bakers Day,        ,   ,12.93905,77.57997,+91 74111 31414,
Shankar Ganesh Sweet Stall,        ,   ,12.97897,77.75335,+91 99010 03691,
Sri Raghavendra Upahar,        ,   ,13.12136,77.61945,+91 97318 58324,
New Prince Restaurant,        ,   ,12.97693,77.57757,+91 98807 55407,
Anna Dhaba,        ,   ,12.96206,76.72952,,
Durga Sree Andhra Mess,        ,   ,13.12157,77.6202,+91 78488 99099,
Shameera Food Palace,        ,   ,12.98392,77.72893,+91 99863 29243,
Macdonals Vijaynagar,        ,   ,12.96867,77.536934,+91 80 4113 4514,
Mahalakshmi Market,        ,   ,12.969719,77.57415,+91 80 4203 5295,
Hotel Amar Restaurant,        ,   ,13.0981,77.57034,+91 96323 77650,
Great Moments,        ,   ,12.97336,77.60509,+91 80 2228 0237,
Jothi's Kitchen,        ,   ,12.91262,77.45066,+91 96633 84085,
Salkara,        ,   ,12.83849,77.66281,+91 99164 44899,
Prime 41,        ,   ,23.18047,79.898964,+91 97133 94141,
L. J Iyengar's Bakery,        ,   ,13.1129,77.60888,+91 84970 38314,
Sri Raghavandra Amul Cool,        ,   ,13.1109,77.60697,+91 96207 73377,
Bakeguru,        ,   ,12.947632,77.57165,+91 99646 42444,
The Master Chef,        ,   ,12.91693,77.63263,+91 87110 29660,4
Sri Venkateshwara Sweet - Meat Stall,        ,   ,12.9442,77.57284,+91 88677 04771,
Himalayan Natives India,        ,   ,12.95791,77.72151,+91 96062 66707,
Mahesh Food Court,        ,   ,12.93939,77.58237,+91 88804 74849,
Kerala Restaurant,Indian        ,   ,13.02076,77.65229,+91 80 3202 7544,3
Annapurna Ice N Hot,        ,   ,12.85035,77.65526,+91 97384 55997,
Chung Wah City,        ,   ,12.822858,77.68578,+91 80 4116 0203,
Chethan Restobar,        ,   ,12.814648,77.69165,+91 98867 76773,
Ayushmath Ayurvedic & Organic Superstore,        ,   ,12.97775,77.5407,+91 95133 15643,
Sahoo Family Restaurant,        ,   ,13.09187,77.58169,+91 90357 52556,
Bikaner Sweets,        ,   ,12.98282,77.53086,+91 80 2320 7912,4
Rangola,        ,   ,12.97026,77.60997,+91 97387 77040,
Ambur Biriyani Center,        ,   ,12.91873,77.51217,+91 80660 36712,
Kfc,        ,   ,12.973332,77.60755,+91 83105 43619,
Kfc,        ,   ,12.975061,77.57041,+91 80 4275 4444,
The Indian Burrito,        ,   ,13.011082,77.619415,+91 77606 31062,4
T'art - Boulangerie & Patisserie,        ,   ,12.972679,77.60681,+91 93803 57634,
Cuppa Bistro,        ,   ,12.93619,77.58485,+91 89043 56388,
Bread Cafe,        ,   ,13.09692,77.59234,+91 88848 55499,
Fresh Day Juice Corner Bakery and Snacks,        ,   ,12.84652,77.68093,,4
Balanoor Bean,        ,   ,12.982,77.59938,+91 80 2286 0770,
Sadda Adda,        ,   ,12.96752,77.71595,+91 90360 67461,
Anjappar,        ,   ,12.932163,77.62293,+91 80 2553 4477,
Hilal Bakery & Sweets,        ,   ,12.98455,77.60174,80228668219,
The Pastry Shop,        ,   ,12.9865,77.57968,+91 80 3052 7777,
Apoorva Iyengar Bakery,        ,   ,12.98512,77.57509,+91 80 2344 4376,
Cakoholic,        ,   ,12.9833,77.5833,+91 99019 96916,
Idly Yo Idly,        ,   ,13.01428,77.65853,,4
Ganesh Upahar,        ,   ,12.99892,77.54104,+91 85533 19084,4
Kohinoor Tea Traders,        ,   ,12.964745,77.57451,,
Chai Point - Anekal,        ,   ,12.807026,77.69507,+91 88801 41000,
Chicken Hunt,        ,   ,12.97508,77.56539,+91 74112 47452,
Sri Krishna Upahar,        ,   ,12.98337,77.60278,+91 99864 71485,
Kumara Bhavana,        ,   ,12.97078,77.654,26612353,2.5
Polar Bear,        ,   ,12.94757,77.57385,+91 80 2662 0019,
Janatha Chicken Magic,        ,   ,13.01837,77.54988,23477979,
Chowman Arekere,        ,   ,12.885903,77.5965,+91 1800 890 2150,
Juice Point,        ,   ,12.94392,77.60669,+91 80506 91161,4
Sagar Restaurant,        ,Vegetarian Friendly   ,,,+91 80 3190 5500,4
Samrudhi Juice Centre and Ice Cream,        ,   ,12.97961,77.57653,+91 80 4128 7336,
Lemonday,        ,   ,12.97465,77.60788,+91 88611 60144,
Real Cane,        ,   ,12.94052,77.5817,+91 98809 55114,
Chamundeshwari Hindu Military Hotel Restaurant,        ,   ,12.97961,77.57653,+91 99000 24999,
Theorangecafe,        ,   ,15.131978,76.923996,+91 96866 00799,
Wafl India,        ,   ,12.96905,77.60193,+91 97407 80105,
Bubl Brew,        ,   ,12.97465,77.60788,+91 99022 64169,
Biriyani Paradise,        ,   ,13.03908,77.51499,+91 80502 07030,
S V Iyengars Bakery & Sweets,        ,   ,13.03162,77.64415,+91 99808 48986,4
Sipp N Cool,        ,   ,12.97851,77.57242,+91 98451 16875,
Sri Thirumala Andhra Mess,        ,   ,12.90376,77.63114,,
Tall Blonde French,        ,   ,12.934202,77.61652,+91 98806 14444,
Anand's Chats,        ,   ,12.96984,77.60653,+91 93434 70799,
Shiva's Chats,        ,   ,,,+91 99800 71194,4.5
Rockstar Cafe,        ,   ,12.966971,77.681145,+91 85930 88310,
Family Kitchen,        ,   ,13.0473,77.50907,+91 98459 15861,
Robins_ikigai,        ,   ,12.949033,79.13683,+91 95978 86886,
Baskin Robbins,        ,   ,13.040696,77.51804,+91 81972 92259,
M M Beef Shop,        ,   ,12.96565,77.61557,,
"Organic India Store - Sarjapur, Bangaluru",        ,   ,12.917802,77.67116,+91 75188 04573,
Mustard Kitchen,        ,   ,12.94732,77.57461,+91 98459 53520,
Pavithra Deluxe,Chinese        ,   ,13.02548,77.66002,+91 80 4224 1234,
Prabhu Sweets,        ,   ,12.9909,77.55046,+91 80 2290 1812,
Ammi's Biryani,Indian        ,   ,12.97459,77.61004,+91 80 2571 7777,
Pizza Hut,Pizza        ,   ,12.91956,77.4833,+91 1800 202 2022,
K.c. Das,        ,   ,12.975812,77.601814,+91 80 2558 7003,
Om Sai Empire Hotel,Chinese        ,   ,12.92683,77.67892,+91 96633 57982,
Sanklecha Tea Industry,        ,   ,12.96995,77.57155,+91 99011 73666,
Vishwa Sai Hotel,Chinese        ,   ,12.89286,77.67899,+91 97319 70801,
Hotel Lakshmi Restaurant,Cafe        ,Vegetarian Friendly   ,12.9759,77.57774,+91 80 2226 7970,
Hare Krishna,Chinese        ,   ,13.02377,77.55272,+91 98450 17351,
Jay Tex,        ,   ,12.970055,77.57789,+91 80 4865 9783,
Dark Fantasy,        ,   ,12.91371,77.56193,+91 97425 25677,
Dharwad Mishra Pedha,        ,   ,12.98759,77.55237,+91 91415 85883,
Christys Express Cafe,        ,   ,13.01209,77.63528,+91 98455 50444,
K.C Das,        ,   ,12.93435,77.62362,+91 80 2558 7003,
Mishra Chats & Juice Centre,        ,   ,13.00719,77.5709,+91 99169 88813,
Gandharva Sagar,        ,Vegetarian Friendly   ,12.98532,77.52506,+91 70261 62005,
Kukke Sri Upahara,Cafe        ,Vegetarian Friendly   ,13.01527,77.59331,+91 99805 28622,
Udupi Sri Krishna Bhavan,Indian        ,   ,12.971484,77.57389,+91 80 2287 5378,
Chowman,Chinese        ,   ,12.98537,77.66486,+91 1800 890 2150,
Sichi Sagar Veg,Cafe        ,Vegetarian Friendly   ,12.92441,77.51963,+91 93597 33007,
"The Thickshake Factory, Church Street",        ,   ,12.97613,77.60127,+91 73493 68285,
Shuchi Ruchi,Chinese        ,   ,,,+91 94488 04902,4
Dwarkamai,        ,   ,12.944264,77.57271,+91 88848 28484,
Kaaapi Central,        ,   ,12.96242,77.72222,+91 97400 84790,
Sri Vari Bhavan Vlr,        ,   ,12.91356,79.13252,+91 99654 62328,
L J Iyengar Bakery And Sweets,        ,   ,12.84496,77.67756,+91 84959 24646,4
Madeena Hotel Restaurant,Chinese        ,   ,12.92849,77.59257,+91 97313 56191,
Ganesh Bakery,        ,   ,12.84498,77.66555,,
Priyam Kerala Mess,        ,   ,12.92741,77.52138,+91 97314 59789,
Sahana Bakery,Japanese        ,   ,12.90568,77.54282,,
Banchharam Sweets,        ,   ,12.93998,77.59965,+91 80 2571 0030,5
Kl5 Green Pepper,Indian        ,   ,12.96799,77.65231,+91 95388 84448,2.5
Coffee Bar,        ,   ,12.99009,77.55648,+91 99860 39100,
Burger King,        ,   ,13.122054,77.63092,+91 86559 51337,
Geometry Gastropub,Pub Gastropub       ,   ,13.036919,77.565674,+91 95131 20033,
Arun Ice Cream,        ,   ,12.945792,77.56965,+91 80 2590 5713,
Hotel Prashanth Restaurant,        ,   ,12.94759,77.60105,+91 91414 63385,4
Just Bake,        ,   ,13.01414,77.69189,+91 99860 82692,
Grand City Bake N Juice,        ,   ,12.95523,77.58686,+91 94489 34259,
Sri Manjunatha Darshini,Cafe        ,Vegetarian Friendly   ,13.02705,77.60647,+91 97387 76999,3
Ranganatha Enterprises,        ,   ,12.960222,77.57685,,
Shubha Bar,        ,   ,12.960676,77.577805,,
Ambika Veg Restaurant,Chinese        ,   ,13.01709,77.67119,+91 97400 65215,3
Pizza Hut,        ,   ,12.948033,77.56886,+91 1800 202 2022,
N.N Biryani Centre,        ,   ,12.91454,77.56055,+91 99456 88443,5
The Terminus,        ,   ,12.850065,77.6603,+91 96208 00500,
Taj Kabab Corner,Fast Food        ,   ,13.01491,77.65631,+91 90369 98397,4
Output Bengaluru,        ,   ,12.979816,77.6936,+91 80 4680 9724,
Swiss Naturals Ice Cream,        ,   ,13.02551,77.5622,+91 80 2360 3988,4
Cafe Coffee Day,        ,   ,12.840705,77.6638,+91 80 3248 6297,
Mathashree Family Restaurant,Chinese Indian Cafe      ,   ,12.98411,77.60379,+91 96632 96282,
Taj Kitchen,        ,   ,12.99932,77.61593,+91 93412 51362,
Pal Ling Kitchen,Chinese        ,   ,13.01467,77.6385,+91 80 4173 2547,
Dosa Camp,        ,   ,13.02548,77.66002,+91 99455 34555,3.5
Sri Shakthi Sweets,        ,   ,12.97508,77.56539,+91 80 3295 0601,
Lassi N Cafe Banaswadi,        ,   ,13.208395,77.449165,+91 70199 50176,
Amma's Pastries,        ,   ,12.97219,77.652,+91 80 2525 2022,4
Cafe Coffee Day,        ,   ,12.95374,77.54315,+91 80 3248 6314,
Desi Biryani,Indian        ,   ,12.929435,77.58166,+91 90361 10011,
Donne Biriyani Mane,Indian        ,   ,13.017932,77.65496,+91 80 4169 1691,2.5
Indian Tadka,        ,   ,13.01882,77.67724,+91 93694 15566,4
Curry On Tikka,Indian        ,   ,12.91355,77.67744,+91 97403 59524,
Kafegram,        ,   ,12.962238,77.59555,+91 88610 29100,
Sree Chamundeshwari Coffee Point,        ,   ,12.9675,77.59264,+91 98456 99609,
Crispy Studio,        ,   ,12.90622,77.59326,+91 80 6156 8429,
Sin,Cafe        ,   ,12.98392,77.72893,,
Hotel New Abhiruchi Restaurant,Chinese        ,   ,12.94966,77.70179,+91 99167 70901,3.5
Kruthani Restaurant,Indian        ,   ,13.05993,77.57678,+91 96325 89099,
Ammis Biryani,Indian        ,   ,12.97114,77.65398,+91 82776 60031,2.5
Rassasy By Barcelos,        ,   ,12.988834,77.728584,+91 88847 40123,
Trackside Cafe,        ,   ,12.991121,77.41274,+91 86608 88512,
Cafe Tipsylion,        ,   ,12.94865,77.57926,+91 82309 55555,
Gayatri Sweets & Chats,        ,   ,12.92339,77.51093,+91 98458 87136,
Chai Point - Kiadb Export Promotion Industrial Area,        ,   ,12.975501,77.73127,+91 88801 41000,
Sri Annapoorneshwari Cake Corner & Sweets,        ,   ,12.93527,77.48787,+91 99861 41362,
Tejas Sweets and Cake Paradise,        ,   ,13.05714,77.58285,+91 80 2223 4200,
Amarala Foods,        ,   ,12.88193,77.55366,42011370,
Family Juice & Chats,        ,   ,13.01259,77.49796,+91 81239 43920,
Yummy Cool,        ,   ,12.8438,77.60792,+91 87922 73186,
Sri L.J Iyengar's Bakery,        ,   ,12.8438,77.60792,+91 80 2590 3572,
Ice Bowl,        ,   ,12.8438,77.60792,+91 80670 80022,
Durga Sweets Shop & Condiments,        ,   ,12.88346,77.50915,+91 80 2676 7068,
Juice N Ice,        ,   ,12.94792,77.70518,+91 97418 64170,
Biriyani House,        ,   ,12.91838,77.48294,+91 90354 87770,
Cremee,        ,   ,12.97242,77.6504,+91 98807 19979,3
Online Dhaba,        ,   ,12.85687,77.58523,+91 77604 26675,
Aambur Dhum Biriyani,        ,   ,12.8642,77.64747,+91 85539 94686,
Rr. Bakery,        ,   ,13.0136,77.69186,+91 97433 96212,
Sre  Saraswathi Sweets Center,        ,   ,12.94792,77.70529,+91 98805 24708,
Om Sai Dham Bombay Hotel Restaurant,        ,   ,12.96017,77.71335,+91 90362 07271,
The Royal Amar Kolkata,        ,   ,12.95602,77.7121,+91 80 4096 1188,
Sri Gurukrupa Juice & Chats,        ,   ,12.91849,77.48299,+91 99648 49761,
Crunch Pizza,        ,   ,12.89276,77.67932,+91 80 6572 4444,
Thrupthi,        ,   ,12.92466,77.48516,+91 80 2848 6509,
Kamm Inn Ice Cream Parlour,        ,   ,12.88701,77.49722,+91 98452 22846,
Lakshmi Fast Food Restaurant,        ,   ,12.89276,77.67932,+91 88923 67675,
Sri Bhyraveshwara Bakery & Sweets,        ,   ,12.93279,77.47291,+91 73536 49453,
Bake and Fresh,        ,   ,12.95611,77.69797,+91 80501 08099,
Lakshmi North Indian Restaurant,        ,   ,12.9174,77.60086,+91 97393 69901,
Chiller's Nation,        ,   ,12.91838,77.48294,+91 80673 69999,
Misbah Chicken Biryani,        ,   ,12.99802,77.60989,+91 98807 54713,
Gulshan Tea Centre,        ,   ,12.96299,77.57748,,
Theecostore,        ,   ,12.933797,77.60948,+91 80 2258 0132,
Akshaya Deluxe,        ,   ,,,+91 80 2360 2432,4.5
RJ Food Plaza,        ,   ,12.95917,77.65751,+91 88672 95688,
Nandhini Deluxe,        ,   ,12.97028,77.65657,+91 80 2343 9622,
Mondelice,        ,   ,12.9968,77.56951,+91 80 6565 0655,
Pranav Bakery and Sweets,        ,   ,12.97135,77.65678,+91 94801 27393,
Sri Vishnu Ice Cream Parlour,        ,   ,13.01209,77.63528,+91 93414 13581,
Chatkhara Restaurant,        ,   ,12.95939,77.65551,+91 80 4115 7362,
Siachi,        ,   ,12.93075,77.58151,+91 78995 59494,
Venkateswara Sweet House,        ,   ,12.98462,77.55576,+91 80 2332 8661,
Bhairav Bar & Restaurant,        ,   ,12.9885,77.55937,+91 99646 66015,
Bakers Hut,        ,   ,12.9968,77.56951,+91 80 2336 1268,
Gajanana Juice Centre,        ,   ,12.9968,77.56951,+91 98444 87878,
Kavery Bakery,        ,   ,12.99488,77.56639,+91 80 2312 4126,
Swathi Cool Point,        ,   ,12.93799,77.55698,+91 96323 92230,3
Pooja Dry Fruits & Spices,        ,   ,12.93336,77.58482,+91 99014 73660,
Cane Fresh,        ,   ,12.90368,77.49082,+91 98450 63851,
Sagar Bake N Cool,        ,   ,12.93546,77.61556,+91 99866 07450,
Sri Manjunatha Sagar,        ,   ,12.94179,77.55591,+91 99001 97989,
Leon Grill,        ,   ,12.93313,77.62423,+91 96069 58322,
Dennys Cafe,        ,   ,12.94097,77.56828,+91 88841 77202,
Spicy Corner,        ,   ,12.93342,77.61055,+91 80505 40482,
Cream King,        ,   ,13.01286,77.56078,+91 98447 39873,
Sahakarnagar,        ,   ,12.97194,77.59369,+91 77604 70913,
Chaayos Cafe At Cunningham Road,        ,   ,12.988677,77.59396,,
Surya Restaurant,        ,   ,12.98214,77.67678,+91 80 4211 6887,
Bake Point,        ,   ,12.93546,77.61556,+91 81470 89229,
Juice Maker,        ,   ,12.93591,77.61541,+91 80 4131 2525,
Srinivasa Bakery,        ,   ,12.94179,77.55591,+91 80 2667 3509,
Sapna Bar & Restaurant,        ,   ,12.98628,77.56052,+91 93415 99127,
Sri Lakshmi Sweets & Snacks,        ,   ,12.98997,77.56385,+91 99452 58212,
Calcutta Chats,        ,   ,12.99544,77.60225,+91 99728 13568,
Bhuvaneshvari Condiments,        ,   ,12.9806,77.62296,+91 94802 17499,
Sri Manjunatha Bakery & Sweets,        ,   ,12.94179,77.55591,+91 80 2592 7357,
Dharwad Mishra Pedha,        ,   ,12.94179,77.55591,+91 81235 76334,
"Eat.fit, Church Street",        ,   ,12.975159,77.60407,1.10E+11,
Sona Chicken Kabab,        ,   ,12.98347,77.61145,+91 80505 46458,
Hoppipola,        ,   ,12.975167,77.60345,+91 90660 21785,
Cafe Pardone,        ,   ,12.96976,77.60705,+91 99164 25046,
Cocoa Bakes,        ,   ,12.94792,77.70518,+91 80 4965 2563,
The Diesel Cafe,        ,   ,12.94809,77.57685,+91 73489 92036,
Pegs N Bottles - Premier,        ,   ,12.974864,77.603714,+91 97414 64721,
Baf's Cafe,        ,   ,12.98847,77.53758,+91 76760 46065,
Seabreeze Couriers,        ,   ,13.157919,77.62474,,
Blini Bistro,        ,   ,12.97471,77.60406,+91 79756 82182,
Gustovita,        ,   ,12.9734,77.6032,+91 80 2559 5544,
Hochpoch,        ,   ,12.968987,77.60628,+91 98470 07007,
Nuts Hut,        ,   ,12.933752,77.59087,+91 80 4157 2264,
Mad Eatzz,        ,   ,12.98152,77.61023,+91 96200 07818,
Maxims,Middle Eastern        ,   ,,,1.08E+11,
Tandoori Chai India,        ,   ,12.79402,77.70015,,
Doner And Gyros - India,        ,   ,12.93483,77.61598,+91 70268 36326,
Gilly's Resto - Bar: New Bel Road,        ,   ,13.03274,77.56946,+91 70222 59374,
New Shri Ganesh Upahar,        ,   ,12.94346,77.60771,+91 94486 19303,3
Mayura Cake Shop,        ,   ,,,+91 80 2663 8448,4.5
Pavi's Food,        ,   ,12.84496,77.68017,+91 80 2852 2187,3
Planet Jollywood,        ,   ,13.063825,77.56736,+91 98403 57567,
Aubree Haute Chocolaterie,        ,   ,12.972377,77.61856,+91 96111 17777,
Sri Vishnupriya,        ,   ,12.93579,77.60795,+91 99455 29156,
Sri Ganesh Veg,        ,   ,12.92884,77.58361,+91 98809 04899,
Sree Ganesh Upahara,        ,   ,12.93776,77.56767,+91 80 2242 4037,
Grand Attic,        ,   ,12.92973,77.58022,+91 80 2244 2283,
Baskin Robbins,        ,   ,12.98851,77.577194,1.08E+11,
New Kebab Zone,        ,   ,12.94013,77.56921,+91 88611 17766,
Ruchi's Corner,        ,   ,12.93298,77.58285,+91 98801 20102,
Bramalingeshwar Hotel Restaurant,        ,   ,12.93234,77.58747,+91 99021 37367,
U P Bhavan,        ,   ,12.98414,77.60824,+91 99801 96722,
Deccan Tea Stall,        ,   ,12.962354,77.572014,,
Abeo's Kitchen,        ,   ,12.99045,77.59163,+91 98866 27662,
Kuchh Bhi Restaurant,Chinese        ,   ,,,+91 80 2244 5267,4
Megha Cool Zone & Sweets,        ,   ,12.99045,77.57289,+91 77605 92212,
Delhi Bhavan Sweets,        ,   ,12.98162,77.60997,+91 80 2551 2929,
Pooja Ice Creams,        ,   ,12.93867,77.56925,+91 98440 40988,
Urban Tadka,        ,   ,,,+91 96634 01777,4.5
Kishi's,        ,   ,12.99257,77.57841,+91 99865 85886,
Tea Shop Balepet Circel Bangalore,        ,   ,12.9712,77.57401,,
Kesu Jakhar,        ,   ,12.9534,77.57538,,
New Shanthi Sagar Restaurant,        ,   ,12.96755,77.53764,+91 80 2338 4357,
Vinay Upahar,        ,   ,12.98493,77.6062,+91 99006 44644,
Sri Hari Bhavan,        ,   ,10.361806,77.97232,,
Cafe 94_,        ,   ,12.79942,77.70577,+91 98441 94122,
Selvi Farm Products,        ,   ,12.794037,77.70157,+91 96590 97772,
Chai Point,        ,   ,12.979541,77.71494,+91 88801 41000,
New Biriyani Point,Chinese        ,   ,13.00627,77.63559,+91 98446 59389,3
Sr & Sons Bakery & Sweets,        ,   ,12.9834,77.60649,+91 80 4123 2969,
Ganesh Sagar,        ,   ,13.1583,77.62483,+91 80 2553 3633,
Nevada Bar,        ,   ,12.96196,77.6175,+91 80 4044 1234,
Chai Point,        ,   ,13.09358,77.57785,+91 88801 41000,
Swathi Ring View Restaurant,Chinese        ,   ,,,+91 80 2318 7878,3.5
Digiagri Mart,        ,   ,12.973184,77.61376,+91 76762 63519,
Hookie Dookie,        ,   ,12.97036,77.60077,,
Anand Vihar,Indian        ,   ,13.02611,77.60608,+91 96867 60134,4
Chef Baker's,        ,   ,12.98038,77.67958,+91 80 6567 6757,3.5
Swagat,        ,   ,13.16765,77.63138,+91 80 2846 7768,
Bhavani Koffee,        ,   ,12.95712,77.72057,+91 98455 17026,
Pep & Salt,        ,   ,13.09925,77.57681,+91 80 4202 4923,
Sri Bhagya Upahara,        ,   ,12.84996,77.66902,,
I Siri Bake & Joy,        ,   ,12.84788,77.66233,+91 80953 70299,
Kanhaji North Indian Veg Restaurant,Indian        ,   ,13.10434,77.60403,9.16E+11,
Kiwi Kiss,        ,   ,12.98392,77.72893,+91 99866 67497,
Sri Krishna Juice & Icecream Centre,        ,   ,13.1005,77.57041,+91 95352 14207,
Keventers,        ,   ,12.97173,77.60101,+91 80 4300 4892,
Chung Wah,Chinese        ,   ,12.91788,77.58696,+91 80 2663 5452,
Thara Naturals,        ,   ,13.121067,77.614876,+91 90604 28418,
Kfc,        ,   ,13.071549,77.65168,+91 80 4275 4444,
Baskin Robbins Vasanth Nagar,        ,   ,12.98783,77.59128,+91 80 4114 6192,
Wow China,        ,   ,13.098561,77.57366,+91 91470 06603,
Chintu Chit Chat Centre,        ,   ,13.01856,77.65632,+91 90604 06462,4
Rahamaniya Restaurant,Chinese        ,   ,13.02717,77.60425,+91 98800 90850,3
"1 By 2, Veg Restaurant",        ,   ,13.05867,77.56542,+91 97407 12746,3
Kanti Sweets,Deli        ,   ,13.0328,77.56953,(+91) 80 411259570,
Justbake Whitefield,        ,   ,12.959561,77.74771,+91 88616 66416,
Food & You,        ,   ,12.94301,77.60063,+91 98863 60205,3
Organic India,        ,   ,12.97193,77.73463,+91 75188 04572,
Mubarak Hotel Restaurant,        ,   ,12.98549,77.60545,+91 99166 63894,
Chai Point - Sadara Mangala,        ,   ,12.990212,77.73245,+91 88801 41000,
Steaming Mugs,        ,   ,12.95388,77.58005,+91 98864 14790,
Manwar-the Restaurant,        ,   ,12.947768,77.579666,+91 99166 07060,
Basaveshwara Kanawali,        ,   ,12.98392,77.72893,+91 99166 80079,
Wow China,        ,   ,12.840405,77.65334,+91 79785 80947,
Sri Ganesh Darshan Veg,Cafe        ,Vegetarian Friendly   ,13.01892,77.5462,+91 90351 77539,
Cloud9 Kitchen,        ,   ,13.10479,77.56802,+91 98864 42907,
Sree Venkatesha Iyengar's Bakery,        ,   ,12.95523,77.58686,+91 80 2222 2771,
Sri Krishna Bhavan,Indian        ,   ,12.917088,77.5733,,
Maaji Bakery Sweets And Juice,        ,   ,12.8506,77.66089,,
Gleezard Gaming Cafe,        ,   ,13.018461,77.7045,+91 74061 01991,
Daily Bread,        ,   ,12.95584,77.7155,+91 80 6455 4594,
Bake And Cool,        ,   ,12.84498,77.66555,+91 99866 63405,
Just Bake,        ,   ,13.07799,77.63373,+91 95916 66911,
Butter Cup,        ,   ,12.9347,77.58699,+91 99455 29330,
Cake Palace Bakery & Sweets,        ,   ,13.10253,77.57686,+91 88925 10998,
Sudha Sweets & Snacks,        ,   ,12.96752,77.71595,+91 99860 30920,
Midnight Cafe,Indian        ,   ,12.90955,77.606316,+91 72048 17366,
Sneha Sree Bar & Restaurant,Indian        ,   ,13.04024,77.51847,+91 96202 64696,
All Cakes,        ,   ,12.94411,77.5683,+91 98809 80009,
New Kairali Restaurant,        ,   ,13.014,77.64193,+91 94486 20359,2.5
Suresh Mathur Sweet & Chats,        ,   ,12.97459,77.61004,,
Cafe Republic,        ,   ,13.122322,77.630394,+91 70902 21133,
Rajdhani Bar And Restaurant,        ,   ,12.978825,77.57502,+91 80 2228 9143,
Melting Moments,        ,   ,12.85961,77.56798,+91 97391 79097,
Dragon's Kitchen,Chinese        ,   ,12.97623,77.53104,+91 80 6999 4444,3
Gowtham Bar & Restaurant,Chinese        ,   ,12.9112,77.48464,+91 81839 92927,
Louie's Resto & Cafe,Italian American Pizza Cafe Fast Food    ,   ,,,+91 98802 99665,5
Shanthi Sagar Grand,        ,   ,13.00416,77.57125,+91 6364 223 311,
Santhosh Bar & Restaurant,Chinese        ,   ,12.98552,77.69,+91 99458 85119,
Shreyas Bakery And Sweets,        ,   ,13.09204,77.58185,+91 80 2592 1748,
CFC,        ,   ,12.96214,77.6143,+91 99167 10782,
Indian Paratha House,Indian        ,   ,12.91538,77.51337,+91 80506 05488,
Nawab Hotel and Cafe,        ,   ,13.00717,77.63646,+91 98867 86502,4
Justbake Manyata Tech Park / Srk Nagar,        ,   ,13.04024,77.62407,+91 95350 19199,
House Of Seitan,        ,   ,12.970121,77.64171,+91 8071 967 537,
Goli Vada Pav No1 Tumkur,        ,   ,13.341837,77.10382,+91 80509 36503,
Tasken Ice Cream Parlour,        ,   ,12.99441,77.61635,+91 96861 84057,4
Seshamahal,        ,   ,12.97443,77.60695,+91 80 2558 9421,
Hind Ka Chulah,        ,   ,12.96754,77.69564,+91 97315 26266,2.5
Subway India,        ,   ,13.064712,77.65166,+91 74115 73571,
Creamy Nectar,        ,   ,12.97465,77.60788,+91 99027 59276,
Cafe Aladdin,        ,   ,12.971235,77.600296,+91 80734 99027,
Bake Magic,        ,   ,12.84564,77.66267,+91 97432 99039,
Booster Juice,        ,   ,12.96586,77.60933,+91 80 4132 1823,
Juice Shop,        ,   ,12.97465,77.60788,+91 99002 20915,
Fudge,        ,   ,12.952538,77.57726,+91 81059 52525,
Adyar Ananda Bhavan,Indian        ,   ,12.88488,77.54777,+91 94487 14269,
Green Chillyz,Chinese        ,   ,12.92377,77.60962,+91 96204 57691,2.5
Sweet Cherry,        ,   ,12.97457,77.60786,+91 97409 68899,
Arabian Night Cafe,        ,   ,12.97483,77.61061,+91 99867 87111,
Chai Sutta Bar Csb Vvpuram,        ,   ,12.949647,77.57618,+91 78928 93052,
Cafe Coffee Day The Lounge,        ,   ,12.98392,77.72893,+91 93437 13021,
Sri Sai Ram Bhavan Sweets Bakery & Chats,        ,   ,12.93279,77.47291,+91 91416 37158,
Sandy's Korner Restaurant,Chinese        ,   ,12.90618,77.60778,+91 80 4111 5777,
Shree Ram Bakery,        ,   ,12.97026,77.70017,+91 99011 51962,
Paddu Junction,Indian        ,   ,12.96753,77.71501,,
Pattaka Vada Pav,Fast Food        ,   ,13.00542,77.57596,+91 89045 49089,
Momoz,Chinese Thai       ,   ,13.00709,77.63382,+91 80 4223 4621,2.5
Dolly's Delicacies,        ,   ,13.09144,77.60019,+91 89710 53531,
Pavitra Bakery and Sweets,        ,   ,13.0378,77.51819,+91 97398 02044,
Sri Vishnu Grand,        ,   ,12.88206,77.67301,+91 79966 11099,3
White Lounge,        ,   ,12.95654,77.69644,+91 80 4171 9482,3
Sri Shabari Bakery & Sweets,        ,   ,13.0609,77.57398,+91 81474 15445,
Lusitania,        ,   ,12.9747,77.60789,+91 73497 50003,
Minus 4,        ,   ,12.89276,77.67932,+91 97385 47960,
Coronation Restaurant,        ,   ,18.527912,73.87613,1.02E+11,
Chicken Pop,Fast Food        ,   ,12.90393,77.56201,+91 97408 02461,5
The Coffee Lounge,        ,   ,13.09562,77.59375,+91 80 2846 8070,
Namma Vandana,Indian        ,   ,12.911975,77.68263,+91 98867 74848,
Crunchy Cane,        ,   ,12.96256,77.70198,+91 89706 84020,
Sri Lakshmi Venkateshwara Bakery,        ,   ,13.07291,77.60118,+91 99009 67806,
New Slv Dum Biryani,        ,   ,12.94179,77.55591,,
Tayyib Organic Store,        ,   ,12.964856,77.67785,+91 98453 73775,
Rajamudiorganics,        ,   ,12.944011,77.499756,+91 99000 51516,
Innerchef,        ,   ,13.042696,77.62782,+91 80 4371 9055,
Pizza Hut,        ,   ,12.927309,77.67028,+91 1800 202 2022,
Frozen Bottle,        ,   ,12.913929,77.666756,+91 83100 96966,
Bake Essentials Blr,        ,   ,12.926184,77.67131,+91 88619 70884,
4mangoes,        ,   ,12.957544,77.654305,+91 70199 36440,
Pizza Hut,        ,   ,12.89247,77.58162,+91 1800 202 2022,
Cake Room,        ,   ,12.92442,77.63148,+91 95356 77777,
Tree Grove,        ,   ,12.978,77.63958,+91 98860 44542,
Pioneer Cafe,        ,   ,13.015549,77.54402,+91 95385 16198,
Drunken Monkey,        ,   ,13.028485,77.57178,+91 87108 88868,
Royal Family Restaurant,        ,   ,12.92189,77.61909,+91 80880 22498,
Satish Mess,        ,   ,12.91173,77.59451,+91 96201 73177,
Mother Choice Fresh Point,        ,   ,12.92189,77.61909,+91 99808 00920,
Tandoor Garden,        ,   ,12.97595,77.64103,+91 91416 78224,
Juiceca,        ,   ,12.98176,77.63919,+91 97394 84809,
Raj Bhavan Sweets & Bakery,        ,   ,13.00014,77.55277,+91 80888 66611,
Angel Angency,        ,   ,12.96739,77.53534,+91 80 2330 5920,
Flavors Ice Cream,        ,   ,13.01021,77.56912,+91 95358 93261,
Hayath Foods,        ,   ,12.975336,77.60306,,
Blue Ice Bar,        ,   ,12.97535,77.60325,,
Mccafe,        ,   ,12.96895,77.56879,,
Star Supermarket & Star Cafe,        ,   ,12.981384,77.67599,+91 73377 62017,
Cowboy Bar And Restaurant,        ,   ,12.97126,77.60707,,
Opus Bangalore,        ,   ,12.915065,77.666435,+91 44 2344 2580,
Grand Taj Durbar,        ,   ,12.84652,77.68093,+91 80958 65310,3.5
Affan Store,        ,   ,12.971997,77.57112,,
David's Kitchen,        ,   ,12.93777,77.62751,+91 97310 39562,
Sree Ayyappa Snow Pure Fruit Juice Center,        ,   ,12.97394,77.63585,+91 93428 72882,
Shree Ganesh Fruit Juice Centre,        ,   ,13.00372,77.57138,+91 80 2667 4455,
Jayanthi Upahara,        ,   ,13.00465,77.56928,+91 98441 29749,
Adithya Cake World,        ,   ,13.00719,77.5709,+91 99164 65604,
S.L.V.B. Bakery,        ,   ,12.96642,77.54356,+91 99805 35897,
Nature Nest,        ,   ,12.99512,77.55246,+91 99169 19781,
Nizam's Kitchens,        ,   ,12.924693,77.672935,+91 96068 75123,
Cafe Grey,        ,   ,12.97916,77.64337,+91 72591 48600,
Veeba,        ,   ,12.906879,77.59983,+91 80 2658 3401,
Burger King,        ,   ,13.010518,77.55446,+91 77604 96835,
Bansidhar Sweets,        ,   ,12.99261,77.55548,+91 98867 97667,
Sree Ganesh Milk Dairy,        ,   ,12.97121,77.571815,,
Pizza Hut,        ,   ,12.970119,77.6822,+91 1800 202 2022,
Goli Vada Pav,        ,   ,12.914555,77.6761,+91 22 6689 5000,
Kfc,        ,   ,12.92466,77.67904,+91 80 4275 4444,
Kalpana,        ,   ,12.98731,77.54881,+91 80 2310 9080,
Smokeupcafe,        ,   ,12.975631,77.6021,,
Sri Annapurna Veg,        ,   ,12.91632,77.59278,+91 91644 60671,
Quality Hot Chips,        ,   ,12.99935,77.61589,+91 97436 34108,
Aishwarya Bakery & Sweet,        ,   ,12.96921,77.54194,+91 94485 58666,
Sri Vinayaka Juice And Icecream,        ,   ,12.92027,77.59298,+91 98805 22801,
King Kong Juice Corner,        ,   ,12.96793,77.53795,+91 80508 02718,
Hotel Janatha Restaurant,        ,   ,12.90779,77.61074,+91 91413 32787,
Bash Cafe at Fw,        ,   ,12.98216,77.64579,+91 80 2525 3550,
Creme & Crust,        ,   ,12.98583,77.64501,+91 96863 77553,
Food Magic,        ,   ,12.92525,77.63808,+91 88804 64488,
New Tandoori Point,Chinese        ,   ,,,+91 80 3254 2676,4.5
Biggies Burger Rr Nagar,        ,   ,12.90321,77.51669,+91 70229 18651,
Chai Point,        ,   ,13.05736,77.59346,+91 88843 33859,
Id Fresh Food,        ,   ,12.988645,77.707375,+91 97399 10521,
Burger King,        ,   ,13.078462,77.559,+91 74836 00045,
Cold Stone Creamery India,        ,   ,12.97592,77.71046,1.08E+11,
The Garage Cafe,        ,   ,12.929185,77.60049,+91 96632 56707,
Yummeez Biryani Kababs,        ,   ,12.89256,77.58131,+91 96200 86008,
Homelicious Food,        ,   ,13.018431,77.6721,+91 99004 40609,
Sree Ganesha Fruit Juice Centre,        ,   ,12.98216,77.64579,+91 98457 01274,
Pizza Hut,        ,   ,13.078915,77.558975,+91 1800 202 2022,
The Neighborhood Bengaluru,        ,   ,13.058203,77.58522,9.16E+11,
Tea Square Cafe,        ,   ,13.019991,77.665695,+91 98450 15718,
Wow! Momo,        ,   ,12.860601,77.602425,+91 91470 06607,
Kiran Juice Center,        ,   ,12.99923,77.57287,+91 99864 01895,
Sri Venkateshwara Juice and Dosa Centre,        ,   ,13.0568,77.54673,+91 99643 91351,
Ganga Sagar,        ,   ,12.99923,77.57287,+91 80 6539 8364,
Just Bake,        ,   ,13.0609,77.57398,+91 89700 10111,
Sri Ganesh Fruit Juice Centre,        ,   ,13.0616,77.57613,+91 99804 08850,
Sips & Bites,        ,   ,13.02511,77.63056,+91 81478 08091,
Kanhaiya,        ,   ,13.0609,77.57398,+91 99000 57784,
Ross Kosh,        ,   ,12.98438,77.67564,+91 88924 22089,
Straight Up Pub,        ,   ,13.05942,77.64863,+91 98453 19865,
Lumiere - Nature's Partner,        ,   ,12.977317,77.69527,+91 93419 33314,
The Kickass Company,        ,   ,12.939818,77.69574,+91 74066 13382,
Swadh,        ,   ,12.9087,77.48714,+91 96633 92136,
Whitemist Cafe,        ,   ,13.061976,77.65151,+91 98455 30103,
Zainee Home Food,        ,   ,12.856223,77.58957,+91 99014 67651,
Mba Chaiwale,        ,   ,12.995936,77.6952,+91 93538 01480,
Choc Olivia,        ,   ,13.0149,77.63285,+91 96325 52480,
Belgyum,        ,   ,12.997366,77.6967,+91 80672 66614,
Amrutha Restaurant,        ,   ,13.04094,77.62035,+91 88923 44879,
JP Juice & Chat Corner,        ,   ,12.91941,77.51074,+91 74832 66663,
Rotti Mane,        ,   ,12.97367,77.64693,+91 81055 90665,
F.R. Bakery,        ,   ,12.90738,77.57123,+91 85532 73371,
BR Military Hotel Restaurant,        ,   ,12.92282,77.51941,+91 97400 56789,
Sri Ganesh Sagar Fresh Fruit Juice,        ,   ,12.94787,77.52424,+91 96636 54318,
Sri Vinayaka Bakery & Sweets,        ,   ,13.02089,77.56035,+91 80 2290 0991,
Bikers Cafe,        ,   ,13.00479,77.5997,+91 99868 09990,
Paramount Restaurant,        ,   ,12.87489,77.63536,+91 80 4115 1138,
Kanti Sweets,        ,   ,13.05671,77.58259,+91 80 2296 0608,
Shariff Darbar,        ,   ,13.05509,77.59936,+91 99019 40007,
Johns & James Takeaways,        ,   ,13.02005,77.66565,+91 93410 42101,
Cake Land & Juice Point,        ,   ,12.92683,77.67892,+91 76764 07679,
Swaad,        ,   ,12.92683,77.67892,+91 80 3190 9191,
Fouryou Bakery,        ,   ,13.06534,77.55992,+91 91641 41874,
Pure And Sure,        ,   ,12.93077,77.58168,+91 1800 121 0369,
Dharwad Mishra Pedha,        ,   ,12.90984,77.5463,+91 80 2639 2251,
Shanti Sweets & Bakery,        ,   ,12.96737,77.65699,+91 99022 83602,
Cafe Cosy,        ,   ,12.92994,77.585,+91 91136 60050,
Sohar Bakery And Sweets,        ,   ,12.96958,77.65571,+91 78488 86888,
Residency Fresh Fruit Juice,        ,   ,12.9682,77.60067,+91 80 2227 6350,4
Sri Balaji Hotel,        ,   ,12.8777,77.63379,+91 95350 46255,
Prithvi Restaurant,        ,   ,12.97976,77.57707,+91 80 2220 2255,
Ambur Biryani House,        ,   ,13.00158,77.54859,+91 80 6568 2500,
Roll Over,        ,   ,12.930728,77.58108,+91 88849 42900,
Panchami Juice & Chats,        ,   ,12.93799,77.55698,+91 97422 46171,4
Sri Annalakshmi,        ,   ,12.85845,77.58,+91 99022 88288,
B2H - Biryani 2 Home,Indian Barbecue Grill      ,   ,,,+91 88845 44411,
Sri Lakshmi Bakery & Sweets,        ,   ,13.01209,77.63528,+91 98443 34377,
Karnataka Bakery,        ,   ,12.92377,77.60962,+91 97037 12458,4
Wow China,        ,   ,12.934365,77.611404,+91 97419 67091,
Nimma Mane,        ,   ,12.98443,77.5872,+91 98867 47789,
Sri Gajanana Fruit Juice Centre,        ,   ,12.95654,77.69644,+91 88849 40615,3
Adhitya Restaurant and Bar,        ,   ,12.92855,77.59337,26638464,
Aarna Restaurant,Chinese        ,   ,12.84626,77.67148,+91 90087 44544,
Sri Durga Juice And Chats,        ,   ,12.960156,77.576836,,
Sri Krishna Hot Chips,        ,   ,12.9388,77.55086,+91 97410 81053,4
Kanti's,        ,   ,12.97929,77.6951,+91 80 2844 1009,
Ulavacharu,        ,   ,12.933531,77.62263,+91 80 2550 0008,
Sri Lakshmi Sweet Stall,        ,   ,12.99006,77.54579,+91 80 2330 5059,
Annapoorneshwari Bakery & Condiments,        ,   ,12.97764,77.62335,+91 99801 39270,
Punjaab,        ,   ,12.93296,77.61348,+91 80 4110 3155,
Cool Corner,        ,   ,12.99165,77.61125,+91 92431 07786,
Water On The Roof Cafe,        ,   ,12.934524,77.61656,+91 76196 01806,
Mugs N Burgers,        ,   ,12.965265,77.71409,+91 73488 55333,
Golden Leaves,        ,   ,12.93695,77.58004,41204555,
Tandoori 'N' Curry,Chinese Indian       ,   ,12.93629,77.61678,+91 80 6060 8090,
Veekes & Thomas,        ,   ,12.9682,77.60067,+91 80 4117 1137,
Zaiqa,        ,   ,12.93848,77.63192,+91 80 2530 9959,
Crisp 'N' Crunch,        ,   ,12.9885,77.55937,+91 99008 28540,
Hotel Babu Mosay Restaurant,Chinese        ,   ,12.93546,77.61556,+91 99022 16798,
Meshka Tea,        ,   ,12.93579,77.60746,+91 78961 78994,
Veeba,        ,   ,12.973646,77.62042,+91 80 2208 6533,
Cafemixx.india,        ,   ,12.987888,77.617516,+91 99452 84564,
Gs Market,        ,   ,12.967335,77.57619,,
Baskin-Robbins,        ,   ,13.01856,77.65632,+91 95382 06750,4
Goli Vada Pav No.1,        ,   ,12.93799,77.55698,+91 96860 24626,3
Happy Endings,        ,   ,12.95602,77.7121,+91 89044 86971,
"Ojas Nisarga, Sharanye Organics",        ,   ,12.88257,77.54684,9.16E+11,
Roti Mandir,        ,   ,12.97759,77.57251,,
Sri Gajanana Fruit Juice Centre,        ,   ,12.94179,77.55591,+91 99003 84816,
Al Noor,        ,   ,12.98887,77.57415,+91 97403 16758,
Bamboo Shoots,        ,   ,12.905851,77.54198,+91 91087 57748,
Masala  Tadka,        ,   ,12.949038,77.5743,+91 98801 74644,
Mr. Gola,        ,   ,12.99088,77.58683,+91 99308 10915,
Dumont,        ,   ,12.973221,77.603455,+91 76192 67891,
Up Bhavan,        ,   ,12.98418,77.60824,+91 80 2558 1010,
Kwality Wall's Swirl's,        ,   ,12.95275,77.6551,+91 80951 62211,
Sri Sai Churmuri Corner,        ,   ,12.93274,77.58712,+91 72592 99405,
Fog It Up,        ,   ,12.947474,77.57974,,
Royal Bakery & Sweets,        ,   ,12.95602,77.7121,+91 98807 67005,
Janaab-E-Aali,        ,   ,12.93974,77.56922,+91 99729 34777,
Satkar Restaurant,        ,   ,,,+91 99003 88207,5
Subway India,        ,   ,12.99088,77.58683,+91 99722 96042,
Max Kabab Biryani,        ,   ,12.91838,77.48294,+91 80 6456 6777,
Biriyani's & Curries,        ,   ,12.89276,77.67932,+91 99720 71379,
Sathkar Ice Cream,        ,   ,12.90999,77.48415,+91 94828 53395,
Sri Gajanana Fruit Juice Centre,        ,   ,12.93179,77.59085,+91 99009 48470,
Roshan Taj,        ,   ,12.97615,77.61506,+91 80 4153 8170,
The London Shakes & Cafe - Kb's Cafe,        ,   ,22.3,73.2,+91 90166 85994,
Rawal Jelebi,        ,   ,12.9823,77.60797,+91 99453 24017,
Lazeez Restaurant,        ,   ,12.99948,77.75299,+91 80 4146 0578,
7hills Snooker & Cafe,        ,   ,12.97119,77.60588,+91 99023 44015,
Hotel Om Shakti Muthalama Restaurant,        ,   ,12.98537,77.60715,+91 98862 36441,
Citra,        ,   ,13.06884,77.58061,+91 98450 75069,
Chawlas Square,        ,   ,12.96611,77.71828,,
Roll Me,        ,   ,13.09682,77.59232,+91 96208 39162,
"Organic India Store - Mg Road, Bangalore",        ,   ,12.972329,77.618645,+91 90768 00458,
Chowdhari Enterprises,        ,   ,12.966592,77.576324,,
Smoke House Deli,        ,   ,12.989622,77.728226,+91 80 2501 8107,
National Fried Chicken,        ,   ,12.97528,77.53392,+91 88674 64590,
Hotel Nisarga Restaurant,        ,   ,12.94179,77.55591,+91 99645 92723,
Shanthi,        ,   ,12.98558,77.54282,+91 99451 84988,
Sri Gajanana Fruit Juice Center,        ,   ,12.9097,77.5857,+91 98440 09600,
Shree Lunch Home,        ,   ,12.9789,77.57507,,
L J Iyengar's Bakery,        ,   ,12.92845,77.60027,+91 80 2597 6922,
99pancakes,        ,   ,12.97613,77.60127,+91 74836 55827,
Blend & Brew,        ,   ,12.95722,77.65505,+91 80 3051 5624,
Race View Restaurant,        ,   ,12.98116,77.57522,+91 80 2220 3401,
The Betta Life,        ,   ,12.969076,77.60187,+91 98453 49284,
Blossom Ice Land,        ,   ,12.96851,77.53435,+91 98444 68682,
Sapna Bakery,        ,   ,12.95602,77.7121,+91 98451 69610,
Risalo Lassi Adda,        ,   ,12.972714,77.571815,+91 90608 05911,
Balaji Bhavan,        ,   ,12.91509,77.56283,+91 74116 38010,
New Ambur Biryani,        ,   ,12.93546,77.61556,+91 98458 90454,
7th Heaven Yelahanka,        ,   ,13.094443,77.58078,+91 99019 53351,
Navras,        ,   ,12.964266,77.71506,+91 99168 09731,
Chaai Resto,        ,   ,12.96709,77.7162,+91 91487 85024,
Daily Bread,        ,   ,12.92446,77.54121,+91 80 6450 0247,
Hyper Scoop,        ,   ,12.96421,77.54107,+91 96064 46504,
Uttara Karnataka Prasiddhi Jolada Rotti And Chapathi Angadi,        ,   ,12.945982,77.5693,+91 94482 61201,
Ram Prasad Veg,        ,   ,12.98425,77.60293,+91 80 2286 5890,
Dhanalaxmi Sweets And Chat Center,        ,   ,12.964859,77.716675,1.10E+11,
Ratnadeep Super Market,        ,   ,13.00099,77.5757,,
Happy Hours - Mastani Cafe,        ,   ,12.986782,77.579445,+91 73378 21139,
Dhaanya Veda,        ,   ,12.926548,77.57012,+91 96112 58154,
Golden Falcon,        ,   ,13.01251,77.63754,+91 80 4092 0659,
Cha Cha Cha,        ,   ,12.997595,77.69638,,
Srs Tiffins,        ,   ,12.91873,77.51217,,
Tea Samskruthi,        ,   ,13.00712,77.57122,+91 99869 98808,
7th Heaven Jp Nagar Bangalore,Indian        ,   ,12.89477,77.58167,+91 80508 04747,
Bakes180,        ,   ,12.973771,77.542015,+91 99863 06655,
Homely Super Market,        ,   ,13.003899,77.56546,+91 99801 33300,
Bkc Restaurant,        ,   ,12.91474,77.61005,+91 74117 15544,
Fatoor,        ,   ,12.921644,77.62032,+91 85470 45750,
Pizza Hut,        ,   ,12.913939,77.608925,+91 1800 202 2022,
Juicy Juice In Cream,        ,   ,12.847954,77.65775,+91 73491 04292,
Himal Chuli Restaurant,        ,   ,13.01815,77.70438,+91 89511 41116,
Gupshupchai,        ,   ,12.96626,77.71797,+91 80 4171 7785,
Desi Chaat Bazzaar,        ,   ,12.848296,77.657745,+91 87922 77228,
Hey Bengaluru,        ,   ,12.97789,77.71315,+91 99806 33886,
The Hashtag Cafe,        ,   ,12.9576,77.71448,9.16E+11,
Barcode,        ,   ,12.932081,77.623024,+91 80 2553 4477,
Hungry Travellers,        ,   ,12.9344,77.6257,+91 98453 44009,
Berry'd Alive,        ,   ,12.970043,77.63831,+91 96113 48003,
World Of Waffles - Bengaluru,        ,   ,12.916196,77.59319,+91 78291 30009,
Akram's Family Restaurant,        ,   ,12.96191,77.64173,+91 88921 69086,
Just Bake,        ,   ,13.02739,77.54277,+91 99020 64833,
The Chocolate Room Hsr,        ,   ,12.90755,77.64454,+91 80 4814 9996,
Meatzy,        ,   ,12.88553,77.5555,+91 88841 11263,
Punjab Bistro - Delivery Only,        ,   ,12.972601,77.62677,+91 99729 57297,
Cane Fresh,        ,   ,13.00325,77.57325,,
Chaitra Restaurant,        ,   ,12.95439,77.51741,+91 80 2318 1919,
Cool N Crisp,        ,   ,12.96851,77.53435,+91 97383 07123,
Vishwascatering,        ,   ,13.000154,77.54098,+1 903-616-1202,
Liquid Company,        ,   ,12.91217,77.64374,9.16E+11,
Om Ganesh Fruit Juice Centre,        ,   ,12.97815,77.63664,,
The Dreamy Oven,        ,   ,12.92088,77.66446,+91 80885 86901,
Indijoe,        ,   ,12.993411,77.66122,1.08E+11,
Kfc,        ,   ,13.024291,77.54894,+91 80 4275 4444,
Sree Gajanana Fruit Juice Centre,        ,   ,13.0149,77.63285,,
Freshyz - The Cake Gallery,        ,   ,12.8985,77.6238,+91 99166 62402,
Sree Ganesha Fruit Juice Centre,        ,   ,12.97156,77.6277,,
Kolkata Famous Katti Rolls,Middle Eastern        ,   ,,,+91 97384 16900,
The Belgian Waffle Co. Bangalore,        ,   ,12.92605,77.58601,9.16E+11,
Lassi Spot,        ,   ,12.96402,77.55076,+91 98867 77462,
Ode Cafe,        ,   ,13.032582,77.55845,+91 98119 54995,
Stone House Cafe,        ,   ,12.932333,77.5165,+91 99860 64240,
Kalmane Estate,        ,   ,12.9701,77.60961,+91 98450 56843,
Josh Fastfood,        ,   ,12.93859,77.62972,+91 97413 44330,
Eatato,        ,   ,12.96941,77.6084,+91 76767 57578,
Butter Artisan Cafe,        ,   ,12.97405,77.60771,+91 80 4375 9777,
Keventers,        ,   ,12.97044,77.61017,+91 98765 43210,
Fishys Sea To Store,        ,   ,12.89025,77.5417,+91 86181 20861,
Couch Tato,        ,   ,12.886449,77.61153,+91 96599 62323,
Brigade Hypermart,        ,   ,12.87765,77.5771,+91 80500 33088,
Vruksh Organics - Gaanah Cold Pressed Oils,        ,   ,12.91102,77.52304,+91 88847 16947,
Iyengar's Bakery,        ,   ,13.02635,77.63196,+91 94489 29275,
Geetha Sweet,        ,   ,12.90376,77.63114,+91 92412 69252,
Karanataka Bakery,        ,   ,12.90376,77.63114,+91 99806 32344,
Sweet Somethings !,        ,   ,12.8894,77.58174,+91 80 4965 3121,
East Street Cafe,        ,   ,13.01456,77.63802,+91 80 4173 2308,
Shabari Bakery,        ,   ,12.95738,77.51308,+91 89713 53450,
Dfd Restaurant,        ,   ,13.01525,77.63933,+91 99866 44144,
Cottons Cafeteria,        ,   ,12.948911,77.57509,,
West View Family Bar & Restaurant,        ,   ,12.9594,77.52746,+91 80 2339 0798,
Biryanis And More-koramangala,        ,   ,12.93411,77.61574,+91 80 4965 2531,
Cafe Rustico,        ,   ,12.97336,77.60632,+91 74837 11172,
Akshaya Sweets & Bakers,        ,   ,13.01036,77.50651,,
S.A. Refreshments,        ,   ,13.05865,77.55737,,
Burnout,        ,   ,12.979625,77.60371,+91 96868 62233,
Kfc,        ,   ,12.960962,77.52812,+91 80 4275 4444,
New Prabath Bakery and Sweets,        ,   ,12.87489,77.63536,,
Rockahomie,        ,   ,12.92856,77.5731,+91 80 4212 6060,
Cake Paradise Bakery & Sweets,        ,   ,12.92485,77.51979,+91 99610 69125,
Royal Darbar,        ,   ,12.88922,77.6072,+91 97310 79115,
Le Cafe,        ,   ,13.04213,77.55549,+91 84958 69254,
Sri Jayalakshmi Refreshments,        ,   ,12.90376,77.63114,+91 80505 40799,
Hotel Uday Restaurant,        ,   ,12.92091,77.66485,+91 87924 59002,
Sri Devi Bakers,        ,   ,12.88888,77.60798,+91 99726 22239,
Revel Bar & Kitchen,        ,   ,12.943131,77.621315,+91 76192 88886,
Pepper Mint,        ,   ,13.02668,77.53523,+91 80 4098 5753,
Sai Snax,        ,   ,12.96905,77.70088,+91 95917 91803,
Orange Bar & Restaurant,        ,   ,12.92437,77.48619,+91 96867 56768,
Simhapuri Mess,        ,   ,13.02668,77.53523,+91 94813 08331,
Plaza Food Court,        ,   ,13.04094,77.62035,+91 90668 30046,
P B Bakery and Sweets,        ,   ,12.88585,77.60239,+91 96630 44704,
Juicemaker,        ,   ,12.960115,77.64521,+91 91086 36111,
Kabab Mahal,        ,   ,12.92339,77.51093,+91 80 2861 1999,
Pulse,        ,   ,12.92091,77.66485,+91 80 4039 9000,
Nest's,        ,   ,12.92091,77.66485,+91 80 6534 1234,
Palahar,        ,   ,13.06224,77.59077,+91 99726 00722,
Jus Gola,        ,   ,12.91906,77.51154,+91 95386 63070,
Ganesh Fruit Juice,        ,   ,12.92339,77.51093,+91 88671 00875,
Sri Sai Bakery & Juice,        ,   ,12.92091,77.66485,+91 88927 11211,
Kekiz - Chandra Layout,        ,   ,12.95973,77.5274,,
Half Tea,        ,   ,13.002771,77.55029,+91 74832 36687,
Soul Food,American Indian       ,   ,12.918242,77.633766,+91 82768 94312,
Baskin-Robbins,        ,   ,12.92091,77.66485,+91 94491 55859,
Hyderabad House,        ,   ,12.92091,77.66485,+91 76764 53842,
Smally's,        ,   ,12.970237,77.64475,+91 80 4814 9349,
Cafe Milo,        ,   ,12.936832,77.61485,+91 98805 90702,
Mamamangaalore,        ,   ,12.93324,77.61386,+91 99455 88006,
Elixir - Luxury Pearls Drink,        ,   ,12.935251,77.61386,+91 97418 84909,
Jumbo King,        ,   ,12.96161,77.63523,+91 98802 03717,
Bharathi Fast Food,        ,   ,12.98416,77.60715,+91 98803 59641,
Sri Lakshmivenkteshwara Iyengar's Cake & Sweets,        ,   ,12.973209,77.541084,+91 99006 90170,
Rural Blues - The Restobar,        ,   ,12.9089,77.67649,+91 95131 15222,
Sri Krishna Bakery,        ,   ,12.98269,77.55048,+91 90088 63289,
Absolute Shawarma,        ,   ,12.90551,77.67583,+91 96508 34155,
Satisfry,        ,   ,12.977133,77.576324,,
Good Food,        ,   ,12.96224,77.64171,+91 80 4206 3049,
Nandhini Deluxe,        ,   ,12.96364,77.6407,+91 80 4079 9966,
Mahadev Sweets & Chat,        ,   ,12.97532,77.53389,+91 92434 13378,
Flavours Of India,        ,   ,12.930166,77.68568,+91 80 4633 2222,
Swiss Naturals Ice Cream,        ,   ,12.93859,77.62972,+91 99451 91217,
Blyton's Bangalore,        ,   ,13.063936,77.5901,+91 80 4372 1724,
Handisala,        ,   ,12.90915,77.61083,+91 80881 40486,
Butter Cup,        ,   ,12.97381,77.6411,+91 76765 07378,
Chapatti Mane,        ,   ,12.91326,77.59251,+91 92434 78860,
M M Bar & Restaurant,        ,   ,12.98216,77.64579,9.18E+12,
"Cafe Max - Authentic European Food, Bangalore",        ,   ,12.978411,77.644295,+91 80 4120 0469,
New Metro Restaurant,Indian        ,   ,13.022275,77.55092,+91 20 2668 0916,
Sneha Bakery,        ,   ,12.94082,77.63114,+91 80 2592 0787,
Just Fresh Point,        ,   ,12.842306,77.65186,+91 95919 99001,
The Good Food Chefs,        ,   ,12.967262,77.70242,6364517888,
Punjabi's Food Corner,        ,   ,12.97884,77.6562,+91 98450 61436,
Aramane,        ,   ,12.892377,77.59776,+91 80 4302 7998,
Rachuri's,        ,   ,13.11115,77.60532,+91 80 2684 0188,
Beijing Bites,Chinese        ,   ,12.962484,77.588455,,2
Kolkata Famous Kati Rolls,        ,   ,13.04739,77.57354,+91 97433 31192,
Naturals,        ,   ,13.027957,77.572815,+91 97398 08554,
Cake Zone,        ,   ,12.96682,77.61235,+91 93428 11508,
Baap Of Biryani,        ,   ,12.85566,77.58551,+91 99000 54111,
Crystal Bar & Restaurant,        ,   ,13.03792,77.51823,+91 97405 07230,
Sona Sweets & Bakery,        ,   ,13.0504,77.59761,+91 93412 78812,
Premium Kulfi,        ,   ,12.87489,77.63536,+91 99869 10004,
Dumont-sahakar Nagar Bnglr,        ,   ,13.06292,77.59231,+91 82173 83443,
Sagar Sweets and Chats,        ,   ,12.90799,77.60413,+91 97427 42921,
Isiri Restobar,        ,   ,12.979481,77.69524,+91 88845 77123,
Kholi Mane,        ,   ,12.92011,77.51447,+91 80 2676 5670,
Sairam Bhavan Sweets & Chats,        ,   ,12.95696,77.53091,+91 80707 22707,
Chef Story,        ,   ,12.93064,77.6855,+91 80 6452 2445,
Sri Choudeshwari Tiffin Centre,        ,   ,12.97078,77.654,+91 96639 83052,3.5
Sangam Sweets,        ,   ,13.066504,77.65159,+91 80 2846 5467,
Cafe Coffee Day,        ,   ,13.05646,77.58732,+91 74833 73252,
Sri Manjunatha Tiffin Centre,        ,   ,12.98797,77.53747,+91 97433 26000,
Nalini Fast Food,        ,   ,12.93892,77.53432,+91 99452 99071,
Delicious Bake & Cool,        ,   ,12.96638,77.53004,+91 89512 28569,
Cake Mine,        ,   ,12.96708,77.6591,+91 80 2526 0049,
The Cake Park,        ,   ,12.97175,77.64714,+91 80 4127 3777,
The Hot Oven,        ,   ,12.96736,77.53095,+91 80 2315 9411,
Vishishya,        ,   ,12.95441,77.52285,+91 80 4164 7803,
Slv Iyengar Bakery,        ,   ,12.99931,77.53233,+91 98455 68586,4
Sangam,        ,   ,12.92845,77.60027,+91 99646 97654,
Seasons Restaurant,Indian        ,   ,,,+91 73491 11888,2.5
Zensation,        ,   ,12.93914,77.58518,+91 80 2656 5466,
Pink Moon,        ,   ,12.93064,77.6855,+91 80665 91999,
Dadar Vada Pav,        ,   ,13.01259,77.49796,+91 99004 30597,
Sagar Deluxe,Chinese        ,   ,12.92091,77.66485,+91 80 4165 4431,
Hebb's Cake,        ,   ,12.978,77.63958,+91 80 2520 0339,
Jai Karnataka Biryani Paradise,Indian        ,   ,13.01032,77.6149,+91 90366 94329,4
Toscano's,        ,   ,13.011739,77.55584,+91 80 2268 2055,
MS Sweets,        ,   ,12.99107,77.56787,+91 99804 01790,
Appannas Restaurant,        ,   ,12.92119,77.57376,+91 93413 94344,
Creamy Destination,        ,   ,12.9244,77.63145,+91 91488 70921,
Grandmart Bakery & Confectionaries,        ,   ,12.98231,77.6393,+91 80 4212 9948,
Gundappa Sweets And Bakery,        ,   ,,,+91 99863 86988,5
Ice Berg,        ,   ,12.9097,77.5857,+91 94838 67282,
Coke Counter,        ,   ,12.92845,77.60027,+91 84970 37425,
Foodiz,        ,   ,12.950481,77.49187,+91 74118 01848,
Lavanya Amboor Dum Biryani,        ,   ,12.95142,77.4924,+91 80956 50752,
Indi-AH! Coffee,        ,   ,13.00634,77.57888,+91 99647 22028,
Cravingz,        ,   ,12.9407,77.69627,+91 94803 30336,
The Himalayans,        ,   ,12.9577,77.65384,+91 77958 45857,
Juice and Salads,        ,   ,12.85906,77.56933,+91 80 6454 6662,
Prawn Crunch,Seafood Fast Food       ,   ,,,+91 93434 11911,
Cafe Aloha,        ,   ,12.93562,77.60804,+91 99000 08007,
Annapoorneshwari Tiffin Centre,Seafood        ,   ,,,+91 84538 55592,
Secret Of Fumo,        ,   ,12.90961,77.56462,+91 82777 30019,
Friends Maggi Adda,        ,   ,12.934802,77.585594,+91 96866 59117,
Amar Department Stores,        ,   ,12.988231,77.60885,+91 80 4162 2140,
Jyothi Tiffin Center,Seafood        ,   ,,,+91 90363 99718,
S L V Kabab & Tiffin Centre,Seafood        ,   ,,,+91 72594 64710,
More Hypermart,        ,   ,12.90639,77.57861,+91 82910 82910,
Frozenheit,        ,   ,13.00482,77.54923,+91 81059 53406,
Cafe21,        ,   ,12.915579,77.62056,+91 72880 03305,
The Weekly,        ,   ,12.934933,77.60916,+91 95388 55188,
Chaat Street,        ,   ,12.971565,77.64719,+91 80 4229 6566,
Shalon Fresh Chicken Centre,        ,   ,12.96024,77.56056,,
Tella Tales,        ,   ,12.93318,77.6139,+91 97310 61055,
One In A Melon,        ,   ,12.934882,77.612976,1.07E+11,
Justbake Kadubeesanhalli,        ,   ,12.92268,77.6701,+91 80508 00095,
Double Blend,        ,   ,12.93252,77.61078,+91 88485 75240,
The Bucketlist Cafe,        ,   ,12.926387,77.67015,+91 90610 72870,
Namaste,        ,   ,12.91059,77.60647,+91 77956 80954,
Cafe Paradise,        ,   ,12.988,77.61787,+91 99024 97612,
Melt,        ,   ,12.89263,77.5967,+91 80102 45245,
The Salad Studio,        ,   ,12.926875,77.671936,+91 98868 90327,
Madhu Cafe,        ,   ,13.01635,77.5448,+91 98450 75509,
The Cafe Corner,        ,   ,13.015092,77.63345,+91 96867 64898,
Nehal's Cooking Classes,        ,   ,12.99955,77.55346,+91 99160 62111,
"Chin Lung Resto-bar, New Bel Rd",        ,   ,13.029938,77.57071,+91 86600 82889,
Thirsty Tiger Pub & Grub,        ,   ,12.894194,77.58171,+91 97428 91444,
Leia - Soul Food,        ,   ,12.999528,77.62275,+91 85530 07009,
Chaayos,        ,   ,12.92634,77.67171,9.16E+11,
Goila Butter Chicken - Varthur,Indian        ,   ,12.92873,77.738144,+91 85888 87718,
Butterly,        ,   ,12.95441,77.52285,+91 80564 33303,
Skywalk,        ,   ,12.92519,77.6336,+91 80950 95550,
Kinara Restaurant,        ,   ,12.92568,77.67641,+91 99028 93066,
Chaat Pakodi,        ,   ,12.926652,77.673225,+91 74001 22349,
Kuther,        ,   ,12.874316,77.58396,+91 70536 25263,
Raithula Ruchi At Bellandur,        ,   ,12.92586,77.67676,+91 73377 53282,
Kolkataxpress,        ,   ,12.926688,77.6779,+91 80672 69550,
Squeeze Juice Bar,        ,   ,12.98107,77.64467,+91 85536 95806,
Payohima,        ,   ,12.91416,77.67682,1.08E+11,
Snehal's Cakes And Bakes,        ,   ,12.91825,77.67078,+961 1 321 287,
Apetite Workstation,        ,   ,12.91363,77.67836,+91 73490 02292,
Bombay Kulfi,        ,   ,12.913176,77.678444,+91 90362 39599,
Hale & Hearty Chicken,        ,   ,13.05541,77.60426,+91 80889 39790,
Brundhavana,        ,   ,12.873006,77.58356,1.08E+11,
New Kabab Zone,        ,   ,12.87063,77.58295,+91 91410 08282,
Goodluck Resto Cafe,        ,   ,12.876277,77.6147,+91 80 6565 6365,
Lipsip Cafe,        ,   ,12.97225,77.67992,+91 70225 37189,
Lifestyle,        ,   ,12.97751,77.7101,+1 800-208-2444,
New Rajalakshmi Sweets And Chats,        ,   ,12.97751,77.7101,+91 85537 74681,
Taranga,        ,   ,12.903761,77.513885,+91 91483 32333,
Garden City Chicken Centre,        ,   ,13.0582,77.55485,+91 97402 98461,
Sumukha Cyber Cafe,        ,   ,13.05857,77.582924,+91 97409 80170,
Cold Stone Creamery India,        ,   ,12.91249,77.68125,+91 88927 49452,
Sri Lakshmi Condiements,        ,   ,12.92745,77.48625,+91 99007 06875,
Sri Krishna Juice And Condiments,        ,   ,12.92857,77.49371,+91 97383 31428,
Bombay Kulfi,        ,   ,12.938231,77.69469,+91 90362 39599,
Namaste Bengaluru,        ,   ,13.038805,77.51792,+91 91645 80288,
Adholokam Restaurant,        ,   ,12.857861,77.61143,+91 88845 22007,
Jb,        ,   ,13.071427,77.568214,+91 72042 66766,
Platos Restaurant,        ,   ,12.952097,77.700356,+91 99868 00135,
Udupi Savi Ruchi - Pure Veg.,        ,   ,13.036113,77.51877,+91 73533 86857,
Mad Over Meat,        ,   ,12.98345,77.70565,+91 97385 39098,
Sree Vignesh Bakers,        ,   ,12.921954,77.48417,1.08E+11,
Aarav Organics,        ,   ,13.06054,77.64877,+91 99864 10520,
Sheeshacraft,        ,   ,12.956814,77.699585,+91 97404 06540,
Akshaya Home Appliances,        ,   ,13.10083,77.57679,,
Apoorvi,        ,   ,13.06879,77.56919,+91 78922 75538,
Ss Bar Restaurant,        ,   ,13.021373,77.71115,,
Iyengar's Bakery,        ,   ,,,+91 80 4166 1027,
Friends Tailors,        ,   ,12.97508,77.56539,,
Creamy World,        ,   ,13.116596,77.60605,,
Doosrii Biwi,        ,   ,12.928274,77.58165,+91 80 4977 0573,
Keventers,        ,   ,13.02781,77.57418,+91 80 4852 9268,
Burger King,        ,   ,,,+91 95133 00670,4
Thanco's Naturals Sahakarnagar,        ,   ,13.01346,77.54396,+91 83101 64799,
Sri Balaji Pooja Store,        ,   ,12.971757,77.65519,+91 80 2290 7228,
Food Hub,        ,   ,12.9438,77.56561,+91 83101 37902,
Bikaner Sweets Jaynagar Banglor,        ,   ,12.9327,77.58363,+91 99165 74352,
new Kabab plaza,Chinese Indian Fast Food Arabic     ,   ,,,+91 88611 17766,
Step Right Up,        ,   ,12.992703,77.59124,+91 95131 73681,
Sri Lakshmi Venkateshwara Hot Chips,        ,   ,12.992318,77.593285,+91 97404 00142,
Swarna Mandir,        ,   ,12.92869,77.58178,+91 80 4331 1111,
Food Land Super Market,        ,   ,13.02443,77.5613,+91 80 2347 6011,
Mp Bistro,        ,   ,12.9765,77.62246,+91 97414 31210,
Drunken Monkey,        ,   ,12.929016,77.58149,+91 84317 93797,
Dhaba Social,Indian        ,   ,,,+91 96205 85908,5
Grill Biriyani's,        ,   ,12.989316,77.56483,+91 86185 97306,
Varanasi Cafe,        ,   ,12.929168,77.58198,+91 90088 89148,
Ram Brothers,        ,   ,12.930497,77.58127,+91 80 2634 1692,
Maaya - Soul Space,        ,   ,12.94924,77.57147,,
Kitchen To Plate,        ,   ,12.93859,77.5688,+91 98868 35049,
Coconadu,        ,   ,12.934663,77.61142,+91 95388 96102,
Paakghor A Unit Of Axomi,        ,   ,12.956083,77.71519,,
South Ruchi's,Indian        ,   ,,,+91 80 2235 5971,4.5
Lazeez Restaurant,        ,   ,12.93007,77.63385,+91 80 4121 7034,2.5
Elite Cafe,        ,   ,12.84753,77.65003,,
Grand Bake,        ,   ,12.960589,77.71454,,
Darasuni - Flavour Of Punjab,        ,   ,,,+91 99860 57916,3.5
Currys and Dosas Express,Indian        ,   ,13.01827,77.6394,+91 80 6066 7788,2
Sri Vinayaka Tiffin Center,Seafood Fast Food       ,   ,,,,
Shringar,        ,   ,12.93678,77.57884,+91 98453 63762,
By2cafe,        ,   ,12.98544,77.58897,,
Main Course,        ,   ,12.975355,77.60533,,
Hookah Bar,        ,   ,12.98373,77.58085,,
Garden Cafe,        ,   ,12.984847,77.58454,,
Highland Traders,        ,   ,12.943926,77.57105,1.08E+11,
Nerlucafe,        ,   ,12.985132,77.58035,,
7th Heaven Basaveshwar Nagar,        ,   ,12.98617,77.54133,+91 99001 78378,
Chillout_cafe,        ,   ,12.830004,77.62429,+91 95385 05439,
Move Fresh Agro Organic Stores,        ,   ,13.09928,77.58188,+91 98458 47509,
Sri Vishnu Park Restaurant,        ,   ,,,+91 80 4970 2828,3
Rasoi Street,        ,   ,12.90082,77.64894,+91 77422 51211,2.5
Fernicher Cafe,        ,   ,13.026719,77.54348,,
Hello Cafe,        ,   ,12.848944,77.672134,+91 85477 40851,
Kolkata Kitchen,        ,   ,12.840561,77.65352,+91 89043 11393,
Sri Curries,        ,   ,13.101026,77.57693,+91 87227 09906,
Kolimane Garden Family Dhaba,        ,   ,12.862694,77.43395,,
Spice&ice Cafe,        ,   ,12.84545,77.66444,+91 99619 96199,
Bhagini Restaurant,Indian        ,   ,,,+91 80 4174 1333,3.5
Polynation,Chinese Indian International      ,   ,,,,4
Food Captain,        ,   ,12.97532,77.53389,66695693,
Cakes Joint,        ,   ,13.00578,77.564964,+91 74833 56933,
Nayamath Stores,        ,   ,12.9853,77.57399,+91 80 2346 0965,
Freshworld,        ,   ,12.9656,77.61567,+91 95138 52210,
Veeba,        ,   ,13.005652,77.58062,+91 80 2360 9402,
Cuppa,        ,   ,12.93399,77.61646,+91 80 4209 3756,
Shree Swathi Cafe,        ,   ,13.002372,77.552986,+91 98455 75555,
Kfc,        ,   ,12.93761,77.62695,+91 80 4275 4444,
24at43,        ,   ,12.850095,77.66031,+91 80 3985 4700,
Spirit Study Abroad,        ,   ,12.85932,77.57395,+91 96206 45693,
Biryani Box,        ,   ,12.9262,77.67168,+91 81265 05072,
Denny's Pub,        ,   ,13.09313,77.59414,+91 73491 24666,
Rooftopres Restaurant,        ,   ,13.0846,77.57647,+91 88610 65185,
Bellsandcandles : The Cake Shop,        ,   ,12.936925,77.57385,+91 86939 37361,
Wow! Momo,        ,   ,12.8503,77.6571,+91 82170 55523,
Zu's Doner Kebaps - Indiranagar,        ,   ,12.96273,77.64458,+91 98864 00292,
Wow China,        ,   ,12.937097,77.62477,+91 79785 80947,
Kumar Provision Store,        ,   ,12.94168,77.57689,1.10E+11,
All Shook Up Blr,        ,   ,12.957643,77.63829,+91 95350 66411,
Sri Annapurna Cake Palace,        ,   ,13.02942,77.52433,+91 94809 50707,
Geoffrey's,        ,   ,12.957202,77.64422,+91 80 4178 3000,
Onesta,Italian        ,   ,,,+91 80 4371 2758,4
Citron,        ,   ,13.01417,77.56664,+91 98450 11146,
Healthy Affair,        ,   ,12.96802,77.70346,+91 80 4125 5073,
Absolute Barbecues India,        ,   ,13.092094,77.59372,+91 73373 36832,
Ilish,        ,   ,12.97785,77.67939,+91 80956 29761,
Veyr Organics Bangalore,        ,   ,12.92621,77.51542,+91 70264 74747,
Meaww Milk Shakes & Waffles,        ,   ,13.12989,77.61196,+91 99013 21495,
Ambur Biryani Zone,        ,   ,12.9968,77.56951,+91 99721 29013,
Shree Venkateshwara North Karnataka Hotel Restaurant,        ,   ,,,+91 99456 12307,4
Twiststick House,        ,   ,12.949672,77.57464,+91 80 4965 3230,
Hookah Cafe (official Page),        ,   ,13.04397,77.62668,+91 98440 07833,
Namma Sagar,        ,   ,12.97413,77.62374,+91 80 2593 9308,
The Frozen,        ,   ,12.940578,77.570625,+91 96633 10280,
Niragh Foods,        ,   ,12.891067,77.56423,+91 98801 31061,
Veeba,        ,   ,12.997204,77.573654,+91 80 4099 3737,
Avihs Tea,        ,   ,12.91717,77.51841,+91 97401 89995,
Sunrise Bar & Restaurant With Pub,        ,   ,12.9716,77.57502,+91 98450 68143,
Namma Mtr,        ,   ,12.928341,77.573296,1.08E+11,
Kfc,        ,   ,12.993129,77.66182,+91 80 4275 4444,
Melootupura,        ,   ,12.98392,77.72893,+91 99012 99290,
Not Just Waffles,        ,   ,12.964768,77.716675,+91 82497 72787,
Justbake Dlf Bannerghatta,        ,   ,12.9833,77.5833,+91 96631 33665,
Burger Plus,        ,   ,12.99739,77.57325,+91 96204 15430,
Rasapaka Veg Restaurant,        ,   ,12.979497,77.577034,1.08E+11,
Crave Villa,        ,   ,12.94314,77.56555,,
Arya Organic Products,        ,   ,13.01254,77.55387,+91 80 2359 2433,
Malgudi Amruth Chahaa,        ,   ,12.949909,77.49023,+91 86600 35802,
Gowri Shankar Restaurant,        ,   ,13.01541,77.70135,+91 99002 43549,
Matka Cafe,        ,   ,12.93963,77.58289,+91 98862 20166,
Mayura,        ,   ,13.00393,77.55372,+91 80 2350 6361,
Chatpata Aaha Fast Food,        ,   ,13.04094,77.62035,+91 81974 41216,
News Cafe,        ,   ,12.965898,77.64137,+91 88869 84242,
Aamchi Dilli,        ,   ,12.922634,77.58934,+91 93538 83238,
Bismillah Ambur Biryani,        ,   ,12.97309,77.63584,+91 78994 88738,
Central Biryani House,        ,   ,12.972374,77.626205,+91 93532 99817,
Pragathi Bar & Restaurant,        ,   ,13.09768,77.59629,+91 80 2846 2355,
Kabab Hut,        ,   ,12.98593,77.56008,+91 80 2340 4771,
Butter Sponge,        ,   ,12.97898,77.63626,+91 80 2521 9095,
Awara Family Restaurant,        ,   ,13.01842,77.50684,+91 77954 93266,
Just Bake,        ,   ,12.92091,77.66485,+91 80951 95026,
Sri Sreejagadguru Traders,        ,   ,12.963816,77.571686,,
The Inked Baker,        ,   ,12.95791,77.60347,+91 91102 50961,
Cafe Coffee Day,        ,   ,12.91532,77.59505,+91 80 6456 2021,
Puttus Mess Biriyani House,        ,   ,12.9577,77.65384,+91 98455 67133,
Penguins Your Hangout Destination,        ,   ,12.97043,77.71242,+91 97427 87111,
Sneha Sagar,        ,   ,12.90306,77.52128,+91 78292 94095,
Begum Victoria,        ,   ,12.9663,77.61245,+91 97316 69332,
Aishwarya Bakery & Sweets,        ,   ,12.92831,77.67656,+91 80 4153 2647,
Sarkaar,        ,   ,12.91326,77.59251,+91 80 4131 4321,
Suvaai Restaurant,        ,   ,12.98194,77.63951,+91 80 2520 0060,
Maithri Sweets,        ,   ,12.89276,77.67932,+91 97434 51785,
Ganesh Juice Centre,        ,   ,12.94179,77.55591,+91 73538 83310,
Rajkumar Bar & Restaurant,Deli        ,   ,13.03859,77.51814,+91 94480 40244,
Vardhaman Traders - The Kirana Shop,        ,   ,13.021931,77.55877,+91 94480 12725,
Swarga Palace Dine & Wine.,        ,   ,12.925562,77.473305,+91 76194 73540,
Dunkin' Donuts,        ,   ,12.970451,77.71163,+91 80 4115 5540,
Sinchana Palace,        ,   ,,,,1.5
The Paramount Hotel Restaurant,        ,   ,12.85915,77.56909,,
Coorg Diaries,        ,   ,12.98137,77.67979,+91 78921 45140,
Armani,        ,   ,12.972137,77.6071,1.08E+11,
Chung Wah Express,        ,   ,12.892808,77.57941,1.08E+11,
Calvin's,        ,   ,12.934494,77.61621,+91 84969 68888,
Kanchan's Kadala Mane,        ,   ,12.90376,77.63114,+91 80 2573 4443,
The Hungers Zone,        ,   ,12.909372,77.60665,+91 80 4168 0009,
Upper Circle,        ,   ,12.9833,77.5833,22233666,
Fazal Food Day Restaurant,        ,   ,13.02683,77.53521,+91 88671 38139,
Spinach Restaurant,        ,   ,12.9832,77.6406,+91 80508 13593,
Saatvik Authentic Food,        ,   ,12.98827,77.53831,+91 84949 45507,
Angel Juice and Chats,        ,   ,12.91873,77.51217,+91 90600 92289,
Goila Butter Chicken - Electronic City,Indian        ,   ,12.841936,77.647896,+91 85888 87718,
Hungry Ape,        ,   ,12.90545,77.6029,+91 78926 33484,
A1 Chicken Centre,        ,   ,13.017721,77.54301,,
Spicy Platter,        ,   ,12.9069,77.60858,+91 93531 53452,
Crossroads Cafe,        ,   ,12.90805,77.56474,+91 85530 63539,
Shruti Delicacy,        ,   ,12.943864,77.62102,+91 93530 29319,
Veerabhadreshwara Traders,        ,   ,12.929436,77.57285,,
Bajaj,        ,   ,12.960943,77.550285,,
Glazed Courtyard,        ,   ,13.042591,77.60925,,
"Absolute Barbecues - Kalyan Nagar, Bengaluru",        ,   ,,,+91 73373 83765,
Laura Cafe,        ,   ,12.91398,77.5276,,
Rabari,        ,   ,13.033218,77.56926,,
Manju,        ,   ,12.960354,77.63823,,
New Udupi Upahar,        ,   ,12.90254,77.63155,,
Kaapi Kendra Nagarabhavi,        ,   ,12.95711,77.51469,,
Sree Mandharthi Condiments,        ,   ,12.977778,77.628624,,
Pramartha,        ,   ,12.916148,77.585434,,
Endore Cafe,        ,   ,12.91446,77.59989,,
Sumeru Enterprises,        ,   ,12.917868,77.59273,,
Egg House,        ,   ,12.93452,77.62351,,
Phantom Cafe,        ,   ,12.93518,77.624756,,
Enigma Health And Fitness,        ,   ,13.06311,77.58042,,
Le Met Corporation,        ,   ,13.034702,77.52535,,
Lassi Shop - Vijayanagar,        ,   ,12.968762,77.53696,+91 99455 92411,
Vruksha Cyber Cafe,        ,   ,12.90283,77.5214,,
Mandara Bar and Restaurant,Chinese        ,   ,12.93799,77.55698,+91 99646 20500,1
Travellers Bungalow,        ,   ,12.97035,77.64585,,
Cafe Bar,        ,   ,12.90984,77.56355,,
Madini Mubarak Chicken Mutton And Chinese Food,        ,   ,13.047352,77.628586,,
Carlsberg,        ,   ,13.01159,77.55443,,
Iyengars Cake Palace,        ,   ,12.9771,77.62286,,
Tea Stall,        ,   ,12.94334,77.51992,,
Maruthi Cyber Cafe,        ,   ,12.952422,77.70419,,
Siddappaji Chicken Center,        ,   ,12.923903,77.48159,,
Davanagere Beney Dosa,        ,   ,12.9294,77.48424,,
The Cake Shop,        ,   ,12.910673,77.581795,+91 94484 82126,
Nikki's Resto Pub,        ,   ,13.014389,77.5736,+91 98801 36999,
Srinathji's Restaurant  Indiranagar,        ,   ,12.97585,77.641,+91 97385 52811,
Sri Venkateshwara Queens Restaurant,        ,   ,12.952348,77.70641,,
The Pavilion,        ,   ,13.00187,77.57154,+91 70224 42230,
Mtr Foods,        ,   ,12.98886,77.55441,+91 80 4149 1109,
Cafe Plume,        ,   ,12.92416,77.5663,9.16E+11,
The Big Bellyz,        ,   ,13.002517,77.57222,+91 92123 40202,
Mtr Foods,        ,   ,13.00131,77.57136,+91 99008 85263,
Aurovika,        ,   ,12.922,77.59053,+91 99861 22244,
Hyderabad Stores,        ,   ,13.003241,77.60314,+91 99863 41170,
Ganesh Fast Food,        ,   ,13.005727,77.56776,+91 80 2334 5719,
Spoorthi Broadband Cyber Cafe,        ,   ,12.965085,77.6573,,
Tuscany,        ,   ,12.9226,77.59324,+91 98800 16846,
5c Resto Bar,        ,   ,12.98817,77.54908,+91 73532 12121,
Royal Cafe,        ,   ,13.00055,77.56546,+91 81974 59945,
Andhra Mess,        ,   ,12.958031,77.641106,1.10E+11,
New Grand Mart,        ,   ,12.926373,77.57098,+91 87927 91413,
Slimsins Cafe,        ,   ,12.923518,77.58151,+91 95355 82766,
Keventers,        ,   ,12.913577,77.60843,+91 80 4210 9958,
Kibeey's,        ,   ,12.982528,77.63966,+961 1 220 304,
Ispice,        ,   ,12.96252,77.6427,+91 99000 69111,
Dumis,        ,   ,12.98241,77.64037,+91 73382 45758,
The Organic World,        ,   ,12.99923,77.573,+91 96064 31515,
Chandu Tiffin Centre,        ,   ,12.993822,77.57363,,
Raj Bhog,        ,   ,13.00177,77.55198,+91 82960 23453,
Marwa Multi Cuisine Restaurant,        ,   ,12.91483,77.61011,+91 90660 82799,
Mm Bar And Restaurant,        ,   ,12.916387,77.61723,+91 88842 97399,
Say Cheesecake,        ,   ,12.936919,77.62474,+91 99801 61677,
House Of Commons,        ,   ,12.969912,77.64135,+91 89519 26488,
Cafe Orio,        ,   ,12.914014,77.61021,+91 80 4113 3220,
8th Wonder Have A Thunder,        ,   ,13.00194,77.55156,+91 82176 71263,
Gangotri Restaurant,        ,   ,12.937713,77.62674,+91 80 2563 5060,
Srinivasa General Stores,        ,   ,13.008904,77.563126,+91 99007 98894,
Homeneeds Supermarket,        ,   ,12.910629,77.6063,+91 80 6450 8888,
Elongo's Foodies Pub,        ,   ,12.96512,77.64143,+91 94498 27428,
Udupi Sri Krishna Cafe,        ,   ,12.93031,77.58312,,
New Indraprastha Veg,        ,   ,12.94176,77.56366,,
The Organic World,        ,   ,12.9357,77.62513,+91 80 4300 9626,
Nadig's Cafe,        ,   ,12.91897,77.59295,+91 99459 35853,
Netra Bar And Restaurant,        ,   ,12.92341,77.61898,+91 80 2573 0373,
New Udupi Upahar,        ,   ,12.919145,77.583534,+91 80 2665 3377,
Cafe Arabian Tea,Cafe Turkish Contemporary Arabic     ,   ,,,+91 98846 61111,
Dharwad Babusingh Thakur Pedha Sangam Circle Jayanagar,        ,   ,12.91769,77.57794,+91 96202 85864,
Blue Berry Cool Corner,        ,   ,12.935055,77.6251,+91 88673 40170,
Star Biryani,        ,   ,13.00326,77.5614,+91 99029 78797,
Chill-um Cafe,        ,   ,12.936307,77.62555,+91 95352 15611,
Delectable Delights,        ,   ,12.99591,77.61041,+91 98459 36613,
Juice & Joy,        ,   ,12.91834,77.59267,+91 99647 72772,
Shanzay,        ,   ,12.9161,77.65409,+91 95351 92515,
Terabites,        ,   ,12.934236,77.61674,+91 99860 07695,
Cafe Desq,        ,   ,12.932745,77.61692,+91 80 4112 4113,
"Coringa, Koramangala",        ,   ,12.934386,77.62359,+91 99001 78608,
Samosa Party,        ,   ,12.933057,77.615,+91 80 4374 3565,
Wafl Co.,        ,   ,12.93329,77.61509,+91 80674 66725,
Let's Souffle,        ,   ,12.933595,77.61579,+91 80 4371 1119,
Ambur Biriyani,        ,   ,12.934075,77.61704,+91 76196 65502,
Whatfix,        ,   ,12.912325,77.64277,+91 80045 97098,
Rockworth,        ,   ,12.97598,77.61879,,
Secret Souls,        ,   ,12.932543,77.61405,+91 96327 37774,
My Bar One,        ,   ,12.93278,77.61404,+91 78489 37219,
Bliss Chocolate Lounge,        ,   ,,,+91 80 4094 4118,5
Nathani Traders,        ,   ,13.02143,77.54431,+91 93412 42334,
Accenture Cafeteria,        ,   ,12.991861,77.588806,,
Mist Smog Cafe,        ,   ,13.01397,77.63903,+91 99863 30355,
Eastwind,        ,   ,12.94649,77.52909,+91 88849 90555,
Baker By The Night,        ,   ,12.928658,77.66818,+91 88846 43192,
Iyswarya Bar & Restaurant,        ,   ,12.90316,77.54453,+91 94480 67240,
Raj And Raj Super Maart,        ,   ,12.95711,77.51469,+91 98805 50489,
Single Teas,        ,   ,12.891925,77.60137,+91 80 4166 6676,
Hot Cup,        ,   ,13.01482,77.63935,+91 91087 77747,
Cafe Mandala,        ,   ,13.03308,77.569115,+91 98860 27967,
Roll Over R R Nagar,        ,   ,12.917057,77.52063,+91 72592 33789,
Food Park,        ,   ,12.91459,77.5198,+91 70908 24332,
Farm Fresh Fruits And Vegetables,        ,   ,12.97534,77.53352,+91 78922 70757,
Top In Town Hyper Bazaar Banasawadi,        ,   ,12.9149,77.5152,+91 80 4235 2244,
The Waffle Street,        ,   ,12.90674,77.65108,1.08E+11,
Marvellous Men's Salon R R Nagar,        ,   ,12.90844,77.52106,+91 92422 45825,
Sri Nagaraja Stores,        ,   ,12.92595,77.58601,+91 80 6571 3191,
New Krishna Sagar,        ,   ,12.993081,77.66373,1.08E+11,
"Namma Organic ,rajarajeshwari Nagar",        ,   ,12.90994,77.52153,+91 96114 18884,
Etc_foods,        ,   ,12.93695,77.5727,,
Onc Cafe,        ,   ,12.93011,77.51473,9.16E+11,
Justbake Rr Nagar,        ,   ,12.92432,77.51894,+91 80 2860 7931,
Hashtag88,        ,   ,12.948256,77.69881,+91 87629 89999,
Eagles Pizza,        ,   ,12.935725,77.61497,+91 82960 52909,
Jai Durga Juice Centre,        ,   ,12.92261,77.54346,+91 80957 83628,
Star Biriyani And Kabab Center,        ,   ,12.980467,77.55775,+91 98451 55602,
Just Bake -kengeri Outlet,        ,   ,12.9197,77.48472,+91 98863 53404,
La Madeleine Patisserie,        ,   ,12.895063,77.58828,+91 98995 72226,
Snowberg,        ,   ,12.93956,77.56922,+91 90357 09035,
Poornima Restaurant,        ,   ,,,+91 80 2291 8728,4.5
Beehive,        ,   ,12.917991,77.652016,,
Banchharam's,        ,   ,12.936615,77.6144,+91 98457 32329,
Cake Genie,        ,   ,,,+91 80 4092 5748,4
Millet Mama,        ,   ,12.93674,77.58004,+91 74119 18648,
Secret Scoopss,        ,   ,12.962839,77.70208,+91 99725 20840,
Kullukki,        ,   ,12.93524,77.61589,+91 83300 12824,
Au Bon Pain India,        ,   ,12.97855,77.64527,+91 80 2525 4535,
Ocean's Delight,        ,   ,13.01516,77.63362,+91 99023 75380,
Sooperolls,        ,   ,12.93376,77.60978,+91 88920 67566,
Rajarajeshwari Dosa Camp,        ,   ,13.022567,77.70623,,
The Ice Berg,        ,   ,12.93511,77.58568,+91 94838 67282,
Arunadaya,        ,   ,12.946752,77.57393,,
Mtr 1924,        ,   ,12.916486,77.644714,,
Vimal Kitchen World,        ,   ,12.928978,77.58508,1.08E+11,
Jalandharian Da Cafe,        ,   ,12.83993,77.65041,+91 96113 48689,
Deviorganics,        ,   ,12.97528,77.53392,+91 99454 30805,
Idylll - Indian Plates & Cocktails,        ,   ,12.97194,77.59369,9.16E+11,
Baskin Robbins,        ,   ,12.948091,77.569916,,
Doner And Gyros - India,        ,   ,13.09785,77.59658,+91 99166 06666,
The Brewmaster Banglore,        ,   ,13.019527,77.70739,,
Ambur Biriyani Centre,        ,   ,12.93064,77.6855,+91 91640 40993,
New Grand Hotel Restaurant,        ,   ,12.96332,77.57741,+91 89513 73781,
F. M Bakes,        ,   ,12.87489,77.63536,+91 89047 06430,
Sowmya's Bakevilla,        ,   ,12.91044,77.50801,+91 95353 12154,
Fruit Era,        ,   ,13.04094,77.62035,,
Prawn King,        ,   ,12.98216,77.64579,+91 93434 11911,
Cuppa,        ,   ,12.921625,77.69574,+91 99866 61488,
Adithya Restaurant,        ,   ,12.92381,77.6111,+91 92411 10764,3
Om Sri Sai Ram Juice Centre,        ,   ,12.9189,77.5136,,
Darshan Chicken Centre,        ,   ,12.93605,77.49165,1.09E+11,
Krispy Kreme India,        ,   ,12.9702,77.64101,+91 80 4110 6081,
Brahmin Kitchen,        ,   ,13.01064,77.54518,,
Mallika,        ,   ,13.00745,77.55436,+91 98808 80968,
Ob's Restocafe,        ,   ,12.955075,77.65077,,
Our Little Cake Shop,        ,   ,12.927733,77.51807,+91 84969 29028,
Ginger Lake View,        ,   ,12.9359,77.48871,+91 90358 91919,
Cold Stone Creamery India,        ,   ,12.99519,77.69674,+91 80 4865 8384,
Nandus Rr Nagar,        ,   ,12.926041,77.5156,+91 1800 103 1310,
Banchharam Sweets,        ,   ,12.956711,77.70151,+91 98457 32329,
Pappuchaiwalla-jayanagar,        ,   ,12.91634,77.59288,+91 87928 42693,
Sakhan Restaurant,        ,   ,12.93064,77.6855,+91 81477 78877,
Abby Cafe,        ,   ,12.983524,77.70849,+91 97394 81004,
Kudia,        ,   ,12.96498,77.64932,+91 80 2847 8811,
Snehashree Pub,        ,   ,13.04311,77.52032,+91 96202 64696,
Cream & Cocoa,        ,   ,13.08123,77.63437,+91 99020 39272,
Drunken Monkey,        ,   ,12.90589,77.60455,+91 80674 66725,
Bangalore Cafe,        ,   ,12.939284,77.583984,+91 80123 45679,
Naagraaj Restaurant,        ,   ,12.98165,77.67606,+91 80 6050 2252,
Cp Food India,        ,   ,12.981109,77.64099,+91 89512 82704,
Green Park Bar and Restaurant,        ,   ,12.9577,77.65384,+91 98805 31845,
Cafe Natural,        ,   ,13.063002,77.57648,+91 82771 37169,
Vasantnagar,        ,   ,12.992478,77.59271,+91 99450 51863,
Neal's,        ,   ,12.858864,77.61475,+91 80667 90399,
Veeba,        ,   ,13.065037,77.6521,+91 80 2846 5690,
Baadshah - Casual Dining & Cocktail Bar,        ,   ,12.934062,77.61555,,
Ashirwad Bakery,        ,   ,13.05824,77.54626,+91 89700 02178,
Gymers Joint,        ,   ,12.907425,77.56563,+91 99011 77638,
Sree Ganesh Juice Centre,        ,   ,13.04094,77.62035,+91 98458 98282,
Shine Juice Centre,        ,   ,12.84498,77.66555,+91 89048 52318,
The Delish,Chinese        ,   ,12.96026,77.6445,+91 99805 66244,
House Of Aroma,        ,   ,12.98679,77.599,,
Saranya Sweets and Snacks,        ,   ,12.92189,77.61909,+91 98803 47742,
Nandini Swadista Loka Fine Dine Restaurant,        ,   ,13.00573,77.56239,+91 76765 55965,
Tanishq,        ,   ,12.87883,77.51447,+91 99019 39996,
Royal Food Bakes and Juice Centre,        ,   ,12.84742,77.67079,+91 88610 51919,
Ambur Biriyani,        ,   ,12.97309,77.63584,+91 90192 64461,
Manthara Kabab Wala,        ,   ,12.92091,77.66485,+91 80 4165 0241,
Cream House,        ,   ,12.98742,77.54961,+91 80 2349 8074,
Amrut Bar And Restaurant,        ,   ,12.983131,77.60331,+91 80 2559 2125,
Ambur Biryani Point,        ,   ,12.93546,77.61556,+91 98440 75011,
Al-Arafat Kabab Biryani,        ,   ,12.9885,77.55937,+91 99647 85375,
The Hangout,        ,   ,12.904944,77.50475,+91 96401 00759,
Shrinidhi Upahar,        ,   ,12.97009,77.64003,+91 80 2290 7176,
Ravi Restaurant,        ,   ,12.95989,77.59686,28392977,
Nuva Cafe Bangalore,        ,   ,12.97194,77.59369,,
AFC,American Fast Food       ,   ,12.97168,77.65399,+91 72048 39227,
Hyderabad Chefs,Indian        ,   ,,,+91 90360 64151,3
Khmer Kitchen India,Asian        ,   ,12.906569,77.586464,+91 73378 08157,
A to Z Family Restaurant,Chinese        ,   ,12.90993,77.64924,+91 95382 96730,
Kumar Stores,        ,   ,12.97205,77.58089,+91 80 2222 3365,
Shudh365,        ,   ,12.96537,77.60061,+91 99860 08202,
Cafe Socialize,        ,   ,,,,
Mandarthi Veg Hotel,        ,   ,12.90416,77.6233,+91 98459 99383,
Currylicious,Indian        ,   ,,,+91 80672 66576,4
Lakme,        ,   ,12.966756,77.59883,+91 80 3364 0770,
Real Cane,Asian        ,   ,13.08119,77.55708,+91 99018 87116,
Egybites,Mediterranean Egyptian       ,   ,12.91549,77.60539,+91 88840 00170,
Paakashala,        ,   ,12.910761,77.584595,+91 93809 09952,
Burger King,Eastern European Armenian       ,   ,12.99387,77.5715,+91 95918 69585,
Tandoor Hut Restaurant,        ,   ,,,25501899,5
Wazir's  Restaurant,Chinese        ,   ,12.96123,77.599884,+91 80 4114 5555,
Mos Cow Stall,        ,   ,12.961234,77.580444,,
Jumbo Xerox And Cyber Cafe,        ,   ,12.957961,77.593475,,
Via Milano,Italian        ,   ,12.92636,77.63352,+91 80 4130 9997,
Tanang Naga Restaurant,Chinese Indian       ,   ,,,+91 81476 59987,5
Raju Tiffin Centre,        ,   ,,,,5
Goila Butter Chicken - Bel Road,Indian        ,   ,13.038465,77.564644,+91 85888 87718,
Sri Krishna Sweets,Indian        ,   ,,,+91 80 2663 5198,4
Taste of kolkata,Indian        ,   ,12.962484,77.588455,,
Srinidhi Sagar Veg,Indian        ,   ,12.810135,77.666275,+91 99725 22488,
Guzzle Gastropub,        ,   ,12.959941,77.59321,,
Friends Point,Fast Food        ,   ,,,+91 90085 01421,5
Puff Cafe,Italian Cafe       ,   ,13.030692,77.57337,+91 99864 09555,
Absolute Barbeque,Asian        ,   ,12.962484,77.588455,,
Mirage Bar,        ,   ,,,+91 80 2846 8892,4
Kabab Mehal,        ,   ,,,+91 97315 07799,3.5
Suguna Chicken -b.r Best Chicken Center,        ,   ,12.96908,77.58433,+91 99809 44071,
Heavenly Beijing,Asian        ,   ,13.010539,77.64798,+91 98454 11555,
R J Impex,        ,   ,12.967042,77.5823,+91 80 4107 6838,
Goila Butter Chicken,Indian        ,   ,13.009156,77.6625,+91 85888 87718,
Solo Ana Bangali,        ,   ,12.97814,77.73385,+91 93436 86519,
Laddoos,        ,   ,,,+91 95915 77801,4
Sizzle Restaurant,        ,   ,,,+91 80 4191 1717,5
Chakh le India,Fast Food        ,   ,,,+91 90369 45095,5
New Udupi Grand,Indian        ,   ,,,+91 95916 04871,4
Sri Bikaner Sweets,        ,   ,12.88045,77.57926,+91 99165 74352,
Jalsa - Lets Celebrate,Italian Chinese Indian Northern-Italian     ,   ,12.962484,77.588455,+91 99007 80664,
Keerthi Bar & Restaurant,Chinese        ,   ,13.00309,77.6816,+91 80 2851 1825,
Sri Udupi Upahar,        ,   ,,,+91 96116 79385,4.5
Ice Chariot,        ,   ,12.97456,77.62561,+91 72598 25284,
Kritunga,Indian        ,   ,,,+91 80 6562 5112,4
Jayk Military Restaurant,        ,   ,12.97857,77.63365,+91 98804 18332,
Chamomile,        ,   ,12.9832,77.6406,+91 80 4215 6000,
Rkr Lunch Home,        ,   ,12.964933,77.58963,+91 80 3254 3120,
Hungry Puppet,        ,   ,12.96643,77.58718,+91 89519 07519,
The South,Indian        ,   ,12.99524,77.69709,,
Mummy Daddy Cafe & Restaurant,Italian Chinese American Pizza Fast Food    ,   ,13.047836,77.577705,+91 77605 54243,
Shanghai Court,Chinese Thai       ,   ,12.891647,77.5776,+91 99801 37409,
Subway,Fast Food        ,   ,,,+91 80 4148 6266,2.5
Jamshedpuriya,        ,   ,12.96643,77.58718,+91 73530 95896,
Random Knowledge - The Comic Cafe,        ,   ,12.96094,77.58386,+91 89711 00911,
Hot Burg,        ,   ,12.96643,77.58718,+91 80 2648 6949,
Tawa,Indian        ,   ,,,+91 96204 26779,5
Homms,Chinese        ,   ,12.96686,77.58743,+91 98844 82504,
Biryani By Kilo - HSR Layout,Indian        ,   ,12.908515,77.63504,+91 1800 212 2212,
Asha Sweet Centre,        ,   ,,,+91 98451 78001,5
Uno-in,        ,   ,12.95638,77.59235,+91 1800 120 9161,
Kaatizone,Indian        ,   ,12.96698,77.58729,+91 81971 70008,
Sri Gurudarshan Sweets & Chats,        ,   ,,,+91 80 2337 9088,4.5
Goila Butter Chicken - Marathahalli,Indian        ,   ,12.949297,77.69971,+91 85888 87718,
The Punjabi Rasoi- Whitefield,Indian        ,   ,12.96686,77.58743,+91 99726 06622,
Sizzler Cafe,Chinese        ,   ,,,+91 99352 01771,4.5
Just Bake & Just Sandaes,        ,   ,,,+91 99865 25886,4
Hotel Sapphire Restaurant,Chinese        ,   ,,,+91 80 3232 3155,4
Just Bake,        ,   ,,,+91 89706 50627,4
Chikpet Donne Biryani House,Indian        ,   ,,,+91 80505 55399,3
Kabini,Chinese        ,   ,12.9838,77.63968,,
Andy Ped,Italian Pizza       ,   ,12.875308,77.599144,+91 72044 31443,
Dulcie's 95,        ,   ,12.94127,77.5638,+91 98807 54338,
Park N Eat,Chinese Indian       ,   ,,,+91 99803 27874,5
Biryani By Kilo - Electronic City,Indian        ,   ,12.841933,77.647934,+91 1800 212 2212,
Asia Seven Whitefield,        ,   ,,,+91 81306 10064,4
Namma Adigas,Chinese Indian Fast Food      ,   ,12.878791,77.5454,+91 82771 05555,
Achaar Indian Social House,        ,   ,,,+91 76760 43410,4
Banga Tuta,        ,   ,12.966838,77.58802,1.86E+12,
Green Chillies Restaurant,        ,   ,,,40919901,4
Shanghai Court Uttrahalli,Chinese        ,   ,12.96643,77.58718,+91 97311 75999,
Augusta Cafe,Chinese        ,   ,,,+91 97422 98686,5
Bia Blasta Restaurant,Chinese Indian Diner      ,   ,12.878595,77.67199,+91 70128 51228,
Pizza Cucina,Italian        ,   ,13.013078,77.76264,+91 89717 29293,
Mooch Marod,        ,   ,,,+91 88844 88520,5
Goitalia-koramangala,Italian        ,   ,12.93959,77.62568,+91 80 4151 5858,
Biryani Central By Milestone,Chinese        ,   ,,,+91 80504 44499,4
Sri Nanjamma Chicken Centre,        ,   ,12.979897,77.54287,,
Paakashala,Chinese Indian       ,   ,13.071917,77.556175,+91 73488 73555,
Sukh Sagar Express,        ,   ,,,+91 80 2268 2142,3.5
Sri Guru Sweets,        ,   ,,,+91 98800 95556,4
Sri Shanthi Bhavan,        ,   ,12.94574,77.56362,+91 80 2242 1580,
Mahadii's Andhra Style Cuisine,Indian        ,   ,,,+91 99808 76157,5
Speedbreaker-the Desi Cafe,        ,   ,12.91685,77.61771,,
Mumbai Vadapavvala,        ,   ,,,+91 95903 77776,4
Sea Food Paradise,Street Food        ,   ,,,+91 99806 14828,
Chats Point,        ,   ,12.91047,77.58164,,
McDonalds McDonalds R K Mills Bangalore,        ,   ,13.0017,77.55309,,
Kamadenu Restaurant,        ,   ,12.938371,77.62969,,
Home Made Meals,        ,   ,13.001086,77.552414,+91 98443 91549,
Belgian Waffle Factory Indiranagar,        ,   ,12.978074,77.637634,,
Slv Hotel Purohit,        ,   ,12.93027,77.57558,(+91) 80 2676130,
Biggies Burger Hsr Layout,American Cafe       ,   ,12.913938,77.63747,+91 90199 10514,
Nellore Mess,        ,   ,,,+91 92431 19927,3.5
Salut,        ,   ,12.93205,77.58612,+91 89712 85555,
Samrat,        ,   ,12.965464,77.53831,,
Orzuv Diner,        ,   ,12.954176,77.71757,+91 88251 21758,
Basaveshwara Khanavali,Indian        ,   ,,,+91 97410 02269,5
Sri Raghavendra Hot Chips,        ,   ,12.988494,77.548004,,
Cafe Coffee Day,        ,   ,12.91873,77.51217,+91 80 6539 1011,
Snacks Centre,        ,   ,12.998262,77.56967,,
Zak Cafe,        ,   ,12.9009,77.59344,+91 81568 88005,
Mandala Cafe,        ,   ,13.03316,77.56922,,
Anwar Bhai's,        ,   ,12.923773,77.61814,,
Shri Balaji Tiffin Centre,        ,   ,12.969445,77.69361,,
Woodees Wood Pressed Oil Manufacturers,        ,   ,13.061258,77.555916,+91 86185 97837,
Bengaluru Bar And Restaurant,        ,   ,12.895023,77.555435,,
The Scene Bengaluru,        ,   ,12.906463,77.58036,,
L. G. Iyengar's Bakery,        ,   ,12.9675,77.59264,+91 97313 63587,
Chat 2our,        ,   ,12.909898,77.68069,,
Priya Juice Centre,        ,   ,12.92091,77.66485,+91 81478 97139,
Kolkata King Katti Rolls And Momos,        ,   ,12.940317,77.58001,1.07E+11,
Idukki Gold,        ,   ,12.8586,77.64619,,
2 Bros & A Bun,        ,   ,12.9792,77.6448,,
Rajini,        ,   ,12.934616,77.61337,,
Lassi Shop,        ,   ,12.910962,77.520996,,
Polar Bear Gangamma Circle,        ,   ,13.058757,77.54616,,
Janatha Cafe,        ,   ,13.057907,77.64867,,
Vyanjan,        ,   ,12.913753,77.6089,+91 99169 37446,
D View Cafe,        ,   ,12.91043,77.58793,+91 95389 43596,
Biryaneezz,        ,   ,12.91785,77.60055,+91 95295 06685,
Juicemaker,        ,   ,12.98239,77.63944,+91 73382 25251,
Blend It All,        ,   ,13.00178,77.56621,+91 96326 79777,
Durga Condiments Btm,        ,   ,12.91391,77.60954,+91 90089 11122,
"Sri Sairam's Chats And Juice, 15th Cross Malleshwaram",        ,   ,13.005427,77.57211,+91 94498 80933,
Sree Vinayaka Food Paradise,        ,   ,13.04124,77.62416,+91 96329 62462,
Unchi Wali Chai & The Shef Society,        ,   ,12.955546,77.639885,+91 87478 61760,
Huber & Holly,        ,   ,12.956653,77.69993,+91 94836 64848,
Lunchwala,        ,   ,13.040586,77.65227,+91 98865 06103,
Eshwaram Cafe,        ,   ,12.9088,77.56417,,
Millennials,        ,   ,12.90408,77.60073,+91 80 4148 6363,
Sandeep Store,        ,   ,13.03368,77.55518,,
Shop The Cake,        ,   ,12.89203,77.5803,,
Sitaphal Restaurant,        ,   ,12.919576,77.64838,+91 99458 16678,
Sanskriti Veg Restaurant,        ,   ,12.93361,77.61577,,
Basaveshwar Khanavali,        ,   ,12.932825,77.584045,,
Padmavati Spices,        ,   ,12.97533,77.62635,+91 99204 82240,
Belarani Tea Library,        ,   ,12.973003,77.62799,+91 86184 44262,
Karnataka Bakers Mart,        ,   ,12.9172,77.59333,+91 97405 60074,
Pathanjali Stores - Sri Ram General Stores -mathikere,        ,   ,13.02896,77.55843,+91 80503 43067,
Queens Restaurant,        ,   ,13.028688,77.57196,,
Keventers,        ,   ,12.89017,77.59786,+91 80679 22492,
Sunny’s Restaurant,Indian Cafe Mediterranean Fusion Diner    ,   ,,,+91 80 4132 9366,
Darbar,        ,   ,12.955761,77.64121,+91 80 2535 3344,
Wildcacao,        ,   ,13.016846,77.63603,+91 97466 66406,
Aarush Pan Bandar,        ,   ,13.03288,77.5696,+91 81472 32890,
1522 The Pub,        ,   ,13.0329,77.56942,+91 80 4965 2895,
Bheem Millet Health Mix - A Product Of Tanishka Foods,        ,   ,13.030576,77.5561,+91 98868 01121,
Kkinteriors,        ,   ,12.89648,77.62237,+91 88842 10500,
Rr Vatika,        ,   ,12.926004,77.517876,+91 70197 42240,
Chota Mota,        ,   ,12.88755,77.55277,9.16E+11,
D3 Cafe,        ,   ,12.92211,77.51453,+91 89717 44449,
Modern Breads,        ,   ,13.025236,77.53402,1.10E+11,
On The Rocks,        ,   ,12.90321,77.52306,+91 80505 22122,
Sandwich Square,        ,   ,12.9167,77.58579,+91 95350 85413,
Kaffee Klatsch Bengaluru,        ,   ,13.008049,77.557556,+91 90365 22965,
Viking Family Bar And Restaurant,        ,   ,13.006358,77.56476,+91 80 2344 4411,
Nagendra's Company 004,        ,   ,12.973844,77.620346,,
Rail Cafe,        ,   ,12.915034,77.51787,+91 99646 00066,
Wow Vada Pav & Chaat Chatore Chaats,        ,   ,12.9854,77.5433,+91 99860 09695,
Laryence Cyber Cafe,        ,   ,12.84442,77.66551,,
Bar Bar,        ,   ,12.997723,77.69618,+91 80672 66651,
Asha Melange,        ,   ,13.00458,77.55139,+91 80 2290 2861,
A Taste of Rampur,        ,   ,12.99013,77.55654,+91 99648 96777,
Sri Raghavendra Bakery,        ,   ,12.96788,77.53804,+91 80 2691 9490,
Amrithsari Express,        ,   ,12.970016,77.609566,,
La Grande Cafe,        ,   ,12.92289,77.58199,+91 98455 25205,
Shetty Lunch Home Jaynagar,        ,   ,12.920722,77.58373,+91 80674 66725,
Murthy Tailors,        ,   ,12.9442,77.57284,,
Lecrusto,        ,   ,12.983328,77.75215,+91 90302 43438,
Kaara Blr,        ,   ,12.97524,77.61784,+91 98802 48887,
Lotus ( Kamath ),        ,   ,12.85055,77.65759,,
Cafe Nestara,        ,   ,13.12158,77.61374,+91 90198 30343,
Ambur Star Briyani,Indian        ,   ,,,+91 85530 07373,3.5
C3 Cafe,        ,   ,13.096229,77.58489,+91 80674 66725,
Cold Stone Creamery India,        ,   ,12.95677,77.73482,+91 98459 25096,
Vihan - Fine Dine,        ,   ,13.12175,77.62364,+91 97313 12135,
Tellimagic,        ,   ,12.84045,77.65055,+91 91482 96868,
Five Star Chicken,Chinese        ,   ,12.97168,77.65399,+91 88928 33597,1
Kaveri Bakery & Sweets,        ,   ,12.8976,77.54649,,
Ruby Kebab Centre,        ,   ,13.01209,77.63528,+91 97383 08181,3
Parampara - The Veg Kitchen,Chinese        ,   ,,,+91 80 4965 2900,4
Wow China,        ,   ,12.907571,77.60144,+91 91470 06605,
Tempteys,        ,   ,12.962345,77.643425,+91 91333 82130,
Robin Hood Pub & Kitchen,        ,   ,12.909652,77.51358,,
The Marash,        ,   ,12.933578,77.615746,1.07E+11,
Bangluru,        ,   ,12.97595,77.63597,+91 94807 76388,
Carnatic Brews,        ,   ,,,+91 98867 71681,5
Express Cafe,        ,   ,,,+91 80 4686 5454,3
Foodies,Chinese Thai       ,   ,12.84084,77.67175,+91 90364 36645,
Vaishnav Bakery,        ,   ,13.01519,77.6382,+91 97425 21535,
Cafe Coffee Day,        ,   ,12.84652,77.68093,+91 80 3248 6298,
The Caffiene Bar,        ,   ,12.3374,76.089874,+196114 94141,
Advaita Restaurant,Indian        ,   ,12.96685,77.76171,+91 98861 55988,
Bon Appetit,American        ,   ,13.02672,77.63134,+91 80 4264 6465,
Adyar Ananda Bhavan,Indian Asian       ,   ,13.02033,77.63804,+91 80 4115 5999,
Manjushree Hotel,        ,   ,12.92437,77.63886,+91 95918 97119,
Sri Krishna Upahar,        ,   ,12.92091,77.66485,+91 98453 71809,
Vijay Dharshan,        ,   ,12.95389,77.55807,26616315,
Coastal Grill,        ,   ,12.92828,77.63325,+91 94820 86555,
Gustum Restaurant And Bar,Indian Contemporary       ,   ,12.915213,77.638214,+91 82968 36004,
Flavor of Tibet,Asian Tibetan       ,   ,12.93647,77.61538,+91 88922 72363,
Pazzo,Italian        ,   ,12.909949,77.63264,+91 90001 66663,
Burger King India,American        ,   ,12.97583,77.55917,+91 80 4632 9023,
Dark Dine Invisible,Indian        ,   ,12.96809,77.6517,,
The Bawarchi,Indian        ,   ,,,+91 97429 29999,3
Nala Bhima Restaurant,Indian        ,   ,12.948959,77.715866,+91 99004 88008,
Pepper Mint,Indian        ,   ,13.02355,77.70609,+91 97402 70315,
Hotel Annapoorna Restaurant,        ,   ,,,+91 97401 94516,5
Babaji Ka Thullu Cafe,        ,   ,13.03674,77.56614,+91 90366 52876,
Om Shiva Shakti Chats Centre,        ,   ,,,+91 98453 44083,3
Fried N Burger Center,American        ,   ,13.00436,77.70834,+91 80 6569 8020,
Burger King,American        ,   ,12.947169,77.56845,+91 89767 70054,
Shalini Veg,Indian        ,   ,,,+91 78293 51388,
Asian Cusine,Asian        ,   ,13.0296,77.70805,+91 80 2528 4320,
Ice Cafe Aahar Villa,Fast Food        ,   ,,,+91 80 3247 2038,4
Sri Vinayaka Cake Paradise,American        ,   ,12.94072,77.62982,+91 97432 58999,
Ashwini Tamilnadu Tea Stall,        ,   ,12.956878,77.578575,,
Mann Food Court,Indian        ,   ,12.9825,77.73295,+91 99161 23805,
Parathe Wali Gali,Indian        ,   ,12.849921,77.66391,+91 74060 67890,
Indian Terrain,Indian        ,   ,12.97755,77.72768,+91 80 4300 8297,
Just Bake,        ,   ,13.005535,77.732925,+91 72040 04720,
Cool Maza Juice Corner,        ,   ,13.02097,77.68172,+91 97401 93283,
Cafe Coffee Day,        ,   ,12.95452,77.7228,+91 93437 12942,
Donne Biriayni Mane,Indian        ,   ,13.089673,77.54655,+91 99026 08236,
Khamma Ghani Sa,Indian Fast Food       ,   ,12.936405,77.62969,+91 99000 02655,
Kfc,        ,   ,12.926901,77.58643,+91 80 4275 4444,
Tera Bites,        ,   ,,,,4
The French Loaf,Cafe        ,   ,12.95063,77.54832,+91 96634 54545,
The Cafe Buddha,        ,   ,13.064058,77.58656,+91 81972 33833,
My Cake Shop,        ,   ,12.9487,77.59916,+91 80 4853 4858,
K C Das Sweets,        ,   ,12.91644,77.59499,+91 80 2245 5038,
Indulge,Indian        ,   ,12.84469,77.68523,+91 80 4040 8888,
Sagar Fast Food,Indian        ,   ,,,+91 99801 74902,4
Hare Krishna Restaurant,        ,   ,,,41418080,4
Spice Lounge,Fast Food Thai       ,   ,12.84749,77.68194,+91 99804 73950,
Bake Addiction,American        ,   ,12.9134,77.59026,+91 95381 72727,
New BEL Road SOCIAL,        ,   ,13.036754,77.56598,+91 86570 39459,
Mokha Cafe Lounge,Indian        ,   ,12.92517,77.61976,+91 80 4227 8563,
Krithika Ice Cream Parlour,        ,   ,12.95677,77.60179,+91 98458 53929,
Punjabi Restaurant,Chinese        ,   ,13.0269,77.61352,+91 99453 15931,
Ramdev Chaats,        ,   ,12.97192,77.58054,+91 77954 36198,
Torino,Italian Pizza Fast Food      ,   ,13.00954,77.64591,+91 80 6999 9809,
Kathriguppe Donne Biryani,Indian        ,   ,12.9321,77.54478,+91 99648 47091,
Pizza Hut,Pizza        ,   ,13.026211,77.636086,+91 80 3377 3300,
Hotel Raj Restaurant,        ,   ,12.97263,77.58133,+91 80 2221 2185,
Ammi's Biryani,        ,   ,12.96016,77.60199,+91 80679 77777,
69 Seconds Restaurant,        ,   ,12.92091,77.66485,,
Gelato Italiano,Italian        ,   ,13.06805,77.49329,+91 93410 10922,
Cookie Man,        ,   ,12.9938,77.5715,+91 80 3016 0163,
LUPA,        ,   ,12.853488,77.66418,+91 87923 84999,
Pizza Hut,Pizza        ,   ,13.09941,77.57742,+91 1800 202 2022,
La Pino'z Electronic City,Pizza        ,   ,12.83937,77.65032,+91 88844 00944,
Nandhana Palace,Chinese Indian Asian      ,   ,13.008464,77.69583,+91 95134 44818,
Savin's Cafe,        ,   ,12.95656,77.59928,+91 99867 02114,
Treat,        ,   ,,,+91 80 3240 0037,4
Wow China,Chinese        ,   ,12.945885,77.74776,+91 91471 04502,
Hotel Anamika Restaurant,        ,   ,12.83783,77.64975,+91 93436 86519,
Sri Mookambika Condiments,        ,   ,12.95447,77.57729,,
Pizza Hut,Pizza        ,   ,12.97818,77.73404,+91 1800 202 2022,
Laziz Pizza Seegehalli Bangalore,Pizza        ,   ,13.012648,77.76152,+91 99022 99405,
My Cafe,Chinese Cafe       ,   ,12.84788,77.66233,+91 89711 62848,
Sai Niketh Bakers Mart Bangalore,        ,   ,12.973215,77.57755,+91 94482 57670,
Asian Note,Asian        ,   ,12.928779,77.60937,+91 97310 71173,
30squareindia,Asian        ,   ,12.93685,77.62175,+91 97301 88773,
Shanghai Court,Chinese        ,   ,13.008504,77.7588,+91 96063 23388,
Delicacy,Thai        ,   ,12.967921,77.65296,1.08E+11,
Pizza Hut,Pizza        ,   ,12.956632,77.7409,+91 1800 202 2022,
Garden City Cafe,Cafe        ,   ,12.906281,77.597374,+91 77959 33759,
Sri Banashankari Biryani Kabab Centre,Fast Food        ,   ,12.88868,77.60323,+91 97401 43780,
Amar Rannaghar,Asian Bangladeshi       ,   ,12.95621,77.70983,+91 78294 47722,
Cafe Coffee Day,Italian Indian Cafe      ,   ,12.98879,77.57526,+91 93424 57132,
"Dilli Chowk, Uttarahalli Road, Bangalore",Indian        ,   ,12.97194,77.59369,,
U.S.Pizza,Italian American Indian      ,   ,12.84626,77.67148,+91 81973 18280,
Sri Sayhadri Cafe,Fast Food        ,   ,,,+91 87621 72893,4
Nandus Langford Road,        ,   ,12.959881,77.60213,+91 1800 103 1310,
Sapna's Magic Oven,        ,   ,12.96142,77.5984,+91 95380 98277,
Snow Lion Tibet Kitchen,Asian Tibetan       ,   ,,,+91 96118 94755,4
Jai Mataji Farsan & Sweets,        ,   ,,,+91 99863 15828,5
Biryani By Kilo - Kammanahalli,Indian        ,   ,13.008359,77.662094,+91 95552 12212,
Ssignature,Chinese        ,   ,,,+91 80 2550 5151,5
Srinidhi Veg Food Court,Chinese Indian       ,   ,13.020241,77.64315,+91 97404 32464,
Sri Guru Sai Juice and Condiments,        ,   ,12.96142,77.5984,+91 96321 53547,
Banarasi Chat Centre,        ,   ,13.02272,77.63737,+91 88927 59611,
Hotel Mayura Restaurant,Chinese        ,   ,13.02445,77.60841,+91 98450 57026,
Go Italia Hsr,Italian        ,   ,12.91108,77.63514,+91 82968 68185,
Brea Foods Pvt,        ,   ,,,+91 80 2598 4187,4
B.B Bakery,        ,   ,12.97241,77.57739,+91 80 2291 2948,
R K Foods,        ,   ,12.84496,77.67756,+91 96633 33488,
Nalabhima Restaurant,        ,   ,12.947639,77.71634,+91 72868 88808,
Legends of Golf,Chinese        ,   ,,,+91 80 2263 2222,4
Re:tro The Vintage Cafe,International        ,   ,12.894711,77.66134,+91 80 4709 7639,
Domino's Pizza,Pizza        ,   ,13.099518,77.58907,+91 80 2856 4914,
S.L.V Dosa Camp,Indian        ,   ,,,+91 99644 06461,4
Slv Refreshment,        ,   ,,,22242142,5
The Terrace,Cafe        ,   ,12.91148,77.65356,+91 95917 67669,
Cafe Petu,Indian        ,   ,,,+91 80 4965 2878,4
Food Coma,Indian Thai       ,   ,12.92247,77.54984,,
New Leaf Restaurant,Chinese        ,   ,12.97332,77.63586,+91 98107 20936,
Break the Fast,Chinese Indian       ,   ,12.90849,77.53904,+91 90600 08998,
New Cool Joint,        ,   ,,,+91 99025 39380,5
Ande Ka Funda,        ,   ,12.9165,77.61435,+91 80881 34023,
Celebrationsbake,        ,   ,12.96643,77.58718,+91 76767 54345,
Biryani Bowl,Indian        ,   ,,,+91 96638 00166,5
Dino's Barbecue & Grill,Indian        ,   ,12.962484,77.588455,+91 74115 62661,
Biggies Burger,American Cafe       ,   ,12.875988,77.616135,+91 90199 10516,
Biryani On Wheels,Indian        ,   ,12.971599,77.59457,+91 96111 17778,
Gilly's 104 Bar,Indian        ,   ,12.933222,77.6148,+91 96069 34551,
Biryani By Kilo - Varthur Road,Indian        ,   ,12.92873,77.738144,+91 1800 212 2212,
La Cucina Bistro At Urvashi Cinema,        ,   ,12.96218,77.59284,+91 80 4347 4357,
Cuppa,        ,   ,,,+91 97434 29695,5
Laddoos,        ,   ,,,+91 80 4219 2763,5
Shacks Restaurant,        ,   ,12.96643,77.58718,+91 93532 68875,
Ahoy Asia,Asian        ,   ,12.9496,77.74523,+91 80 4155 3255,
Urban Edge,Chinese        ,   ,,,+91 80 4115 4575,4
Watsup,        ,   ,12.99225,77.59424,+91 98860 68196,
Uniquebrew Cafe - Indiranagar Bangalore,        ,   ,12.971782,77.64715,+91 81239 67999,
Socail Groove,Chinese Indian Cafe      ,   ,12.97194,77.59369,+91 93530 80278,
Stars 'N' Stripes,Chinese        ,   ,,,+91 80 2591 3583,3.5
Indulgence,        ,   ,12.9762,77.63576,+91 98808 07662,
Smoky Kitchens,Chinese        ,   ,12.933359,77.609955,,
Serene Cafe,        ,   ,12.966559,77.58573,+91 99164 74567,
Swadesh Tadka,        ,   ,12.96699,77.53228,+91 80 4215 1252,
Goli Vada Pav No.1,Cafe Fast Food       ,   ,,,+91 98808 77488,4
Sln Restaurant,        ,   ,12.960543,77.59235,+91 90354 74207,
Luke's Kebab Center,        ,   ,13.01407,77.63928,+91 98806 21572,
Pasta Factory,        ,   ,,,+91 80 4512 8681,3
Indori Zaika,Indian        ,   ,,,+91 76191 84754,4
Bhagini Palace Bar & Restaurant,        ,   ,12.96642,77.5872,+91 96630 22759,
"UD - Upahara Darshini, J. P. Nagar",Indian        ,   ,12.938896,77.7412,,
Meraki Cafe,        ,   ,12.96686,77.58743,+91 95265 50279,
Friends Bake & Juice,        ,   ,,,+91 99013 68417,4
Mcdi Jalahalli,        ,   ,13.033997,77.53048,+91 80660 00666,
Marleaufresh,        ,   ,12.9059,77.64904,,
Sweet Chariot,        ,   ,,,+91 80 4175 7316,4.5
Dp Restaurant,        ,   ,12.96116,77.58768,,
Mystic The Pool Lounge,Chinese Indian Grill      ,   ,12.823881,77.65278,+91 95135 00030,
Harry's International Bar & Cafe,        ,   ,12.97751,77.7101,+91 98212 34512,
Flavours,        ,   ,12.91824,77.64431,,
My Chicken And More,        ,   ,12.92772,77.48695,,
Jamie's Pizzeria,Italian        ,   ,12.962484,77.588455,,
Litbox,        ,   ,12.97097,77.725105,+91 91487 62273,
McDonald's,Fast Food        ,   ,,,+91 80660 00666,2.5
New Surya Bakery,        ,   ,12.97534,77.53352,,
Pink Floyed,        ,   ,12.971599,77.59457,+91 89717 67005,
Cafe Ecstasyy,        ,   ,12.90346,77.51549,,
New Udupi Shubh Sagar Pure Veg. Restaurant,        ,   ,12.9866,77.7317,+91 81051 05982,
Marata,        ,   ,12.9968,77.56951,+91 99020 21970,
Sheetal Restaurant,        ,   ,12.97526,77.5341,,
Mahesh Dodda Biriyani Center,        ,   ,12.97111,77.58248,+91 98869 55776,
Sanchari,Indian        ,   ,12.93579,77.60746,+91 80 4202 7550,
The Bunker,        ,   ,13.06604,77.58151,,
Janatha Juice House,        ,   ,12.98501,77.57471,,
Swathi Greenland,        ,   ,,,+91 80 2350 2055,3.5
Shree Jagannath Sweets,        ,   ,12.90929,77.63029,+91 97314 02724,
Kargeens Cafe Koramangala,        ,   ,12.93517,77.62425,+91 80 4116 2968,
Hotel Amulya Restaurant,Chinese        ,   ,,,+91 80 4111 9842,4
Manjushree Fish Palace,        ,   ,12.93483,77.61598,+91 94480 78798,
Dinebell Restaurant,        ,   ,12.92736,77.67185,,
Tasty Jigarthanda,        ,   ,12.91673,77.60328,+91 96552 10163,
The Baker's Dozen,        ,   ,12.95856,77.63833,+91 90828 57741,
Blue Tiger Cafe,        ,   ,12.952472,77.55253,9.16E+11,
Keventers,        ,   ,12.91239,77.68106,+91 80 4814 6796,
Charminar Biryani House,        ,   ,12.91741,77.60684,,
Bda Complex,        ,   ,13.02447,77.59588,+91 97422 01624,
New Andhra Spice,Chinese        ,   ,,,+91 80 4149 0222,4.5
Malabar Cafe,        ,   ,,,+91 96200 81301,3.5
Phulka Ghar,        ,   ,12.935003,77.60812,,
Skyway Blr,        ,   ,12.941598,77.53081,+91 90088 08686,
Fresh & More Super Market,        ,   ,12.967857,77.502174,+91 90363 64989,
Kanti Sweets,        ,   ,13.09575,77.57923,+91 80 2296 0614,
Paramount Restaurant,Seafood        ,   ,,,+91 99001 61616,
Ambujam's Chettinad Mess,        ,   ,13.0248,77.65841,+91 80959 00882,
"Blue Moustache, Bangalore",        ,   ,12.935227,77.61379,+91 98800 72617,
Afoozoo,Chinese International       ,   ,,,+91 92217 17500,5
Mama Mia India,        ,   ,12.9892,77.57718,+91 98450 17717,
India / Hindistan,Indian        ,   ,12.814181,77.66866,+90 212 237 90 60,
Spicy N Rolls,        ,   ,12.93192,77.58356,+91 99722 22709,
Dan's Foods,        ,   ,12.89943,77.58588,+91 98455 09898,
Hot Soup & Bowl,Italian Chinese       ,   ,12.93441,77.62984,+91 80 6597 0773,
Mahesh Restaurant,Chinese        ,   ,,,+91 80 4152 1696,4
Zaica Dine & Wine,        ,   ,,,+91 80 4116 2485,3
Foodsavory,Thai        ,   ,12.874,77.64574,+91 94009 45119,
Swwing - Gourmet Table & Wine Bar,Asian Wine Bar       ,   ,12.970342,77.640755,+91 73490 62240,
Lazeez Express,        ,   ,12.94253,77.60054,,2
Cafe Thulp,        ,   ,13.01596,77.63827,+91 80 4160 6454,
Tasty Tandoor Basavanagar,Indian        ,   ,12.971599,77.59457,+91 96111 17778,
One For The Road - Whitefeild,        ,   ,12.97884,77.75126,+91 97407 77760,
ChopSticks Chinese Bangalore,Chinese        ,   ,,,,4
Madurai Idli Dosa Shop,        ,   ,,,,4
Hide Out Cafe,        ,   ,12.96643,77.58721,+91 99014 81185,
Sri Devi Enterprises,        ,   ,12.94404,77.60779,+91 99020 87054,
Babettes,        ,   ,12.97988,77.54274,25521674,
Aangan Punjabi Restaurant,Chinese        ,   ,,,+91 80 4110 4168,4
Paratha Plaza,        ,   ,,,+91 94814 72720,3.5
Essence Of Kolkata Restaurant,Chinese Indian       ,   ,12.969675,77.74956,+91 74830 66460,
Comesum,Chinese Indian       ,   ,13.10138,77.5936,9.18E+12,
Curry Chufang,Chinese        ,   ,13.0243,77.64349,+91 70194 64225,
Hyderabad Biryaani,        ,   ,12.9421,77.59677,+91 81973 15757,
Sri Krishna Bakery,        ,   ,12.98273,77.56274,+91 99648 68274,
Spices the Food Joint,Thai        ,   ,13.00058,77.53646,+91 99458 92555,
Snow Lion Tibet Kitchen Restaurant Bangalore,Chinese        ,   ,13.03526,77.5566,+91 78294 57644,
Gurukrupa Paratha House,        ,   ,,,+91 84539 24944,3
Wangs Kitchen,Chinese        ,   ,13.005635,77.659546,+91 80 3925 3925,
Wow Momo,Chinese        ,   ,12.97954,77.51066,+91 99724 26458,
Assam 01,Asian        ,   ,12.99755,77.58661,,
Biryani Pub,Indian        ,   ,12.958745,77.70176,+91 88848 88644,
Cafe Coffee Day,Cafe        ,   ,12.93078,77.60362,+91 80 3248 9518,
Hotel Chicken Park Restaurant,American        ,   ,12.96972,77.50053,+91 80660 35856,
Sree Ganesha Fruit Juice Centre,        ,   ,12.94292,77.59831,+91 80 2224 8457,
Red Basil Restaurant & Cafe,Chinese        ,   ,12.892466,77.61162,+91 96118 43685,
Mc Queens Restaurant,American        ,   ,12.92838,77.59887,+91 97412 88859,
Ideal Juice and Snacks,        ,   ,12.94236,77.5942,+91 97411 79167,
S.L.V Iyenger's Bakery & Sweets,        ,   ,12.94235,77.60152,+91 97432 93112,
Stomach Two Fast Food,Fast Food        ,   ,12.84084,77.67175,+91 99866 64831,
Sri Sai Ram Hot Chips,        ,   ,12.9426,77.60018,+91 99866 79385,
Boss Burger Indiranagar,        ,   ,12.970523,77.64768,,
Sree Chamundeshwari Sweets,        ,   ,12.94236,77.5942,+91 93418 60055,
Send It,        ,   ,12.9421,77.59677,+91 99000 99963,
Pizza Hut,Pizza        ,   ,13.01154,77.64593,1.08E+11,
Hello Universe,Indian        ,   ,12.91802,77.61434,+91 91480 70130,
Super30 Cafe,Indian        ,   ,12.923918,77.67567,+91 97420 51104,
Sri Udupi Park,        ,   ,12.95695,77.6649,+91 99000 00668,
Chicago Pizza Bangalore,Pizza        ,   ,12.95625,77.50933,+91 96868 19777,
Sri Raghavendra Hot Chips,        ,   ,12.94848,77.60132,+91 97407 47255,
Wow Waffle !!!,Belgian European       ,   ,12.960401,77.52947,+91 95386 55757,
Chicky's,        ,   ,12.96821,77.60637,+91 80 4152 7269,
Dreamz Restora,        ,   ,12.96674,77.60675,+91 80 4165 8797,
Burger It Up,American        ,   ,12.90924,77.63911,+91 88802 33233,
Selvam Food Joint,Indian        ,   ,13.039522,77.576706,+91 92061 17757,
Malavalli Power Plant Pvt. Ltd.,Chinese        ,   ,12.89656,77.65913,+91 80 2558 2693,
Sri Brahmalingeshwara Juice and Condiments,        ,   ,,,+91 96320 50071,4
Shree Channabasaveshwara Khanavali,Cafe        ,Vegetarian Friendly   ,12.97093,77.55226,+91 80 4124 1510,
Spice Hot Spot Outlet,Pizza Thai       ,   ,12.99603,77.67774,+91 80 4170 1124,
Kfc,American        ,   ,13.00112,77.52843,+91 98447 38260,
Wow Pizza,Pizza        ,   ,13.06315,77.5008,+91 98866 77961,
Pendulum to Hang Out,        ,   ,12.99276,77.67234,+91 95905 40967,
Laziz Pizza Hsr Layout,Pizza        ,   ,12.908742,77.650894,+91 78928 93052,
Pent House Cafe,Italian        ,   ,12.92523,77.56079,+91 88841 35349,
Asian Traders,Asian        ,   ,13.018432,77.61274,,
Dominos Garebav,Pizza        ,   ,12.896608,77.635414,+91 1795 244 323,
Q3 Food Corner,        ,   ,,,+91 80 6530 4555,
Olive Garden Fraser Town,Italian        ,   ,13.00069,77.6145,+91 80 2580 0333,
Burger King,American        ,   ,12.93297,77.55686,+91 77604 96835,
Cafe Funny Bunny,Pizza        ,   ,12.99872,77.57982,+91 87460 66644,
Mayura Sagar Restaurant,Chinese        ,   ,12.563141,75.0876,,
Sabadin Restaurant,Chinese        ,   ,13.00698,77.61255,+91 81475 29573,
Sweet Chariot,        ,   ,12.973967,77.536026,+91 93423 49265,
Domino's Pizza,Pizza        ,   ,13.04084,77.48167,+91 80 2839 4990,
Yummy Momo 9590816906,Chinese        ,   ,12.90236,77.56709,+91 95908 16906,
Ishta Sip N Spice,Thai        ,   ,13.00197,77.58129,+91 98804 60038,
Pizza Hut,Pizza        ,   ,13.027361,77.59344,+91 1800 202 2022,
Domino's Pizza,Pizza        ,   ,12.95198,77.71241,+91 80 4962 8888,
Food of Punjab,Chinese Indian       ,   ,,,+91 99861 53106,4
Fruits & Nuts,American        ,   ,12.94289,77.54563,+91 80 2563 4466,
Food Star,Chinese Indian       ,   ,13.03223,77.70848,+91 96630 78886,
Midnight Hunger Solutions 24/7,        ,   ,,,+91 80889 22295,3
The Red Bambo,Fast Food        ,   ,13.10022,77.5943,+91 99450 58516,
Thakali Kitchen,Chinese        ,   ,12.923034,77.61211,+91 81233 11613,
Woodee Pizza,Pizza        ,   ,12.92299,77.54617,+91 80735 15145,
T Hut Cafe,Chinese Indian Asian      ,   ,13.00765,77.65121,+91 96861 11990,
Bikaner Sweets,        ,   ,12.971749,77.57689,+91 80 2238 2089,
Ambaji Granites,Diner        ,   ,13.05587,77.71708,+91 98864 23245,
Al - Taj Kabab Centre & Fast Food,Chinese        ,   ,12.97434,77.56612,+91 92414 09330,
Grillions,Asian        ,   ,13.031281,77.57015,+91 96868 61232,
Bikaner Sweets,        ,   ,12.97562,77.56126,+91 80 2311 5548,
Green Family Bar & Restaurant,        ,   ,,,+91 80 2596 6657,4
Panda Refreshment Point,Fast Food        ,   ,12.85032,77.65553,+91 99026 44012,
Eateroo Bombay Vada Pav & Chats,        ,   ,12.959444,77.70183,+91 74111 25444,
Golden Plate,Chinese        ,   ,,,+91 80 2527 1535,3
Mayura Sagar,        ,   ,,,+91 89715 12310,3
Coder's Cafe,        ,   ,12.84916,77.67299,+91 94829 03370,
The Punjabi Rasoi J P Nagar,Indian        ,   ,12.91445,77.58581,+91 96324 72222,
Sunny Foods,        ,   ,12.96211,77.60489,+91 80 4094 3205,
Kadupu Ninda Tinu,        ,   ,12.953121,77.69936,+91 99896 68889,
MS Rolls Corner,Asian        ,   ,13.03818,77.55716,+91 81230 86130,
Coco Cola,Indian        ,   ,12.99278,77.57153,+91 96633 98971,
Spices the Food Joint,Thai        ,   ,12.9885,77.55937,+91 99458 92555,
Caffe Pascucci,Italian        ,   ,13.03153,77.63366,+91 80 4208 4229,
Yo Chow Chinese Restaurant Marathalli,Chinese        ,   ,12.950444,77.699936,+91 80 4098 0666,
Mithai Ghar Sweets,Thai        ,   ,13.02665,77.60403,+91 98453 25114,
Chickblast Kasturi Nagar,Pizza        ,   ,12.91593,77.55696,+91 99029 70222,
Sri Guru Sai Juice & Chats,        ,   ,13.09677,77.58383,+91 98454 80229,
Akshaya Bar & Restaurant,Indian        ,   ,13.10594,77.582,,
Moksha Indo Asian Fusion,Asian        ,   ,12.89723,77.56449,+91 99002 43243,
Chairman's Restobar,        ,   ,13.078061,77.517265,+91 99642 99555,
Us,American        ,   ,12.93637,77.61759,+91 95916 42164,
Car Bar,        ,   ,13.083502,77.49503,+91 94954 73737,
Al Khair Restaurant Bengaluru,Indian        ,   ,13.037396,77.605225,+91 80 4965 2193,
Domino's Pizza,Pizza        ,   ,13.045359,77.6209,+91 1800 208 1234,
Albainrestaurant,Indian        ,   ,13.015577,77.63949,+91 78338 33832,
Hyderabadi Biryani Utsav,Indian        ,   ,12.995212,77.66628,+91 99646 44447,
High Street Restaurant,Indian European       ,   ,12.912826,77.63515,+91 80500 00612,
Brigade Pavilion Restaurant,Chinese        ,   ,12.9665,77.6066,+91 80 4545 5455,
Ganavi Kolkata Famous Kati Roll,        ,   ,12.95584,77.7155,+91 87480 14478,
Shivas Family Restaurant,Chinese        ,   ,,,+91 80 2364 0642,4
Oogway Bites,Chinese        ,   ,12.909588,77.63657,+91 89191 19639,
Mirza Food Point,        ,   ,12.85032,77.65553,+91 88929 75414,
Cafe Mythri,Indian Contemporary       ,   ,12.822942,77.67427,+91 97418 62781,
H C Bar & Restaurant,        ,   ,12.98973,77.56657,+91 80 2313 0424,
Ankur Family Restaurant,        ,   ,12.99216,77.71566,+91 80 6534 5566,
Mcdonalds,        ,   ,,,+91 89283 04245,3
Drip The Cafe' Bar,        ,   ,13.009987,77.70838,+91 95918 07807,
Barista Lavazza,Cafe        ,   ,12.84084,77.67175,+91 80 3248 7996,
U.S.Pizza,Italian American Indian International     ,   ,13.01856,77.65632,+91 81973 18280,
Chowmein Restaurant,Chinese        ,   ,12.98803,77.57826,+91 80 4370 9191,
Rolls & Co,Indian        ,   ,12.94956,77.61397,+91 98801 73007,
Hungry Lion,Fast Food        ,   ,12.95606,77.60563,+91 97384 18134,
Attic Lounge,        ,   ,12.91008,77.55044,+91 80 2666 7111,
Ganga Bar & Restaurant,        ,   ,12.98405,77.61254,22267763,
Domino's Pizza,Pizza        ,   ,12.94654,77.57627,+91 80 2241 2121,
Domino's Pizza,Pizza        ,   ,12.9093,77.61219,+91 80 2668 7722,
Hoai Ice Cafe,        ,   ,12.999914,77.56938,,
Country Chicken Centre,        ,   ,12.95841,77.60115,+91 88841 33175,
Foodscourt,        ,   ,12.97052,77.68192,+91 70227 48030,
Royal Bakery Ana Sweets,        ,   ,12.88565,77.60554,+91 96334 32312,
Syed Tea House,        ,   ,12.96453,77.52866,,
Abinaya Hotel Restaurant,        ,   ,12.97192,77.58054,+91 94496 94559,
Happy Plate,Chinese Indian European      ,   ,12.93288,77.62759,+91 80 4097 3766,
Big Bazaar,        ,   ,12.93846,77.63104,+91 80 4092 7845,
Famous Group,Chinese        ,   ,13.10132,77.5987,+91 80 4168 4237,
The Food Cottage,Chinese Indian       ,   ,12.9137,77.60679,+91 80 4851 7831,
New Udupi Upahara,        ,   ,,,+91 94804 66850,4
The Cafe Cantina,        ,   ,12.95297,77.5337,,
Cookie Man,        ,   ,,,+91 80 2268 2131,4
Richmond Supermarket,        ,   ,12.96468,77.6047,+91 80 4114 5777,
Kakori Kababs & Curries,        ,   ,12.9041,77.58577,+91 80 6570 5580,
Al Marhaba Restaurant,        ,   ,12.9481,77.59849,+91 86182 25039,
Nitikas,        ,   ,12.92391,77.56704,+91 96864 51323,
Bready Steady Go - Jayanagar,        ,   ,12.923932,77.58585,+91 70198 46779,
Nature Zone Organic Shop,        ,   ,13.047638,77.505775,,
Rosyz Kitchen,        ,   ,12.99779,77.60945,+91 98867 51924,
Naya Daur,Chinese        ,   ,13.0989,77.59761,+91 80 3290 8826,
Adyar Ananda Bhavan,Indian        ,   ,12.807527,77.697876,+91 80 2783 6029,
Sri Lakshmi Fruit Juice,        ,   ,12.97176,77.5804,+91 93430 75013,
Hyderabad Biryani Multicuisine Restaurant,        ,   ,,,+91 99003 76000,5
Multicakes,        ,   ,12.88906,77.58302,+91 99865 88881,
Modifiedtea,        ,   ,13.0284,77.55886,+91 80733 95748,
Sree Ganesh Fruit Juice Sentre,        ,   ,12.95689,77.59781,+91 94811 84335,
Mou Tushi Family Restaurant& Sweet's,Asian Bangladeshi       ,   ,12.96086,77.71613,+91 97415 79149,
Burger King,American        ,   ,13.06991,77.504005,+91 89767 70060,
The Spread,        ,   ,12.99603,77.71595,+91 93433 55475,
Chowmein,Chinese        ,   ,,,+91 96207 02221,5
Adigas Veg Restaurant,        ,   ,12.94997,77.59665,+91 80 2224 3635,
Baskin-Robbins,        ,   ,12.95584,77.7155,+91 80 6547 3339,
Hyderabad Dum Biriyani,        ,   ,,,+91 96860 34335,5
Rnr Biryani,Indian        ,   ,12.928657,77.58315,+91 97427 21949,
Nest Restaurant,        ,   ,12.962484,77.588455,,
Nozomi Restaurant,Asian        ,   ,12.926123,77.615486,,
"New Mangalore Store, Hsr Layout",        ,   ,12.904862,77.64428,,
The Hell's Kitchen,American        ,   ,12.92226,77.65152,+91 90086 55884,
Phulke Ghar Ke,        ,   ,12.921466,77.67578,+91 95352 03355,
Flavoured Grill,        ,   ,12.96473,77.60523,+91 80505 25214,
R U H Restaurant,        ,   ,12.92091,77.66485,+91 99723 05871,
Bells & Candles,        ,   ,12.94067,77.55381,+91 80 4218 4307,
Sri Sai Ram Hot Chips,        ,   ,12.96142,77.5984,+91 99643 11156,
Hotel Bangalore Durbar Restaurant,        ,   ,,,+91 98446 66173,5
Cafe Coffee Day - Vijayanagar 2,Cafe        ,   ,12.965604,77.53641,+91 80 6452 8295,
Pind Balluchi,Indian        ,   ,12.962484,77.588455,+91 82966 01542,
Shree Rathnam,Indian        ,   ,,,,4
Caffe Pascucci,Italian Pizza       ,   ,,,+91 80 4206 8201,3
Rooftop Grill Bar,International European Asian      ,   ,12.904339,77.675735,+91 99725 85402,
Unwined,International        ,   ,,,+91 80 4167 8999,2.5
Butter Side Up,        ,   ,,,+91 90087 44558,5
Geeta Kitchens,Indian        ,   ,12.839636,77.64732,+91 99021 31114,
Pandi Nadu,Indian        ,   ,12.968358,77.756584,+91 91106 30265,
Bangalore Brasserie Bar And Restaurant,        ,   ,12.96155,77.6027,+91 80 2223 3666,
Palazo Club & Lounge,Italian        ,   ,12.95993,77.61587,+91 96202 00007,
Casa-De-Express,Chinese        ,   ,,,+91 80 6455 4888,4
Parampara,        ,   ,,,+91 96114 33559,3.5
Navrang Chicken Centre,        ,   ,12.99522,77.56342,,
Bowls of Asia,        ,   ,12.97885,77.63677,+91 80 4369 2790,
Bansuri Sweets,        ,   ,,,+91 90361 84396,
Trao Bbq,Barbecue        ,   ,13.065115,77.64577,+91 89711 77681,
Chikkabasti,        ,   ,12.945174,77.47347,,
Crunch Berry,Italian American       ,   ,12.99449,77.61762,+91 80 4161 1611,
Krispy Kreme Doughnuts,American        ,   ,13.022002,77.63971,+91 91080 24121,
Sri V Foods - Unlimited Non-veg Meals,        ,   ,12.880466,77.543755,9.16E+11,
F Cafe & Bar Indiranagar,        ,   ,12.96998,77.6384,+91 96065 78940,
Roasted Grill,Chinese Cafe       ,   ,12.90332,77.56174,,
S.R Bakery,        ,   ,12.99987,77.61111,+91 99454 03811,
Bengaluru Restaurant,        ,   ,,,+91 80 3910 1000,3.5
The Republican,Pizza        ,   ,13.01461,77.7622,+91 80 4568 5156,
Hosatodaku,        ,   ,12.930999,77.58609,+91 89712 85555,
Murugan Mess,        ,   ,12.98939,77.60906,+91 98861 29576,
Sri Madurai Meenakshi Tiffin Centre,Seafood        ,   ,,,+91 97432 05474,
Matteo,        ,   ,12.97839,77.64393,,
Food Affair,Chinese Indian       ,   ,12.892414,77.61115,+91 80796 25506,
The Vape,Italian        ,   ,12.91518,77.65174,+91 70128 91601,
Ambur Biriyani Centre,        ,   ,12.91645,77.61711,,
Konian Bar & Restaurant,        ,   ,12.93579,77.60798,+91 80 2550 3033,
Coalspark Multicuisine Restaurant,        ,   ,12.92226,77.65152,+91 74061 77177,
Dosa & Co,Indian        ,   ,,,+91 99869 54954,4
"Leon Grill, Bel Road",        ,   ,13.028443,77.57171,+91 81233 95623,
Swadisht A Veg Delight,Indian        ,   ,13.02357,77.62276,+91 91645 02959,
Kolkata Famous Kati Roll,Fast Food        ,   ,12.95451,77.65305,+91 88848 14654,
Sri Durga Tea Stall,        ,   ,13.013143,77.508514,,
Cafe Bollywood,        ,   ,,,+91 93411 75816,3.5
Joy Star Restaurant,        ,   ,12.97935,77.73364,+91 99866 67123,
Sri Hanuman Sweets,        ,   ,13.03016,77.56116,+91 80 2362 0377,
Kfc,        ,   ,13.069985,77.50408,+91 80 4275 4444,
Music Cafe,        ,   ,13.0731,77.50818,+91 90350 00022,
Hq Tropical Cafe,        ,   ,12.96457,77.73359,+91 96069 68306,
Fluid Studio Cafe,        ,   ,12.92024,77.56933,+91 80 2671 7170,
Pearl Cafe,Fast Food        ,   ,12.927023,77.6381,,
Thecorner Meatshop,        ,   ,13.027598,77.71048,+91 74114 81369,
Dawat-e-nizam,Indian        ,   ,13.02225,77.64141,+91 80 3951 1564,
Au Bon Pain,        ,   ,12.89001,77.59992,+91 78299 22260,
New Ambur Biryani,        ,   ,12.92457,77.57899,+91 98458 90454,
Kanti Sweets,Indian        ,   ,13.03893,77.564285,+91 80 2360 0418,
Sri Rama Coffee Shop,        ,   ,12.98337,77.60278,,
Palmbite - Ecofriendly Biodegradable Products,        ,   ,12.847255,77.64126,+91 89047 88616,
Gilly's Resto Bar - Kundanahalli,        ,   ,12.955776,77.71462,+91 97404 23505,
Veeba,        ,   ,12.96968,77.75011,+91 80 2663 6641,
Ancient Cafe,        ,   ,12.841667,77.64473,+91 98809 45269,
Maison Alimrnts,        ,   ,12.972395,77.75595,+91 90083 35971,
T4chai,        ,   ,12.948265,77.715576,9.16E+11,
The Chaat House,        ,   ,13.084252,77.55169,+91 73385 14646,
Honest Bakers,        ,   ,13.04015,77.59959,+91 89047 33730,
LiveByte,        ,   ,12.96271,77.70167,+91 88844 10098,
Tasty Refresh,Cafe        ,   ,12.92732,77.61568,+91 85536 64786,
Al Kababish,Indian        ,   ,13.03617,77.60483,+91 97400 07901,
Abhaya Cool Corner,Cafe        ,   ,12.92086,77.60284,+91 98800 02381,
Adyar Ananda Bhavan,Indian        ,   ,12.95717,77.5152,+91 80 2544 8999,
Daily Bread,        ,   ,12.93441,77.62984,+91 80 6452 6665,
Cakemenu,        ,   ,12.84545,77.66444,+91 98443 74437,
Neorgo,        ,   ,13.01772,77.71481,+91 99806 49461,
Aramane Restaurant,        ,   ,12.99903,77.57741,+91 80 2334 0999,
Cafe Feligos - A Unit Of Feligos Hospitality,        ,   ,12.97935,77.73364,+91 95353 57235,
Uncal Chiken,European        ,   ,13.00876,77.64629,+91 99000 06662,
Maratha Biryani,        ,   ,12.93662,77.5594,+91 88616 94874,
Bar Bar,        ,   ,12.95735,77.61448,1.08E+11,
Pizza Hut,        ,   ,13.069765,77.503975,+91 1800 202 2022,
Mangala Sweets,        ,   ,12.93629,77.61678,+91 80 2553 1899,
Chawla's 2,        ,   ,12.92503,77.59717,+91 80 2664 4002,
Mayuras Deluxe,Chinese        ,   ,13.02625,77.58925,+91 80 2333 7770,
Pizza Hut,        ,   ,12.925428,77.73718,+91 1800 202 2022,
U.S.Pizza,Italian Pizza       ,   ,,,+91 96327 08881,
Kadai Kitchen,Chinese Indian       ,   ,12.95769,77.69611,,
Desi Food Club - Dfc Bangalore,Indian        ,   ,12.908751,77.60649,+91 96860 62059,
Fud Fuzion,Chinese        ,   ,12.83946,77.65036,,
Domino's Pizza,        ,   ,13.11317,77.5734,+91 80 2856 4910,
Midnight Fuel Bangalore,Indian        ,   ,12.939167,77.62657,+91 80 4143 5973,
Hotel Shabhari Darshan,Cafe        ,Vegetarian Friendly   ,13.02865,77.60725,+91 99021 55670,
Manjunatha Mess Veg,Cafe        ,Vegetarian Friendly   ,13.00128,77.53013,+91 88846 79977,
Colder's Cafe,Chinese        ,   ,12.84084,77.67175,,
Pure & Natural,International        ,   ,12.94161,77.55889,+91 77607 88005,
Peat And Fire,Indian        ,   ,12.903518,77.58555,+91 88844 00315,
Dakshin Foods,        ,   ,12.85109,77.65743,+91 80952 23388,
Boss Burger New Bel Road,        ,   ,13.036837,77.565865,+91 95992 98754,
Bearful Bangalore,        ,   ,12.905992,77.70014,+91 78297 27586,
Meghana Foods,Indian        ,   ,13.014942,77.66614,+91 97824 63684,
Sri Lakshmi Restaurant,Chinese        ,   ,13.00815,77.5265,+91 88675 18300,
Calvin's Whitefield,        ,   ,12.99116,77.7212,+91 80 2845 5666,
Lassi Shop,        ,   ,12.947518,77.59799,+91 80674 66725,
Prawn Crunch,        ,   ,13.02144,77.60536,+91 93434 11911,
The Punjabi Rasoi,Indian        ,   ,12.91197,77.63816,+91 80 2572 3043,
Wetzel's,American        ,   ,13.00795,77.51838,+91 97413 55560,
Cafe Coffee Day,        ,   ,12.91996,77.56977,+91 80 6451 6796,
Asian Luxury Interiors,Asian        ,   ,12.917083,77.60421,,
Makkah Cafe,        ,   ,12.96398,77.60652,+91 80 2227 4247,
Asian Electricals,Asian        ,   ,12.914756,77.59651,,
Champaran Meat House,Indian        ,   ,12.936159,77.703766,+91 93538 97955,
Ambur Dum Biryani,Indian Fast Food       ,   ,12.95611,77.69797,+91 88927 62029,
Khanposh - From The Kitchens Of Awadh,Indian        ,   ,12.970452,77.64757,+91 99163 63647,
Cake-O-Mania,        ,   ,12.85898,77.56951,+91 96209 02494,
Tanjosh Restaurant,Indian        ,   ,,,+1 888-468-8862,
Malhar Maharashtrian Cuisine,Indian        ,   ,12.91565,77.59999,+91 98800 82094,
Foodezz,Chinese        ,   ,12.88312,77.75246,+91 97404 71003,
Anand,        ,   ,12.966125,77.60527,9125598915,
Hotel Vinitha Restaurant,        ,   ,12.9831,77.60009,+91 98454 50808,
Sultan Shah's Restaurant,        ,   ,12.98175,77.6033,+91 90358 89205,
Hotel Hyderabadi Restaurant,Chinese        ,   ,13.01032,77.6149,+91 99456 97070,
Trendz Corner,        ,   ,12.94236,77.5942,+91 80 2244 2595,
Lavanya Bar & Restaurant,        ,   ,12.93869,77.60563,22275365,
Eod The Restrobar,        ,   ,12.934192,77.618965,+91 89047 57247,
Sri Ruchi Restaurant,Indian        ,   ,13.019663,77.656204,+91 73382 01899,
Divine Desi,Chinese        ,   ,12.84084,77.67175,+91 77955 98545,
K C Das Sweets,        ,   ,12.9262,77.58789,+91 80 4097 9512,
Food Republic Resto,Indian        ,   ,12.901887,77.55818,+91 98866 03333,
Peace Restaurant,Asian        ,   ,12.978643,77.63701,,
Pratyusha Restaurant,Chinese        ,   ,13.02197,77.69899,+91 94828 49411,
Choi Choi Momos,Chinese        ,   ,12.995786,77.613266,+91 95913 81341,
VS Biriyani Mane,        ,   ,12.94891,77.62745,+91 99807 35834,
Ark Takeaway,Chinese        ,   ,12.83965,77.68493,+91 80942 77146,
New Garden Gate Restaurant,American        ,   ,13.065052,77.454,,
New Udupi Fast Food,        ,   ,,,+91 94492 14763,4
The Grub Club,        ,   ,12.99961,77.57814,+91 81055 10375,
New Shanthi Sagar,        ,   ,,,+91 98800 81791,4
China China Restaurant,Chinese        ,   ,12.925443,77.585884,+91 80 4171 2345,
Swad,Chinese        ,   ,12.9087,77.6043,+91 80 4172 2856,
Pizza Hut,Pizza        ,   ,12.99061,77.54587,+91 1800 202 2022,
Alt Pizza,Pizza        ,   ,12.935038,77.62915,+91 81238 92268,
Dropouts,        ,   ,13.020489,77.64303,+91 97438 85544,
Boss Burger Sarjapur,        ,   ,12.909578,77.68562,,
Gabbar Chai - Gunjur,        ,   ,12.928463,77.73838,,
Domino's Pizza,Pizza        ,   ,12.90416,77.45872,+91 80 2848 3100,
Al Bake Fast Food,Chinese        ,   ,12.97049,77.52928,+91 80959 89144,
Gerrys Hot Dogs,Fast Food        ,   ,12.950966,77.69991,+91 91452 40199,
Sri Varu Food Corner,Chinese        ,   ,12.851213,77.66407,+91 99167 97976,
Emerald Isle,Chinese        ,   ,13.01949,77.70823,+91 80 2790 4726,
Escape Bar And Restaurant,Beer restaurants        ,   ,13.0016,77.6326,+91 89711 57871,
Orange Bake & Cafe,Chinese        ,   ,12.85032,77.65553,+91 88806 78880,
480 Sqft,Diner        ,   ,12.92476,77.61431,+91 76761 47762,
Kedaram Authentic Kerala Restaurant,Chinese        ,   ,13.00424,77.70676,+91 99801 76742,
Mane Ruchi's Palate,Chinese        ,   ,,,+91 80 2339 6666,4
Turf View,        ,   ,,,+91 76249 97913,5
North Rasoi By Chef Pillai,Indian        ,   ,12.971599,77.59457,+91 89431 50000,
Ihf Express,        ,   ,12.926211,77.577835,+91 86182 94060,
Anusha Star Ambur Biriyani Hotel,Chinese        ,   ,13.03914,77.48418,+91 77606 42667,
The Orient,Asian        ,   ,13.0319,77.6269,+91 80 4124 1353,
Appag Cafe,        ,   ,12.96643,77.58718,+91 99808 26222,
Rjs Kitchen,Fast Food        ,   ,12.95611,77.69797,+91 74067 64890,
Marrybrown,Fast Food        ,   ,12.88968,77.60087,+91 80 4111 3795,
Pronature Organic Foods,        ,   ,13.07718,77.80178,+91 76760 14414,
A K Taj Restaurant,Chinese        ,   ,13.01949,77.70823,+91 94487 05067,
Park View Restaurant,        ,   ,,,+91 80 2201 0333,3.5
Worldonaplate,Bar Pub       ,   ,12.98677,77.57441,+91 96861 99272,
New Pogo Chats,        ,   ,12.95946,77.56733,+91 77607 09365,
Pizza Hut,Pizza        ,   ,12.892194,77.63766,+91 1800 202 2022,
Mangalore Lunch Home,        ,   ,12.92634,77.60893,+91 99006 03369,
Kailash Parbat,        ,   ,12.982532,77.6099,+91 22 4014 7636,
Lan Thai,Thai        ,   ,13.05591,77.5477,+91 98458 16116,
Bangalore Tea Corp,        ,   ,13.00276,77.58135,+91 80 2336 3622,
Swati's Kitchen,Chinese Indian       ,   ,13.024409,77.699844,+91 99805 97766,
Raj Bakery & Sweets,        ,   ,13.09768,77.56518,+91 99867 37965,
Terrace Bistro,Chinese Fast Food       ,   ,12.96317,77.56741,+91 97392 46569,
Ooty Chocolates,        ,   ,12.95654,77.74549,+91 98457 21244,
Domino's Pizza,Pizza        ,   ,15.87467,74.5263,+91 80672 94022,
Berytoz,Chinese        ,   ,12.95766,77.70882,+91 88844 45220,
Via Milano,Italian        ,   ,12.92537,77.63604,1.08E+11,
Punjabi Planet,Chinese        ,   ,12.94236,77.5942,+91 88615 87784,
Swamy Fast Food Center,Asian Bangladeshi       ,   ,12.99921,77.67641,+91 95355 32256,
Burger King India,American        ,   ,12.9281,77.58618,+91 91080 13561,
New Sagar Chicken,Chinese        ,   ,,,+91 98860 54786,4
Pizza Hut,Pizza        ,   ,13.07262,77.55591,+91 1800 202 2022,
Gonative.live,American        ,   ,12.994084,77.702156,+91 73381 04901,
Arya's Kitchens,Chinese        ,   ,12.90876,77.6464,+91 93800 29517,
KFC,American Fast Food       ,   ,13.04758,77.61231,+91 80 3232 1221,
Bao & Grills-eat Authentic,Asian        ,   ,12.99659,77.69247,+91 98448 03028,
Black Plus White,Asian        ,   ,12.91084,77.63518,+91 70650 67404,
Era Scoops,        ,   ,12.9597,77.60185,+91 80736 93958,
U.S. Pizza,Pizza        ,   ,13.01994,77.67435,+91 80 2218 1818,
Kfc,        ,   ,12.883051,77.54894,+91 80 4275 4444,
Pearl,Chinese International       ,   ,12.9665,77.6066,+91 80 4545 5455,
Domino's Pizza,Pizza        ,   ,12.91963,77.61211,+91 80 2678 8240,
Cafe Fattoush,Arabic        ,   ,12.916405,77.6107,+91 80 4977 5551,
Vidya Sagar,Cafe        ,Vegetarian Friendly   ,12.90441,77.63608,+91 96630 70152,
Kaati Zone,Fast Food        ,   ,12.95847,77.70107,+91 80 2522 1066,
Chung Wah,        ,   ,13.021784,77.65767,+91 80 4092 6780,
Sweet Chariot,Cafe        ,   ,12.95916,77.66194,+91 80 4122 6940,
Around the Bend,        ,   ,12.96452,77.60366,+91 98458 45714,
Five Star Restaurants,        ,   ,12.98715,77.54859,,
Pizza Hut,Pizza        ,   ,12.95696,77.70117,+91 80 2540 5707,
Dj Brothers,        ,   ,12.94934,77.5982,+91 70191 96707,
Clebian Cyber Cafe,        ,   ,12.89503,77.6087,,
Casa Raviera,        ,   ,12.99774,77.75828,+91 80 4203 3203,
The Waggah's,International        ,   ,13.0886,77.58419,+91 80 4185 8299,
Sri Ram Bhavan Sweets Bakery & Chats,        ,   ,,,+91 98456 93543,5
Erivum Puliyum Reasturant,Indian        ,   ,12.886103,77.64942,,
SRS Restaurant,        ,   ,12.86419,77.58337,+91 97389 73503,
83restaurant,Asian        ,   ,12.93637,77.61494,+91 88614 22687,
Sarayu Restaurant,Chinese        ,   ,12.99786,77.55006,+91 80 2359 2359,
Ice & Spice,American        ,   ,12.99398,77.60646,+91 91084 27933,
Min Mini Punjabi Dhaba,        ,   ,,,+91 92434 93482,5
Best Vadapav in Town,Fast Food        ,   ,12.95662,77.60233,+91 95382 44173,
Legend of Lucknow,        ,   ,13.10858,77.57596,+91 97315 53030,
Hot And Cool Bakery And Sweets,        ,   ,12.95912,77.5965,+91 80 2222 0615,
City Durbar,        ,   ,,,+91 80 2245 8877,5
Dreamcatcher Cafe,        ,   ,12.96643,77.58721,+91 99468 23330,
Cafe Fontana,        ,   ,,,+91 80509 56614,4
Krust,        ,   ,12.9421,77.59677,+91 98440 09011,
Velino Cafe,        ,   ,13.00682,77.56442,+91 99451 46111,
Malabar Cafe,        ,   ,13.09825,77.59325,+91 94484 88525,
Sri Bramhalingeshwara Condiments,        ,   ,12.94528,77.59805,+91 99456 82953,
Bonjour Pub,        ,   ,12.84188,77.64589,+91 96060 80160,
Sri Sai 99 Variety Dosa,Indian        ,   ,12.880251,77.60276,+91 76760 12610,
Popularburger_pb,        ,   ,12.84682,77.67323,+91 74708 29888,
Idli Factory,        ,   ,12.92961,77.55213,+91 93410 37000,
Sanskrititiffins,        ,   ,12.95351,77.72114,+91 93539 32781,
Vindeep Hotel Restaurant,        ,   ,,,+91 99006 59801,4
Mast Chai,Cafe        ,   ,12.86309,77.55664,+91 99000 38178,
Lipi,Indian        ,   ,12.93287,77.55269,+91 96062 12060,
Domino's Pizza,Pizza        ,   ,,,+91 80 2545 9000,4
Mela Family Restaurant,        ,   ,13.10117,77.59866,+91 99800 05517,
Godrej Nature's Basket,        ,   ,12.962142,77.60154,+91 80 2248 7401,
Satyam Sweets,        ,   ,12.98446,77.55312,+91 98861 48778,
Green Line Sweets and Chats,Cafe        ,   ,12.95713,77.52174,+91 80 2535 2407,
Adyar Ananda Bhavan,        ,   ,,,+91 98864 65380,4
Sweet Land Bakery,        ,   ,,,+91 80507 57322,4
Matargashtii,Indian        ,   ,12.9363,77.61498,+91 99800 87273,
Arusuvai Madhuram,Indian        ,   ,12.906363,77.64058,+91 80 2572 3543,
Bharathi Refreshments,        ,   ,12.94296,77.60805,+91 94485 17784,
Mayuri Biryani Centre,        ,   ,12.94296,77.60805,+91 89044 59836,
Kalingas,Indian        ,   ,12.91654,77.61023,+91 80 4203 8180,
Geetha Sweets,        ,   ,12.94296,77.60805,+91 80 2571 3081,
Oye Teri Desi Khana,Indian        ,   ,12.91582,77.60143,+91 93415 70007,
Mirzas Biriyani,Indian        ,   ,13.00553,77.6226,+91 98451 28595,
Ghalib,Indian        ,   ,13.07236,77.59719,+91 80 4095 0092,
Nagarjuna,Indian        ,   ,12.977438,77.63645,+91 80 4965 2989,
Dalroti,Indian        ,   ,12.914118,77.586174,+91 80 2649 3524,
Bhikharam Chandmal,        ,   ,12.96975,77.52392,+91 80 2297 6860,
Akshaya Bar and Restaurant,        ,   ,12.96975,77.52392,+91 80 4171 5275,
Reddy Home Currie's Point & Mess,Indian        ,   ,13.09812,77.57051,+91 74116 55505,
Temptation Foot Court,Cafe        ,   ,13.03025,77.56302,+91 95389 08563,
Vsm,        ,   ,12.90393,77.56201,+91 93420 21050,
Sunrise Bakery,        ,   ,12.89962,77.58376,+91 85539 34073,
Malabar Family Restaurant,Cafe        ,   ,13.02936,77.56183,+91 80 3255 8559,
Awadhi Kitchen,        ,   ,13.08417,77.60803,+91 74066 22138,
Impes Family Restaurant,        ,   ,13.01949,77.70823,+91 81234 41666,
Moto Cafe,        ,   ,13.01949,77.70823,+91 88672 27889,
Sri Venkateshwara Andhra Hotel,        ,   ,12.95802,77.51896,+91 97409 05877,
Sage Bakery,        ,   ,13.02681,77.60633,+91 81474 21624,
Sri Balaji Sweets,        ,   ,13.0282,77.60448,+91 98865 36760,
Hotel Karnataka Restaurant,Indian        ,   ,12.98532,77.52506,+91 94820 89050,
Goli Vada Pav,Cafe        ,   ,13.02362,77.60299,+91 95912 79633,
Naga's,Indian        ,   ,12.98404,77.73724,+91 99026 33116,
Krishna Satvik Foods,        ,   ,13.00287,77.5368,+91 97391 06212,
Hello Earth Organics & Naturals,        ,   ,12.90117,77.58666,+91 99000 52020,
A1 Shobha Military Hotel Restaurant,        ,   ,13.02764,77.61235,+91 99458 30721,
Sri Brahmashree Juice & Chaats,        ,   ,12.93647,77.61538,,
Joystna Ice Cream Parlor,        ,   ,12.97629,77.75512,+91 98458 53929,
Esfahan Restaurant,Indian        ,   ,12.840448,77.64738,+91 90081 00614,
Pickles And Parathas,        ,   ,12.95804,77.73169,+91 81479 02139,
Chickpet Donne Biriyani House,Indian        ,   ,12.847007,77.67961,+91 97434 02633,
Marmari's Restaurant,Indian        ,   ,12.85014,77.66412,+91 88674 45325,
Sri Lakshmi Bakery & Sweets,        ,   ,13.10093,77.56348,+91 81232 12392,
Ayyapa Bakery,        ,   ,13.09906,77.57618,+91 97422 26233,
Annapoorweshwari Chat Shop,        ,   ,13.09958,77.57537,+91 90362 70429,
Madhu Bakery,        ,   ,13.09632,77.57874,+91 85539 37527,
Cream N Desserts,        ,   ,12.98289,77.73364,+91 80 2593 9315,
Biriyani Ghar,        ,   ,12.84652,77.68093,+91 80 2563 6363,
S.R Andhra Mess,        ,   ,12.84084,77.67175,+91 97386 64429,
Sweet Chariot,        ,   ,12.84084,77.67175,+91 80 2852 0587,
Cafe Cantina,        ,   ,13.070855,77.58627,+91 96326 47644,
Maa Reddy's Hyderabadi Dum Ka Biryani,        ,   ,12.84084,77.67175,+91 90193 16066,
Royar's Home Food's,        ,   ,12.84084,77.67175,+91 88616 35938,
Khane Bhi Do Yaaron,        ,   ,12.84678,77.67323,+91 95350 07623,
Squeez Juice Bars,        ,   ,12.96896,77.7356,+91 77950 82179,
Srinidhi Sagar,        ,   ,12.98289,77.73364,+91 96638 00166,
Hyderabad Biryaani House,        ,   ,12.95707,77.73703,+91 74115 11194,
Geddy's Gourmet Icecream,        ,   ,12.98404,77.73724,+91 99168 25888,
Sri Lakshmi Refreshment,        ,   ,12.91966,77.56923,+91 77606 28456,
Sri Kumara Bhavan,        ,   ,12.9208,77.61559,+91 99002 75869,
Jaipur Sweets & Hots,        ,   ,12.91902,77.58952,+91 80 2663 5076,
Sri Ganesh Bakery,        ,   ,12.97252,77.62991,+91 94814 52077,
Arunachalam Restaurant,        ,   ,12.84652,77.68093,+91 99169 60184,
Affan Kabab Centre,        ,   ,13.00201,77.61209,+91 98453 84575,
Lakshmi Tea Centre,        ,   ,12.9729,77.57509,,
Mr. Murghi Fried Chicken,Fast Food        ,   ,12.92023,77.61638,+91 97425 69779,
Nandhini Deluxe,Indian        ,   ,,,+91 80 2351 9177,3
Waikiki,Indian        ,   ,12.9168,77.59724,+91 90358 84366,
Port Of Pavilion Pub&bar Ghandhinagar Benglor,        ,   ,12.975372,77.57871,,
Pizza Corner,Pizza        ,   ,12.99107,77.61414,+91 80 4125 0035,
Adyar Ananda Bhavan,Indian        ,   ,13.019783,77.70974,+91 82772 83599,
R B Gardenia Multicusine Restaurant,Indian        ,   ,13.05962,77.50622,+91 98802 93536,
Wonder Sipp,Indian        ,   ,13.06632,77.50195,+91 88848 65576,
Sri Sai Ram Fast Food,Cafe        ,Vegetarian Friendly   ,12.88199,77.60428,+91 89718 29951,
The Cake Shop,        ,   ,12.97187,77.74771,+91 80 4020 0200,
Srinidhi Upahara Veg,Cafe        ,Vegetarian Friendly   ,13.04015,77.59959,+91 98459 97531,
Bismillah Hotel,        ,   ,12.84262,77.68248,+91 99720 52314,
Kavery Bakery and Sweets,        ,   ,12.96984,77.74997,+91 81249 66334,
Gelato Italiano,        ,   ,12.97768,77.74289,+91 95358 08107,
Honey Bee,        ,   ,12.97765,77.74307,+91 96201 50727,
V. V. Reddy Hotel Restaurant,        ,   ,12.87972,77.76087,+91 94484 36524,
Chai Point,        ,   ,12.815921,77.67938,+91 88801 41000,
Sindu Bar and Restaurant,        ,   ,13.06837,77.56025,+91 99864 91576,
Cafe Buddy's,        ,   ,12.95691,77.74168,+91 80671 96666,
Kolkatta Famous Kati Rolls,Chinese        ,   ,12.95812,77.66719,,
Birinz,Indian        ,   ,12.912513,77.635315,,
Mini Melts,        ,   ,12.97765,77.74307,+91 72048 51250,
Akshaya Mess & Restaurant,        ,   ,12.85109,77.65743,+91 80956 54653,
Bells & Candles,        ,   ,13.09158,77.55854,+91 95352 00720,
Biryani Hut,        ,   ,13.00337,77.70911,+91 80 6535 3535,
Honey Land Bake&cool,        ,   ,12.8468,77.68175,+91 99954 74687,
Kriti Dugar,        ,   ,13.04901,77.59487,+91 93795 60985,
Five Star Chicken,        ,   ,12.958024,77.562416,+91 81233 99452,
E-City Bakery & Cool Bar,        ,   ,12.85032,77.65553,+91 99161 99768,
Kulfi Adda,        ,   ,12.9911,77.65675,+91 98865 39769,
Sathkar Restaurant,        ,   ,12.85032,77.65553,+91 97419 02141,
MBR Dum Biryani County,        ,   ,12.8506,77.66089,+91 99161 33091,
Kolkata New Style Famous Kati Roll,        ,   ,12.95584,77.7155,+91 88842 75887,
Young Star,        ,   ,13.01949,77.70823,+91 88840 08200,
L.J Iyengar Bakery And Sweets,        ,   ,12.85032,77.65553,+91 97417 48674,
Flamingo,        ,   ,13.08172,77.54828,+91 80 2364 9281,
Ambur Dum Biryani,        ,   ,12.85032,77.65553,+91 88921 31620,
The Krazy Biryani,        ,   ,12.96806,77.719,+91 97321 12488,
MK Mannaa,        ,   ,12.95584,77.7155,+91 80 4227 5743,
Krispy Kreme,        ,   ,12.95584,77.7155,+91 80 4259 9000,
Caffe Pascucci,Italian        ,   ,12.90869,77.61038,+91 80 4210 0843,
Punjabi Rasoi,Indian        ,   ,13.022297,77.58464,+91 80 2333 9171,
Avenue Juice Centre,        ,   ,12.97002,77.58021,,
Chaitra Bar & Restaurant,        ,   ,13.02571,77.62912,+91 94481 51750,
Ande Ka Funda,Fast Food        ,   ,12.95255,77.62021,+91 90356 92571,
The Bohra Bohra Thaal,Indian        ,   ,12.89705,77.58884,+91 98801 01051,
Foodland Restaurant,Indian        ,   ,13.04434,77.54736,+91 78995 46622,
12 Volt,        ,   ,13.064074,77.50458,+91 99640 02882,
Food Court,Indian Asian       ,   ,12.91583,77.60174,+91 99861 43696,
Gelato Italiano,Italian        ,   ,12.90869,77.61038,+91 80 4092 5584,
King Kong-chinese,Chinese        ,   ,13.000805,77.61397,+91 85480 11211,
Drunken Monkey,        ,   ,12.93546,77.62478,+91 99943 52421,
Cryptic Intel,Italian Chinese Indian      ,   ,12.93255,77.62981,+91 81055 05404,
Spice,Chinese Thai       ,   ,12.95847,77.70107,+91 80 4039 9000,
New Sukhi Sagar,Cafe        ,   ,12.94606,77.62446,+91 98808 03839,
Cafe Coffee Day,        ,   ,12.92664,77.55864,+91 80973 90111,
Ganga Bakery And Sweets,        ,   ,12.96673,77.53322,+91 80959 91777,
Janahaar,        ,   ,,,+91 90351 04559,4
Roadhouse Restaurant Bangalore,        ,   ,12.96277,77.74799,+91 96458 14327,
Anupama Hennur,        ,   ,13.02215,77.62894,+91 80 2543 4111,
Forking Indian,        ,   ,12.93629,77.61678,+91 80 4965 2660,
Dezire Natural Sugar Free,        ,   ,12.947432,77.56878,+91 80 4169 2690,
Good Bread,        ,   ,12.90254,77.58727,+91 80 2659 7787,
Adyar Ananda Bhavan,Indian        ,   ,13.02861,77.65216,+91 80 4115 7199,
Indian Chef Restraunt,Chinese Indian       ,   ,13.009021,77.65065,+91 97427 63994,
RollsRice Cafe,Italian Chinese Cafe      ,   ,,,+91 94802 94398,
Chopra's Paratha & Chat Corner,Indian        ,   ,13.066781,77.60198,+91 77950 66057,
The Bong Tikka Connection,Indian        ,   ,12.991959,77.70282,+91 96067 06719,
Tandoor Box,Indian        ,   ,12.992306,77.702805,+91 80 4954 8666,
Snack Bar,Fast Food        ,   ,12.964542,77.53385,+91 86609 95107,
Chickpet Donne Biryani House,Indian        ,   ,12.949757,77.69972,+91 96060 29864,
Lassi Point,        ,   ,,,+91 97424 49929,5
Khushi,        ,   ,,,+91 95384 12332,4
B&b The Pub,        ,   ,12.959687,77.56736,+91 72599 99804,
Mani's Dum Biryani,Indian        ,   ,12.956554,77.70991,+91 80 4300 6111,
Shukraan Magic,Fast Food        ,   ,12.92091,77.66485,,
Aj-125,Chinese Indian       ,   ,12.936286,77.703896,+91 96326 69193,
Pizza Hut,Pizza        ,   ,12.964326,77.64182,+91 80 3988 3988,
Desi Dhaba,Indian        ,   ,12.936883,77.61274,+91 80 4150 7166,
Lemon Krust,        ,   ,12.99116,77.7212,+91 88616 16821,
Nakshatra,Indian        ,   ,12.906402,77.59606,+91 80 2658 4422,
New Samrat Restaurant,Indian        ,   ,12.98944,77.57291,+91 80 2356 3726,
Kekiz,        ,   ,12.972,77.64689,+91 93412 02400,
Pizza Hut,Pizza        ,   ,12.92444,77.56431,+91 1800 202 2022,
Royal India Kabab Corner,        ,   ,12.948608,77.59814,+91 77605 45053,
SunShine,Chinese        ,   ,12.84496,77.67756,+91 80 2783 4064,
Indira Canteen,Indian        ,   ,13.03278,77.6819,+91 80 2224 7627,
Ruchi Sagar,        ,   ,12.97107,77.65397,+91 80 2534 1307,
Ruchi Cafe,Chinese        ,   ,12.91385,77.61312,+91 80956 36266,
Summer Of Love,        ,   ,12.9694,77.60244,+91 80 4965 3335,
Erachi,        ,   ,12.97027,77.63241,+91 98450 22230,
Elephants & Coffee,Chinese        ,   ,13.02221,77.7128,+91 80 4190 3000,
Cocktail Garden,Chinese        ,   ,13.024877,77.70696,+91 89047 71151,
Chokkanhalli Cross Bhartiya City,        ,   ,13.081596,77.6175,+91 97424 31004,
Zeeshan,Indian        ,   ,12.909955,77.63111,+91 80 4097 4055,
Hot Pot Noodles,Chinese        ,   ,12.918907,77.6001,+91 88802 22131,
Salt N Pepper,Chinese        ,   ,12.84626,77.67148,+91 96115 56463,
Baniya's,Fast Food        ,   ,13.02672,77.63134,+91 80 6565 2055,
Mini Melts,        ,   ,12.99387,77.5715,+91 80 4122 5834,
Taj Savouries,        ,   ,12.98783,77.59128,+91 90358 51092,
Savi Ruchi,Chinese        ,   ,13.05801,77.50711,+91 72596 72254,
Wangs Xanadu Momo,Asian        ,   ,12.914522,77.65165,,
Sri Venkateshwara Chat Centre,Street Food        ,   ,13.00795,77.51838,+91 70223 62603,
Khai Khai,Indian        ,   ,12.909098,77.64617,+91 76192 07120,
Juice Lounge,Fast Food        ,   ,13.09768,77.56518,,
Singh Punjabi Restaurant,Indian        ,   ,12.9425,77.6007,+91 80 2668 4141,
Pritika Chinese Thai Restaurant,        ,   ,12.93343,77.63611,+91 99005 54738,
Pattabirama Iyengar's Bakery,        ,   ,12.94414,77.60751,+91 82771 25467,
Chicken Biryani Centre,        ,   ,12.93801,77.56155,+91 97389 44248,
Club 27,Chinese        ,   ,13.01217,77.68986,+91 80 4171 9481,
Irfan Hotel Restaurant,Fast Food        ,   ,12.90376,77.63114,+91 90669 09963,
Apple Spicy Take Away,Cafe        ,   ,12.92549,77.60878,+91 74114 11114,
Spice World,Thai        ,   ,12.96,77.50417,+91 96866 78120,
The Bong,Indian        ,   ,13.00367,77.63131,+91 96203 60720,
Nisarga Garden,Indian        ,   ,,,+91 90088 00999,3
Pizza Hut,Pizza        ,   ,12.939887,77.625244,+91 1800 202 2022,
Marjan Restaurant,        ,   ,12.94957,77.6138,+91 99862 99407,
Golden Fork,Chinese        ,   ,12.85109,77.65743,+91 80 2852 2333,
Venky's Xprs,        ,   ,12.96472,77.53814,+91 88612 86181,
Chai and Chutney,Fast Food        ,   ,13.01949,77.70823,+91 74068 94181,
Cafe Lidwin Bakery,Asian Korean       ,   ,,,+91 96869 72228,
Wow! Momo,Chinese        ,   ,12.993485,77.70087,+91 91471 04507,
Dreamland Food Corner,Fast Food        ,   ,,,+91 99166 67150,3.5
Food Court,Chinese        ,   ,12.85109,77.65743,+91 72044 57807,
Asia In A Box,Asian        ,   ,12.92923,77.63522,+91 80 4093 3355,
South Spicy Bites,        ,   ,,,+91 90084 40055,5
Chamrajpet Non Veg Darshini,Cafe        ,   ,12.97078,77.654,+91 94487 96125,
Five Star Chicken,Fast Food        ,   ,12.96984,77.53214,+91 89518 95487,
Hebrews Cafe,        ,   ,13.06434,77.64856,9.18E+15,
Burger King,American        ,   ,12.965402,77.70174,+91 95388 66611,
Veg Plus,        ,   ,12.93092,77.60669,+91 81475 72748,
Searock Restaurant,        ,   ,12.986541,77.5792,+91 88841 28881,
Papa John's Pizza,Italian Pizza Fast Food      ,   ,12.993541,77.663925,+91 1800 3010 7272,
S R Restaurant,        ,   ,13.10156,77.56689,+91 90666 95056,
Luna Sweets,Cafe        ,   ,13.04058,77.59952,+91 80 6576 0740,
Punjabi Tadka,Indian        ,   ,12.84517,77.66009,+91 87224 02416,
Shubh Tiffany's,Cafe        ,   ,12.97647,77.50996,+91 88676 56131,
Rasoi Tandoori Dhaba,Chinese        ,   ,12.99667,77.71772,+91 94489 09416,
Cafe Torque,        ,   ,12.92206,77.64492,+91 96111 19649,
Ganesh Fruit Juice Centre,        ,   ,13.08611,77.56057,+91 99720 65788,
Nandu Sweets,        ,   ,12.96984,77.53214,+91 94491 62896,
Cake Creation,        ,   ,12.965753,77.76412,+91 94742 13310,
Classic Bakery & Sweets,        ,   ,12.84788,77.66233,+91 99864 46484,
Adupp Restaurant,        ,   ,12.9626,77.60433,+91 93533 91914,
Shri Annapurneshwari Refreshment,Fast Food        ,   ,12.89385,77.60986,+91 96119 78061,
Ap2Up,Fast Food        ,   ,12.89001,77.59992,+91 78488 24267,
Menaka Foods,        ,   ,,,,3
Nimma Mane,        ,   ,12.98584,77.51559,+91 80 6570 1680,
Shree Muthahalli Veg,Indian        ,   ,12.914698,77.64468,+91 96323 33337,
A2rrestaurant,Indian        ,   ,12.95026,77.55222,+91 99001 66902,
Cafe Khanarozanna,Indian        ,   ,12.92053,77.64885,+91 99720 89105,
The Lassi Park & Ice Berg,Fast Food        ,   ,12.97168,77.65399,,
Nepali Chalo Restaurant,        ,   ,13.07967,77.50426,,
Sneha Shree Bar & Restaurant,        ,   ,13.05698,77.63924,28374405,
Sri Ambal Tiffin Center,Chinese        ,   ,12.99931,77.53233,+91 80952 41315,
Justbake Koramangala,        ,   ,12.932417,77.6183,+91 80 4174 4666,
Crossroad Cafe,        ,   ,12.91754,77.57581,+91 80 4124 7022,
Halli Style,Chinese        ,   ,13.02777,77.58598,+91 99808 04552,
Kubera Palace Delicacy,Indian        ,   ,13.03818,77.55716,41138094,
Lassi Corner - Koramangala,        ,   ,12.93483,77.62171,+91 99865 97496,
Easystreet Cafe,        ,   ,13.0368,77.62448,30970155,
Global Green Company Ltd.,        ,   ,12.93307,77.63117,+91 80 2550 9600,
Dharwad Mishra Pedha,        ,   ,12.938681,77.55262,+91 98447 57432,
Us Pizza Official,Pizza        ,   ,12.95916,77.656624,+91 93534 74730,
Hotel Abhilash Restaurant,Indian        ,   ,13.00585,77.61234,,
Cuppa,Fast Food        ,   ,12.9259,77.56505,+91 99019 63200,
Hot Brixx,Pizza        ,   ,12.9569,77.70701,+91 88616 11114,
Sree L.J Iyengars Bakery & Sweets,        ,   ,12.93467,77.56829,+91 99803 68706,
V S Garden Bar & Family Restaurant,Chinese        ,   ,12.9502,77.6259,+91 99163 95899,
A.R. Bakery,        ,   ,12.95246,77.61998,+91 96111 54869,
Vasavi Condiments,        ,   ,12.94378,77.55981,+91 99027 38724,
Sri Krishna Sweets & Bakers,        ,   ,12.96992,77.5547,+91 97804 95666,
Sweet Nothings Couture Cupcakes,        ,   ,12.9932,77.75738,,
Foodies,        ,   ,12.93107,77.57611,+91 90082 57795,
The Baagha,        ,   ,12.96354,77.73269,+91 80 2854 3553,
Rotti Mane,Indian        ,   ,13.00374,77.53004,+91 98454 05068,
Multi Cakes,Cafe        ,   ,12.95847,77.70107,+91 98866 56267,
Leon Grill,American        ,   ,13.02167,77.64044,+91 80 4965 2715,
Hotel Supreme Restaurant,        ,   ,12.93579,77.60798,+91 99861 13934,
Bawarchy Hotel,Fast Food        ,   ,13.02736,77.59678,+91 99723 99374,
Irie,        ,   ,13.02857,77.65225,+91 80 6532 6666,
Matki Cafe,        ,   ,12.82618,77.67293,,
BeanTown Pizza,Pizza        ,   ,12.91659,77.60025,+91 99005 74400,
Woodee Pizzeria,Pizza        ,   ,12.90623,77.59253,+91 74068 27272,
Shilpa Kabab Center,Fast Food        ,   ,12.93163,77.61369,+91 99455 93248,
Tandy's Fried Chicken,Fast Food        ,   ,12.97544,77.67901,+91 80 4222 9252,
Domino's,Pizza        ,   ,12.93288,77.62759,+91 95350 09415,
Parachos,Indian        ,   ,12.914478,77.640564,+91 88845 82345,
Chawla's Square,        ,   ,13.07225,77.56066,+91 93437 21497,
Hotel Venkat Sai Restaurant,        ,   ,,,+91 97387 12526,4
The Dimsum,Chinese        ,   ,12.99903,77.57741,+91 97398 29399,
North End Restaurant,Chinese        ,   ,12.99883,77.57849,+91 80 2344 4350,
Sri Sai Ganapathi Hot Chips,Fast Food        ,   ,13.05111,77.50766,+91 99166 22355,
New Karavali Lunch Home,        ,   ,13.11028,77.582,,
Durga Sree Upahara,        ,   ,,,+91 97419 54515,4
Five Star Chicken,Fast Food        ,   ,12.91612,77.61228,+91 99015 06777,
Snoopool Cafe,Fast Food        ,   ,12.9671,77.53297,+91 98863 88164,
Sai Suri Chats,        ,   ,12.99043,77.57477,+91 96205 36758,
B52 The Bar,        ,   ,12.87344,77.61669,+91 80 4094 0101,
Biggies Burger,American        ,   ,12.995181,77.614235,+91 87222 28245,
Pizza Corner,Pizza        ,   ,13.03138,77.59179,+91 80 4160 2483,
Goli Vada Pav No. 1,Fast Food        ,   ,12.95611,77.69797,+91 96325 90422,
Flavors Of India,Indian        ,   ,12.955546,77.71471,,
Chicken Blast,Fast Food        ,   ,12.93226,77.55593,+91 99643 87000,
Stop 'N' Joy,Fast Food        ,   ,12.93243,77.55645,+91 97382 52947,
Gurudatta Icecream Parlour,Fast Food        ,   ,12.91666,77.60643,+91 78993 65431,
Fudnite,Fast Food        ,   ,12.96762,77.65504,+91 98865 54691,
Family Juice & Chats,Fast Food        ,   ,12.92033,77.60761,+91 81239 43920,
Srinivasa Pastries,        ,   ,12.98857,77.60209,+91 80505 03173,
Bangarpet Pani Puri,        ,   ,12.93253,77.58598,+91 85531 35520,
Mast Masala Restaurant,Fast Food        ,   ,13.00282,77.61422,+91 77956 75834,
M R Fresh Fruit Juice,Fast Food        ,   ,12.91935,77.61208,+91 90353 67787,
Spicy Hut,        ,   ,13.00811,77.64655,+91 99165 96321,
Kanti Sweets,        ,   ,12.89174,77.5731,+91 80 2296 0634,
Lunch Break,        ,   ,12.95512,77.50186,+91 80951 61774,
Rr Spiritz,        ,   ,12.88994,77.60042,+91 80 4218 9955,
Punjabi Tadka,Indian        ,   ,12.95512,77.50186,+91 92417 46626,
U.P. Dhaba,        ,   ,12.98425,77.74919,+91 96327 03984,
Basant Mess,        ,   ,12.96504,77.5048,+91 80505 21021,
Lakshmi Brahmin's Bakery,        ,   ,,,+91 96112 28980,4
Sneha Sweets and Snacks,        ,   ,,,+91 98801 93394,4
R.J Hotel,        ,   ,12.89835,77.63499,+91 97420 45278,
Foodies Kabaab Center,Fast Food        ,   ,12.91047,77.60998,+91 95918 52149,
Taste of South,        ,   ,12.84513,77.66016,+91 95906 18912,
Snakart the Shop,Fast Food        ,   ,12.9079,77.60627,+91 98442 10079,
The Best Cafeteria,Chinese Cafe       ,   ,12.93693,77.62729,+91 80509 74266,
Fame,        ,   ,13.01344,77.63554,+91 91414 46772,
Surya Bakery And Sweets,        ,   ,12.95584,77.7155,,
Thindi Mane Oota,American        ,   ,13.02254,77.68197,+91 81230 87881,
Little Nature,American        ,   ,12.94913,77.70278,+91 80 4866 3614,
Biggies Burger 'n' More,American        ,   ,12.95766,77.70882,+91 78996 73165,
Ammus Cake Palace,        ,   ,,,+91 97393 22045,4
Ishta Upahar,        ,   ,12.96893,77.62907,+91 90364 62803,
Ghar Ka Khana,Indian        ,   ,12.914222,77.61212,+91 99806 77488,
Sree Navayuga,        ,   ,13.00696,77.75748,+91 97311 22575,
Shanghai Kitchen,Chinese Asian       ,   ,13.02548,77.66002,+91 80 2531 5983,
Honey Bee Foods,Indian        ,   ,13.01949,77.70823,+91 99161 04359,
P V Palace Bakery & Sweets,        ,   ,13.0588,77.56509,+91 94484 74969,
Retreat Restaurant,Chinese        ,   ,13.00686,77.59629,+91 80 2354 4669,
Hotel New Sagar Restaurant,Chinese        ,   ,12.99202,77.60716,+91 99455 69184,
New Rachi Family Restaurant & Juice,        ,   ,12.99191,77.54369,+91 99023 28908,
Yallamma Devi Cyber Cafe,        ,   ,12.84561,77.66312,1.08E+11,
Frying Pan,Indian        ,   ,12.838644,77.647896,+91 70194 67962,
Pizza Hut,Pizza        ,   ,12.875315,77.53474,+91 1800 202 2022,
Ferment,Italian        ,   ,12.922075,77.55848,+91 95352 49571,
Kolkata Famous Katti Rolls,        ,   ,12.97804,77.73384,+91 97434 78617,
Jai Ambe Restaurant,        ,   ,12.9024,77.56708,+91 88809 99100,
Street 1522,        ,   ,12.902647,77.70427,,
Beanstalk,        ,   ,13.00849,77.65558,+91 80 4171 6230,
Sandharshini Veg,Chinese        ,   ,13.01949,77.70823,+91 81057 15756,
Saravana Cafe,        ,   ,12.99085,77.68724,+91 98869 21655,
The Ambience Restaurant,        ,   ,13.10116,77.59868,+91 80 2846 1512,
Zoca Cafe Sahakarnagar,        ,   ,13.06446,77.58389,+91 89711 54523,
Karnataka Biriyani Centre,Chinese        ,   ,12.92838,77.59887,+91 88845 92772,
Cafe Coffee Day,        ,   ,13.002319,77.66128,+91 80 3202 3351,
The Other Place,        ,   ,13.00839,77.64407,+91 80 6453 4443,
Ttasto 'Hholiics,Fast Food        ,   ,12.96317,77.56741,,
Sri Ganesh Fruit Juice Centre,        ,   ,12.84652,77.68093,+91 99728 61515,
Wheely Good Food,        ,   ,12.97803,77.73375,+91 98868 87972,
Nagalakshmi Andhra Mess,        ,   ,12.84652,77.68093,+91 95387 66710,
Mom's Cafe,        ,   ,12.87757,77.64783,+91 99166 73480,
Mughal Empire,        ,   ,12.84057,77.65015,+91 80 2852 2323,
Domino's Pizza,Pizza        ,   ,13.05682,77.63279,+91 1800 208 1234,
Daysie : All Day Casual Bar,        ,   ,12.972171,77.61841,+91 80 4725 0000,
Bella Italia,Italian        ,   ,12.92484,77.63779,+91 80 4965 2796,
T.H. Hassan Iyengar's Bakery,        ,   ,12.84788,77.66233,+91 94834 03427,
Arcad Dum Biriyani,        ,   ,12.84652,77.68093,+91 95385 72569,
Aishwarya Bakery & Sweets,        ,   ,12.84788,77.66233,+91 96322 33045,
Ambur Dum Biriyani,        ,   ,12.84652,77.68093,+91 95384 43279,
Five Star Chicken,Fast Food        ,   ,12.94066,77.55629,+91 99808 00533,
Thai Lotus Salon,Thai        ,   ,12.97783,77.64643,+91 80 2520 9999,
Oh My God,        ,   ,12.99802,77.60908,+91 98800 07853,
Iyengar's Bakery,        ,   ,12.91902,77.58952,+91 78298 67249,
Ambur Biryani Center,        ,   ,12.84496,77.67588,+91 98805 02794,
Kappa,        ,   ,12.84626,77.67148,+91 94469 43784,
Siddique Kabab Centre,Indian        ,   ,12.99048,77.61469,1.10E+11,
The Cafe Kanthari,        ,   ,12.887709,77.62546,+91 97497 42211,
Shirdi Sai Bhavan,        ,   ,12.91935,77.61208,+91 99453 42460,
Hotel Ashok Samrat Restaurant,Chinese Cafe       ,Vegetarian Friendly   ,13.021938,77.60271,+91 80 2292 4040,
Sai Kripa Food Point,Indian        ,   ,12.9959,77.71923,+91 85532 19246,
Vaigai Vilas,Indian        ,   ,12.98433,77.74155,+91 82960 66070,
Zoravar,Chinese        ,   ,12.96,77.50417,+91 80 4126 2918,
Mcdonald's,        ,   ,13.012928,77.760864,+91 22 6600 0666,
Dilli Galli,Indian        ,   ,12.92616,77.73768,+91 70939 47020,
Taste of Tongue,Cafe        ,   ,13.03022,77.55962,+91 97405 50344,
Sree Gajanana Fruit Juice Centre,        ,   ,12.97344,77.67827,+91 99808 09312,
Renuka Bar & Restaurant,        ,   ,13.05891,77.50699,+91 99721 38222,
Nandini Cool Joint,Cafe        ,Vegetarian Friendly   ,12.91257,77.6446,+91 89042 14583,
Spoorthi Siri Sagar Veg,Cafe        ,   ,13.03102,77.59989,+91 95609 53695,
Nandini Thatte Idly,Cafe        ,   ,12.89001,77.59992,+91 97409 62887,
Cafe Expresso,Italian        ,   ,12.992274,77.53459,+91 88678 90804,
Shahi Khana,Chinese Indian       ,   ,13.015159,77.62393,+91 93807 37167,
Nandi Cafe,Indian        ,   ,12.90345,77.70422,+91 88619 37781,
Oggarne,        ,   ,12.84015,77.6766,+91 98459 44111,
Mahammad Sadir,Chinese        ,   ,12.92838,77.59887,+91 98861 81683,
Pallavi Hotel Restaurant,        ,   ,12.97049,77.52928,+91 95918 51382,
Beans,        ,   ,13.03544,77.70107,+91 91643 49878,
Malenadu Kitchen,Indian        ,   ,12.891514,77.56528,+91 96861 94190,
It's Chai Time,        ,   ,12.85032,77.65553,+91 81979 89889,
Sri Sai Ram Hot Chips,        ,   ,12.95584,77.7155,+91 99021 38207,
Daily Bread,        ,   ,12.92024,77.56933,+91 80 6450 0334,
Venus Bakery,        ,   ,12.95584,77.7155,+91 90085 01500,
Hotel Arumai Restaurant,        ,   ,12.8506,77.66089,+91 96633 19445,
Punjdaryaa,        ,   ,12.85032,77.65553,+91 88841 51666,
Delight Fills,        ,   ,12.940011,77.60228,+91 98453 74700,
Veggie Way,        ,   ,12.95635,77.61229,+91 74114 01506,
Ambur Best Biryani,        ,   ,12.95584,77.7155,+91 96633 58977,
Chef Baker's,        ,   ,12.95584,77.7155,+91 80 4174 3618,
Istoria Cafe,        ,   ,12.96249,77.6056,+91 98866 80707,
Biryani Bhavan,        ,   ,12.93799,77.55698,+91 98865 65143,
Flame On,Thai        ,   ,13.021842,77.64005,+91 80 4372 2555,
Dumma's Restaurant,Chinese        ,   ,13.00558,77.52682,+91 80 4110 0909,
Bunny Bakers,        ,   ,12.91986,77.58643,+91 93412 55773,
Sri Ganesh Sweets,        ,   ,12.95946,77.56266,+91 94497 19671,
Nandana Mess,        ,   ,12.85109,77.65743,+91 81974 09049,
Sri Ranganatha Bakery,        ,   ,13.09042,77.58232,+91 99809 78813,
Kfc,American Fast Food       ,   ,12.84084,77.67175,+91 80 4216 2196,
Kolkata Famous Kathi Roll Centre,        ,   ,12.95584,77.7155,+91 95807 30586,
Raja Bakery,        ,   ,13.00489,77.70834,+91 94482 79662,
Kadai Restaurant,        ,   ,13.00443,77.70835,+91 94818 11099,
Ashok Upahara,Cafe        ,Vegetarian Friendly   ,12.93339,77.51595,+91 99802 18756,
Samba Shake N Juice,Fast Food        ,   ,13.04256,77.57822,+91 74117 41269,
Sri Sai Narasimha Hot Chips,        ,   ,,,+91 99160 80049,4
Csecombo,Chinese        ,   ,12.91517,77.63625,+961 1 132 232,
Azar,Fast Food        ,   ,13.0157,77.6394,+91 98442 77777,
Hopipop,Indian        ,   ,13.0312,77.57888,+91 99800 03474,
OvenTreats,        ,   ,13.02641,77.6242,+91 80 4513 4777,
Chainese Eats,Chinese        ,   ,12.93317,77.55687,+91 76768 99299,
The Eatery,Pizza        ,   ,12.942768,77.6948,+91 80 4167 0888,
Super Naati,Chinese        ,   ,13.02844,77.58632,+91 97404 02222,
Rangzen Restaurant,Chinese        ,   ,12.90823,77.55784,+91 96203 84492,
Food N Joyy,Chinese        ,   ,13.02616,77.59551,+91 99861 42210,
Raj Rasoi,Chinese        ,   ,12.90393,77.56201,+91 88805 20649,
Ab Foodz,Chinese        ,   ,12.90393,77.56201,+91 93433 77886,
Eastern Momos,Chinese        ,   ,12.97359,77.65133,+91 87222 61000,
Biryani Palace,Chinese        ,   ,12.96776,77.65385,+91 98451 50817,
Sri Krishna Chowki,        ,   ,12.97873,77.6369,+91 80 2526 0038,
Beau Belle Botique,        ,   ,12.93723,77.54469,+91 90359 81052,
Venkateshwara Bakery & Sweets,        ,   ,12.98872,77.54483,+91 89708 82195,
Sri Sai Narasimha Hot Chips,        ,   ,12.9262,77.55348,+91 99160 80049,
Fisherwoman,        ,   ,12.92736,77.67185,+91 96114 67111,
Sri Ganesh Juice & Chats,        ,   ,12.99903,77.57741,+91 91413 61791,
Sluurrp,Chinese        ,   ,13.03292,77.63522,+91 88846 27984,
Kivona's Kitchen,Indian        ,   ,12.906716,77.61132,+91 97409 21357,
Pragathi Bake Square,        ,   ,12.93629,77.61678,+91 99450 72394,
Bansuri Sweets,        ,   ,12.94092,77.62062,+91 80 6533 6707,
Chill,        ,   ,12.97187,77.74771,+91 80662 26969,
Shivanna Kabab Centere,Chinese        ,   ,13.04056,77.57953,+91 99720 11090,
New Al Kabab Center,Chinese        ,   ,13.04248,77.57917,+91 90086 78666,
Turquoise,        ,   ,12.90926,77.5757,+91 80 4245 6060,
Kamat Upahaar,Chinese        ,   ,12.90012,77.56994,,
Delicious Bite,Chinese        ,   ,13.03302,77.62125,+91 98865 65898,
Sasriakal B'Lore,        ,   ,12.99107,77.61414,+91 80 6050 9050,
Biriyani Kingdom,        ,   ,12.93629,77.61678,+91 80 4147 5030,
Airplane Restaurant,        ,   ,12.305119,76.70723,,
1947 Restaurant,Indian        ,   ,12.98368,77.54885,+91 80 2860 5666,
Hotel Maredian  Restaurant,Chinese        ,   ,12.86232,77.6501,+91 87922 83590,
Roti n' Boti,Indian        ,   ,12.958667,77.525276,+91 98865 88992,
Brik Oven,        ,   ,17.43034,78.43816,+91063649 24325,
Singh Saahab,        ,   ,12.9753,77.63039,+91 920607051,
Shiva Sai Fast Food,Indian Cafe       ,Vegetarian Friendly   ,13.04226,77.58195,+91 80 2351 1150,
Foodiction,        ,   ,12.93851,77.56152,+91 99161 07070,
Bhel Corner,        ,   ,12.94226,77.55799,+91 99800 97386,
Sangai Hotel,Chinese        ,   ,12.92091,77.66485,+91 80952 74672,
Rasoiis Restaurant,Chinese Indian Cafe      ,   ,13.03102,77.59989,+91 90361 62205,
Aapikka's Restaurant,Chinese        ,   ,13.06213,77.59149,+91 98867 06667,
White Petals Cafe,Chinese        ,   ,12.87501,77.54281,+91 90355 63530,
Brik Oven,Pizza        ,   ,12.932919,77.61415,+91 80 4099 8032,
Roadside Adda,Pizza        ,   ,13.030291,77.5635,+91 76768 27901,
New City Kitchen,Chinese        ,   ,13.02405,77.69372,+91 80 6568 1315,
Sky Lounge,Indian        ,   ,13.01437,77.658,+91 76981 81000,
Eden Food Park,Chinese        ,   ,13.01433,77.63633,+91 85537 77257,
Kabaab Junction,Chinese        ,   ,13.01073,77.62446,+91 80 6530 3100,
New Sagar,Chinese        ,   ,12.91951,77.63386,+91 99017 43557,
Hotel Sagar Restaurant,Chinese        ,   ,13.016,77.63492,+91 99724 15213,
Beach Villa Restro,Chinese International       ,   ,13.05728,77.64835,+91 97426 22111,
Burger King,        ,   ,12.975589,77.56021,+91 89767 70057,
Domino's Pizza,Pizza        ,   ,13.04099,77.61853,+91 80 6888 6888,
Friend's Fast Food Corner,Chinese        ,   ,13.06566,77.64347,+91 87220 61342,
Desi Dhaba,Chinese        ,   ,12.92206,77.64492,+91 97398 97924,
Biriyani Paradise,Chinese        ,   ,13.064,77.52689,+91 80 4125 1888,
Kanchi Delight Family Restaurant,Chinese        ,   ,12.92537,77.63604,+91 80 2571 5386,
Peppers Restaurant,Chinese        ,   ,13.05196,77.51542,+91 80 2668 4354,
Ambur Biryani,Chinese        ,   ,12.91935,77.61208,+91 90364 42687,
Biriyani House,Chinese        ,   ,12.92279,77.6757,+91 80 4965 3118,
Green Park,Chinese        ,   ,12.92437,77.6737,+91 82773 42342,
Banashankari Biryani Corner,Chinese        ,   ,12.93999,77.55347,+91 80 2642 2920,
Keralapurada Abiruchi Miltry Hotel Restaurant,Chinese        ,   ,12.91736,77.6061,+91 89716 76986,
Hoopla Bitess,Chinese        ,   ,12.92258,77.57103,+91 99166 18100,
Sharma's Punjabi Restaurant,Chinese        ,   ,12.91697,77.56858,+91 98458 33833,
A Biryani Junction,Chinese        ,   ,12.97062,77.654,+91 80 3249 3940,
Rags Resto,Chinese        ,   ,13.039457,77.65488,+91 98803 09988,
Xanadu,Chinese        ,   ,12.92416,77.61018,+91 97384 79440,
Vogga's Food Court,Chinese Cafe       ,   ,13.04065,77.59955,+91 80 6050 5999,
Hotel Suki's Restaurant,Chinese        ,   ,13.01393,77.58378,+91 80 2333 8443,
Royal Kadai,Chinese        ,   ,12.92203,77.60675,+91 80 4126 6996,
Hot N Spice Chinese Corner,Chinese        ,   ,13.00553,77.6226,+91 80 6563 6665,
Andhra Chillies,Chinese        ,   ,13.02097,77.68172,+91 91646 99900,
Wow China,        ,   ,12.980828,77.56317,+91 86180 34631,
Akshatha Shri,Chinese        ,   ,12.9967,77.54694,+91 80 2320 6999,
Flavour Square Express,Chinese        ,   ,13.03312,77.68294,+91 89048 26843,
Vaishavi Andhra Style Restaurant,Chinese        ,   ,13.02097,77.68172,+91 80 4219 6111,
Royal Restaurant,Chinese        ,   ,13.06502,77.54414,+91 89513 68885,
Sri Ranga Palace,Chinese        ,   ,12.9112,77.48464,+91 88845 67778,
Kusum Rolls,Chinese        ,   ,13.01217,77.68986,+91 88615 34173,
Taste Buds,Indian        ,   ,12.99278,77.57153,+91 99867 96856,
Guntoor Mirchi,        ,   ,,,,3
Hungroo,Chinese        ,   ,12.93343,77.63611,+91 96635 21065,
Royal Restaurant,Chinese        ,   ,13.06791,77.63117,+91 94489 13467,
Kalpaka,        ,   ,13.00728,77.64502,+91 80 2544 3137,
Dsa Home Food,Chinese Fast Food       ,   ,12.92105,77.60544,+91 98450 40679,
Madura Restaurant,        ,   ,12.97202,77.63259,,
Masala Art,        ,   ,13.03317,77.63511,,
Sri Akshayas,Chinese        ,   ,12.90869,77.61038,+91 80 4210 6262,
Chicken County,Chinese        ,   ,12.97332,77.5294,+91 80 2351 4456,
Madras Tiffins,Indian        ,   ,13.022232,77.64309,+91 98805 36567,
King's Way,        ,   ,12.98844,77.60286,,
The Bakery World,        ,   ,12.9938,77.5715,+91 99001 77000,
Drool,        ,   ,12.97402,77.62361,+91 95385 52427,
Sri Gajanana Fruit Juice Centre,        ,   ,12.99387,77.5715,+91 98444 10662,
Arunachala Special Bakery,        ,   ,12.92985,77.57546,+91 97404 00921,
Desi Dhaba,        ,   ,12.97402,77.62361,+91 99454 23510,
Santhosh Sweets,        ,   ,12.93262,77.56922,+91 80 2352 9411,
Fafi Juice Centre,        ,   ,12.92941,77.57538,+91 77606 84612,
Swad Corner,Chinese Fast Food       ,   ,12.90869,77.61038,+91 89041 84596,
Freezing Point,Chinese        ,   ,13.012813,77.62935,+91 99001 17995,
King's Court Dhaba,Chinese        ,   ,12.93799,77.55698,+91 99017 07330,
D' Chillys,Chinese        ,   ,12.89757,77.65116,+91 90668 39979,
Ammas Pastries,        ,   ,12.980759,77.61214,1.09E+11,
Green Loaf,        ,   ,12.98729,77.61241,+91 80 4127 9873,
MK Southern Pot,        ,   ,12.95584,77.7155,+91 80 4227 5743,
Cafe Stone,        ,   ,12.981368,77.61266,+91 98860 11847,
Cakezone,        ,   ,12.928319,77.54769,+91 91089 10862,
Crispy Paradise,Fast Food        ,   ,12.91666,77.60643,,
All Cakes,        ,   ,12.92851,77.58985,+91 80508 05111,
Prem's Biryani Ambur Style,        ,   ,12.8506,77.66089,+91 96115 55544,
Domino's Pizza,        ,   ,12.92226,77.65152,,
Sri Krishna Upahara,Fast Food        ,   ,13.00262,77.54067,+91 91646 42622,
Food Inn Restaurant,Chinese Cafe       ,   ,12.89643,77.61502,+91 80 6452 2625,
Thunder Hut,        ,   ,13.02844,77.59641,+91 81479 90012,
Rolls Corner,        ,   ,12.93512,77.57295,+91 90087 19754,
Brik Oven,Pizza        ,   ,12.87392,77.64217,9.16E+11,
Poppins-the Food Station,Diner        ,   ,12.96211,77.5225,+91 97380 02866,
Cool N Hot,Fast Food        ,   ,13.01271,77.66457,+91 70263 76649,
M.S.S Ambur Biriyani,Fast Food        ,   ,12.92429,77.63883,+91 98453 36177,
Stop N Joy,Fast Food        ,   ,12.90393,77.56201,+91 99802 09535,
Domino's Pizza,Pizza        ,   ,12.92091,77.66485,+91 80 4153 9994,
D Cafe Bangalore,Indian        ,   ,12.95415,77.64895,+91 95133 43707,
Lakshmi Sweets,        ,   ,,,+91 94804 50744,4
Chakochi Mess,        ,   ,12.93579,77.60798,+91 90365 68685,
Jethro's,American        ,   ,13.029465,77.63552,+91 99866 04554,
The Punjabi Rasoi -sarjapur Bengaluru,Indian        ,   ,12.91757,77.69842,+91 96112 33338,
Hunza,        ,   ,12.92551,77.63749,,
LJ Iyengar's Bakery and Sweets,        ,   ,12.92975,77.5943,+91 97429 61184,
Nature Fresh,        ,   ,12.9408,77.56483,+91 97383 03012,
Kabab Kurries Aur Kathi,Chinese Cafe       ,   ,12.98025,77.47824,+91 81053 83838,
Biggies Burger,American        ,   ,13.02245,77.63234,+91 98456 06060,
The Great Roll Factory,Fast Food        ,   ,12.91695,77.61249,+91 97421 92970,
Teeyem Bakers & Restaurants,Chinese Fast Food       ,   ,13.01359,77.63171,+91 96206 01133,
Vape Town Cafe,        ,   ,12.90328,77.64985,+91 73539 46096,
Karnataka Sugar Cane Juice Centre,        ,   ,12.84788,77.66233,,
Shanmugha,        ,   ,12.94209,77.61511,+91 99641 61888,
Five Star Chicken,Fast Food        ,   ,12.92091,77.66485,+91 87626 25666,
Shravanthi Andhra Mess,        ,   ,12.84742,77.67079,+91 97389 68677,
Clay Pot Restaurant,        ,   ,12.97267,77.65109,41255109,
Ambur Star Briyani,        ,   ,,,+91 80 2553 5573,4
Domino's Pizza,Pizza        ,   ,12.85924,77.56888,+91 80 2678 8008,
City Durbar,Indian        ,   ,12.928466,77.59652,+91 80 2245 8877,
Hotel Kevin Restaurant,Chinese        ,   ,13.00518,77.70292,+91 97399 56090,
Classic Bar and Restaurant,American        ,   ,12.98532,77.52506,+91 99720 90070,
Grand Chef,Chinese Cafe       ,   ,13.01344,77.63554,+91 80 3299 9119,
Sweet Chariot,        ,   ,12.9487,77.59916,+91 80 6566 3999,
Byts N Sips,Fast Food        ,   ,12.98025,77.47824,+91 99457 28741,
Indus Restaurant,American        ,   ,12.919926,77.61245,+91 88842 23731,
Fine Dinning Restaurant In Chennai,        ,   ,12.94749,77.60142,+91 94480 66084,
Desi Wok,Chinese        ,   ,,,+91 96200 33223,1
Adyar Ananda Bhavan,Indian        ,   ,12.9562,77.69439,+91 80 2522 9959,
Cafe Bangalore,        ,   ,12.93253,77.58598,+91 80 2663 7345,
Just Bunny,Indian        ,   ,12.931476,77.57819,+91 99627 48470,
Eagle Bakery & Sweets,        ,   ,12.95487,77.61837,+91 98453 05107,
New Surya Sweets,        ,   ,13.01028,77.53324,+91 99015 04001,
Lobo's Food Lounge,        ,   ,13.0213,77.63703,+91 80 4168 4596,
Sri Annapoorna Mess,        ,   ,12.89001,77.59992,+91 99868 65137,
Sri Gajanana Juice Center,        ,   ,,,,4
Sri Vinayaka Bhavan,        ,   ,12.88919,77.60229,+91 70260 36162,
Spicy Affair,Cafe        ,   ,12.88099,77.60905,+91 97389 91977,
Sri Venkateshwara Iyengar Bakery,        ,   ,12.90568,77.54282,+91 98808 53088,
Naama Kudia,        ,   ,12.91684,77.59103,+91 95385 42003,
Goldline Breadz,        ,   ,13.01624,77.63617,+91 96864 38287,
Namdhari's Salad Bar,Fast Food        ,   ,12.98532,77.53387,+91 80 2331 2496,
Sri Sai Krishna Crispy and Crenchy,        ,   ,12.92951,77.5892,+91 88617 60405,
Snack Pack,        ,   ,12.90915,77.64883,+91 78292 97700,
L J Iyengar's Bakery,        ,   ,12.94248,77.60813,+91 99010 32698,
Sri Venkateshwara Hot Chips,Fast Food        ,   ,12.95687,77.53086,+91 94806 66932,
Sneha Sagar,        ,   ,,,+91 93435 57201,4
Royal Cafe,        ,   ,12.91276,77.57751,,
P.K.M Bakery,        ,   ,12.90376,77.63114,+91 97456 41012,
Hotel Tasmiya Restaurant,        ,   ,12.95584,77.7155,,
The Mughal Kitchen - Indiranagar,Indian        ,   ,12.977962,77.63645,+91 72596 98322,
Midnight Express,        ,   ,12.93435,77.62362,+91 95381 00096,
Kumar Bakery,        ,   ,12.88111,77.60824,+91 98802 69093,
Hotel Zam Zam Restaurant,        ,   ,13.01232,77.69204,+91 80502 86750,
Domino's Pizza,Pizza        ,   ,13.04522,77.505486,+91 1800 208 1234,
Do It Chaat Cafe,Fast Food        ,   ,12.95595,77.69279,+91 78291 84898,
Karaavali Family Hotel Restaurant,Chinese        ,   ,,,+91 94495 44142,4
Recharge,        ,   ,12.93347,77.57411,+91 80 6444 4555,
Namkeen,        ,   ,,,+91 88677 30466,4
Jai Bherunath Sweets & Snacks Centre,        ,   ,13.02223,77.65051,+91 96638 46182,
Foodaholic,        ,   ,12.91321,77.559,+91 80880 42373,
Mu Greens And Greens,        ,   ,13.042701,77.57869,+91 97415 36972,
Peppy South,        ,   ,12.95584,77.7155,(+91) 80 6726633,
S L N Iyengar S Bakery,        ,   ,12.9787,77.63674,+91 94485 57633,
Asia in a Box,        ,   ,13.01803,77.51367,+91 80 4160 6454,
New Star Tea Corner,        ,   ,12.99071,77.61362,+91 98805 55036,
UK Foods,        ,   ,12.96178,77.51459,+91 99009 38365,
Swiss Naturals Ice Cream,        ,   ,12.93647,77.61538,+91 80 2297 1437,
Tejaswini Bar and Restaurant,American        ,   ,13.04091,77.50485,+91 99602 26830,
Yadavs Lunch,        ,   ,,,+91 97384 00722,4
Five Star Chicken,Chinese        ,   ,13.04026,77.59722,+91 99020 09323,
Coffee Metanoia,        ,   ,,,+91 90082 19476,
Banchharanm,        ,   ,12.93629,77.61678,+91 85532 17166,
Barista Lavazza,Fast Food        ,   ,12.88919,77.60229,+91 80670 80287,
Jyothi Bakery,        ,   ,12.93912,77.6193,+91 80 2571 1591,
Paramount,Diner        ,   ,12.9586,77.52608,,
Mazedaar,        ,   ,12.91621,77.60011,+91 95911 37876,
Vilana Hotel Restaurant,Chinese        ,   ,13.02741,77.63444,+91 95919 99170,
Flavours Of India,Indian        ,   ,12.98404,77.73724,+91 70344 44044,
Kundapura Lunch Home,        ,   ,12.95421,77.62064,,
Essotto Restaurant,        ,   ,12.96557,77.60625,,
Winni,Indian        ,   ,13.03222,77.68281,+91 89712 72132,
"Dumpling Hood      Phase 3b2, Mohali",        ,   ,30.70853,76.71868,+91 73090 00049,
Chic N Treat,Chinese        ,   ,12.976938,77.63722,1.08E+11,
Ab Mauri India,        ,   ,12.99248,77.57453,+91 80 6191 7900,
Ebony  Restaurant,Indian        ,   ,12.956678,77.73189,+91 80 4178 3344,
Shaan Restaurant,Chinese        ,   ,13.03113,77.60477,+91 99166 63975,
Subway,        ,   ,,,+91 80 6568 3185,3
Rolls on Wheels,        ,   ,12.95584,77.7155,+91 99803 98596,
Master Ka Zaika,Chinese        ,   ,12.97868,77.67563,+91 77601 69960,
Homely Curries & Pickles,Cafe        ,Vegetarian Friendly   ,12.92037,77.60605,+91 88845 58989,
Copper Bowls Restaurant,        ,   ,12.95584,77.7155,+91 80 2520 0144,
Al - Sarvy,Chinese Fast Food       ,   ,13.01541,77.66714,+91 80 6572 0777,
Al-zaiqa,Chinese        ,   ,13.01568,77.6186,+91 96204 93300,
Maa Lakshmi Family Restaurant,Chinese        ,   ,12.97168,77.65399,+91 99010 30624,
North Indian Food Point,Chinese        ,   ,12.93494,77.63541,+91 80956 33968,
Figo Deli,Pizza        ,   ,12.88507,77.60489,+91 90351 37298,
Sri Devi Darshini,Chinese        ,   ,12.92258,77.57103,+91 87488 38198,
Phileashogg,Chinese        ,   ,12.95847,77.70107,+91 98450 50241,
Dark Night Food,Chinese        ,   ,12.95863,77.50366,+91 88845 55506,
Sizzling Szechuan,Chinese        ,   ,13.015459,77.66676,+91 80 2531 6333,
Maduri Food Corner,Chinese        ,   ,12.92603,77.61113,+91 74110 67681,
Svkp Daily Fresh,Indian        ,   ,12.938074,77.55415,+91 99860 34581,
Belly Delight,Chinese        ,   ,12.90922,77.56323,9886138080,
Udupi Upahar,Chinese        ,   ,,,+91 80 2661 7918,3
Kilo Kurry,        ,   ,12.97229,77.66471,2525 6571,
Chowman,Chinese        ,   ,12.891249,77.5943,+91 1800 890 2150,
Rocket Wok,Chinese        ,   ,12.969883,77.63876,+91 98867 51605,
Shanghai Court,Chinese        ,   ,12.893494,77.610916,+91 80 4208 7188,
Megna's Pizza -unit Of Megna's Gourmet,Pizza        ,   ,12.93787,77.56669,+91 82967 31133,
Mathaji General Store,American        ,   ,13.00411,77.52146,+91 90358 13017,
Sichuan Court,Chinese        ,   ,12.97372,77.53178,+91 80 6444 0444,
Saritha Organics,        ,   ,12.928893,77.58647,+91 96867 23123,
Tandoor Rasoi,Chinese        ,   ,12.90869,77.61038,+91 80 2678 4033,
Kerala Foods,        ,   ,12.93801,77.56155,+91 99168 71860,
New Family Palace,Chinese        ,   ,13.02056,77.6763,+91 98804 65070,
Sri Sagar,Chinese        ,   ,13.03271,77.65778,+91 99851 75448,
Domino's Pizza,Pizza        ,   ,13.03342,77.56398,+91 80 6888 6888,
Rotie Express,        ,   ,12.93078,77.60362,+91 90080 00090,
The Khwaish Cafe & Restaurant,Chinese        ,   ,12.97344,77.67827,+91 80 4222 9296,
Snacafe,        ,   ,13.004479,77.75669,,
East End Family Restaurant,Chinese        ,   ,13.03162,77.64415,+91 80 2846 5095,
Naveen Kabab And Biriyani Mane,Chinese        ,   ,12.93799,77.55698,+91 98804 29379,
Kc Das Sweet Sensation,        ,   ,12.95584,77.7155,+91 80 6595 2185,
Nandi Chats Bhandar,        ,   ,12.913885,77.60774,+91 95350 86355,
Sreevaru Condiments & Chats,        ,   ,12.99387,77.5715,+91 99727 56373,
Alankar Family Restaurant,Chinese        ,   ,13.00762,77.63077,+91 72040 23410,
Taste Buds,Chinese Indian       ,   ,13.04663,77.52268,+91 80 2839 3190,
Balaji Food Court,Chinese        ,   ,12.92206,77.64492,+91 99800 87353,
Ann's Momos Chinese Kitchen,Chinese Thai       ,   ,13.00811,77.64655,+91 77958 51534,
Shanghai Kitchen,Chinese        ,   ,13.01825,77.63009,+91 80 2542 0514,
Tejas Restaurant,        ,   ,12.91648,77.61031,+91 80 4171 0362,
Kolkatta Chicken Rolls,        ,   ,,,+91 80 4125 5534,4
Rotiyana,Indian        ,   ,12.95424,77.64837,+91 84314 34551,
Spice Affair,Chinese        ,   ,12.95933,77.5414,,
Sri Hasanamba Iyenger Bakery & Sweets,        ,   ,13.03552,77.73732,+91 74112 30524,
Chickpet Donne Biriyani Corner Plus,Indian        ,   ,13.099037,77.58759,+91 90699 98444,
AL - Maeda Cafeteria,Fast Food        ,   ,13.01624,77.63617,,
Redcooker,Indian        ,   ,12.93298,77.63314,+91 80674 17904,
Sree Lakshmi Bakery,        ,   ,,,+91 98865 19950,4
Ambara Gardenia,Indian        ,   ,12.88974,77.59366,+91 81052 66066,
Taste Buds,Chinese        ,   ,12.91753,77.63289,+91 80504 43921,
Grand Restaurant,Chinese        ,   ,12.92095,77.60119,+91 80 2678 4555,
Navaithes Kitchen,Chinese        ,   ,13.00866,77.61339,+91 80 4210 7797,
Willis,        ,   ,12.85032,77.65553,+91 72040 08183,
By the Way Restaurant,Chinese        ,   ,12.97094,77.65398,+91 80 2684 0284,
New Taj Family Restaurant,        ,   ,13.0989,77.59761,+91 95350 74926,
Utopia Restaurant,Chinese        ,   ,12.92484,77.63779,+91 74067 40712,
Panjos Food Court,Chinese        ,   ,12.95002,77.65003,+91 80 6565 2221,
The Pizzeria,Pizza        ,   ,12.908547,77.650536,1.10E+11,
Hotel Taj Regency Restaurant,Chinese        ,   ,12.99736,77.69069,+91 80 6590 0000,
Hotel Jagadish Restaurant,Chinese        ,   ,12.95611,77.69797,+91 96323 85884,
Al Kabab Paradise,Chinese        ,   ,13.0663,77.6378,+91 93437 25613,
Cafe Au Lait 6th Avenue Hotel Restaurant,        ,   ,12.90235,77.63665,+91 80 4901 1000,
L J Iyengar's Bakery,        ,   ,12.93579,77.60798,,
Mainland China,Chinese        ,   ,13.0288,77.67347,+91 80 2268 2015,
Maratha Biriyani,        ,   ,12.93538,77.56077,+91 88616 94874,
Amber Crockery,        ,   ,12.98586,77.60693,1.08E+11,
Cafe Bangalore,Fast Food        ,   ,12.90694,77.61258,+91 95388 13421,
Shaahi Mezbaan Restaurant,Chinese        ,   ,12.9087,77.6043,+91 95352 06270,
Shandong Authentic Chinese Restaurant,Chinese        ,   ,13.049337,77.64568,+91 80 2844 4918,
Hungryyy,        ,   ,12.93199,77.60688,+91 80 4121 2302,
Grace Mess,        ,   ,12.92806,77.5942,+91 98805 52128,
Slv Juice Junction,        ,   ,12.94286,77.61965,+91 97317 55212,
Us Pizza Official,Pizza        ,   ,13.04065,77.59955,+91 91132 03422,
Hotel Zam Zam Restaurant,Chinese        ,   ,13.00934,77.62336,(+91) 80 2549163,
Asha's Ambur Biryani,        ,   ,13.06713,77.49323,+91 90350 01775,
Sree Ganesh Juice Center,        ,   ,,,+91 95354 25163,4
Salt N Pepper,Chinese Cafe       ,   ,12.87861,77.62393,+91 80507 13732,
Sangam Sweets,Indian        ,   ,12.911835,77.641266,+91 80 2572 3755,
AL - Khair,Chinese        ,   ,13.00432,77.61229,+91 99025 04039,
4C's Food Joint,Chinese        ,   ,12.99379,77.48009,+91 96320 94488,
A - 1 Family Restaurant,Chinese        ,   ,12.90177,77.56091,+91 99028 25325,
Trupthi Bar & Restaurant,Chinese        ,   ,13.01502,77.61507,+91 81478 89818,
Sri Lakshmi Juice & Chats,        ,   ,12.95515,77.55292,+91 95350 42613,
Sweet Paradise,        ,   ,13.09636,77.57847,+91 91642 67799,
Mavens,International        ,   ,12.92669,77.63353,+91 80 4965 3338,
Dairy Day Corner,        ,   ,12.92969,77.59367,+91 96633 79496,
Aishwarya Bakery,        ,   ,12.93077,77.60514,+91 99860 52221,
Apna Sagar Hyderabadi Dum Biryani,Chinese        ,   ,13.02076,77.65229,+91 80 4219 2312,
Mathrushri Sagar,        ,   ,12.92849,77.59257,+91 99006 02917,
Godavari Ruchulu,Chinese        ,   ,13.02727,77.63481,+91 96206 86820,
Lajawab Swadisht,Chinese        ,   ,12.89173,77.57318,+91 96320 95488,
Opel Lounge Bar,International        ,   ,13.02551,77.5622,+91 80 4259 5959,
Arun Ice Cream,        ,   ,12.93404,77.56269,+91 80 2590 5237,
Yaadgar Fast Food,        ,   ,13.09906,77.57618,+91 98450 22469,
A M Bakers,        ,   ,12.99186,77.60098,+91 81479 52778,
Hotel Srinidhi Restaurant,        ,   ,,,+91 93438 31844,4
Raghavendra Hot Chips,Fast Food        ,   ,12.90636,77.56326,+91 94452 45149,
Sapota Grove,        ,   ,12.85898,77.56951,+91 80 2842 9957,
Best Food,Chinese        ,   ,12.92033,77.60761,+91 90365 71223,
Biryani Bhavan,Indian        ,   ,12.994555,77.55522,+91 74065 57766,
Bangalore Kitchen Cafe,        ,   ,12.91267,77.65219,9513513575,
Cluckees,        ,   ,12.98515,77.74057,+91 88841 69388,
Shivas Juice & Ice Cream Parlour,Chinese        ,   ,12.90393,77.56201,+91 97425 13608,
Shake It,Fast Food        ,   ,13.02719,77.63332,+91 96203 86121,
V Star Juice Center,        ,   ,12.94092,77.62062,+91 94492 19164,
V. S. R Hotel,        ,   ,12.99387,77.5715,+91 99005 05537,
Biriyani Paradise,Chinese        ,   ,13.0063,77.61242,+91 80 2580 0051,
Rahul 's Ghar Ka Khana,Chinese        ,   ,13.02551,77.5622,+91 80 2360 5511,
Sri Ganesh Fast Food,Fast Food        ,   ,12.90823,77.55784,,
Hunger Desk,Chinese        ,   ,12.91539,77.63472,+91 80 4965 3010,
Choice Food Point,Chinese        ,   ,12.9279,77.61133,+91 91417 92725,
Royal Treat,        ,   ,12.90731,77.63771,+91 80 4115 3336,
Pizza Corner,Pizza        ,   ,12.92484,77.63779,+91 80 4411 2233,
Pizza Plus Nadiad,        ,   ,22.67741,72.8811,+91 90335 78478,
Iyengar Bakery,        ,   ,12.93629,77.61678,+91 81056 54998,
Indian Coffee Bar,Indian        ,   ,13.00431,77.70833,+91 99020 22111,
Kanaka Darshan,        ,   ,12.89001,77.59992,+91 98456 29073,
Desi Dhaba,Chinese        ,   ,13.05591,77.5477,+91 99161 89716,
